row_id,mdsdt_ok,mdsdt_secs,mdsdt_model,mdsdt_zx_0,mdsdt_zx_1,mdsdt_zx_2,mdsdt_zx_3,mdsdt_zy_0,mdsdt_zy_1,mdsdt_zy_2,mdsdt_zy_3,mdsdt_rho_0,mdsdt_rho_1,mdsdt_rho_2,mdsdt_rho_3,mdsdt_full_zx_0,mdsdt_full_zx_1,mdsdt_full_zx_2,mdsdt_full_zx_3,mdsdt_full_zy_0,mdsdt_full_zy_1,mdsdt_full_zy_2,mdsdt_full_zy_3,mdsdt_full_rho_0,mdsdt_full_rho_1,mdsdt_full_rho_2,mdsdt_full_rho_3,grtools_ok,grtools_secs,grtools_model,grtools_zx_0,grtools_zx_1,grtools_zx_2,grtools_zx_3,grtools_zy_0,grtools_zy_1,grtools_zy_2,grtools_zy_3,grtools_rho_0,grtools_rho_1,grtools_rho_2,grtools_rho_3,grtools_bound_a1,grtools_bound_a2,grtools_1rep_ok,grtools_1rep_secs,grtools_1rep_model
0,TRUE,0.10144710540771484,"{PI, PS, DS}",-1.8696064827009864,-1.8696064827009864,0.4922868698483833,0.4922868698483833,-0.9352672623278202,1.3596388349009374,-0.9352672623278202,1.3596388349009374,0,0,0,0,-1.8829917018355984,-1.8557299227201105,0.5168467276526095,0.4676987991145086,-0.9187832501485357,1.2206403488473496,-0.9500137556693218,1.501085946044025,0.40511221306145506,-0.5444861005632319,0.14369715343662737,0.11121156576058078,FALSE,28.711931943893433,"GRT-{PI, PS, DS}",-2.764023086946215,-2.764023086946215,0.5110248967869979,0.5110248967869979,-1.0083346855142463,1.5501707746253177,-1.0083346855142463,1.5501707746253177,0,0,0,0,-2.764023086946215,-1.0083346855142463,FALSE,3.1991820335388184,"GRT-{PI, PS, DS}"
1,TRUE,0.09250283241271973,"{PI, PS, DS}",-1.2670756610793328,-1.2670756610793328,1.295574913614539,1.295574913614539,-0.38532046640756773,1.2815502628775355,-0.38532046640756773,1.2815502628775355,0,0,0,0,-1.2815515655446004,-1.2521195202652193,1.2815515655446004,1.3091717167857773,-0.25334710313579994,1.2521195202652193,-0.5244005127080408,1.3091717167857773,0.14438673509312774,-0.7298339461158496,-0.29906974604694037,0.7427445908224026,FALSE,26.21745014190674,"GRT-{PI, PS, DS}",-3.31491397356236,-3.31491397356236,2.837182872886213,2.837182872886213,-0.4889948048715245,3.176916997394133,-0.4889948048715245,3.176916997394133,0,0,0,0,-3.31491397356236,-0.4889948048715245,FALSE,2.8042454719543457,"GRT-{PI, PS, DS}"
2,TRUE,0.07661557197570801,"{PI, PS, DS}",-1.382984224003293,-1.382984224003293,1.0522541497126738,1.0522541497126738,-0.7124419472079624,1.041003592272328,-0.7124419472079624,1.041003592272328,0,0,0,0,-1.335177736118937,-1.4260768722728474,1.0364333894937896,1.067570523878142,-0.7478585947633024,1.0200762327862019,-0.6744897501960819,1.067570523878142,0.4162690275702851,-0.5453807197920847,-0.15972546641246282,0.42482046736028456,FALSE,35.23012733459473,"GRT-{PI, PS, DS}",-2.7199222400698053,-2.7199222400698053,1.550676165704222,1.550676165704222,-0.9198718178665926,1.4266641256273067,-0.9198718178665926,1.4266641256273067,0,0,0,0,-2.7199222400698053,-0.9198718178665926,FALSE,3.330476760864258,"GRT-{PI, PS, DS}"
3,TRUE,0.0814671516418457,"{PI, PS, DS}",-0.5659488219328612,-0.5659488219328612,1.681877520137694,1.681877520137694,-1.6637927338632705,0.17409777996856846,-1.6637927338632705,0.17409777996856846,0,0,0,0,-0.5443409149356107,-0.5867419200763473,1.7116753065097288,1.6606976105540419,-1.8186455928500607,0.10291203372144468,-1.5123895860676804,0.24500622303732086,0.2459861440427197,0.22214479863935946,-0.7167998040915086,-0.08874185818963948,FALSE,36.48636054992676,"GRT-{PI, PS, DS}",-0.6047774153769154,-0.6047774153769154,2.5371519894242778,2.5371519894242778,-2.191071323337577,0.18659544927107818,-2.191071323337577,0.18659544927107818,0,0,0,0,-0.6047774153769154,-2.191071323337577,FALSE,3.480893135070801,"GRT-{PI, PS, DS}"
4,TRUE,0.08045315742492676,"{PI, PS, DS}",-2.027599206591271,-2.027599206591271,1.2854630246352237,1.2854630246352237,-0.9635275738772331,2.0458603932237454,-0.9635275738772331,2.0458603932237454,0,0,0,0,-1.9350828275345233,-2.145778426818298,1.3255425272698824,1.2366522415199068,-0.9718486924642756,2.0919110967469563,-0.95699667071119765,2.00423357987982,0.13060657737445805,-0.44975213743380876,0.041666231468601225,-0.01880486046794305,TRUE,34.97372055053711,"GRT-{PI, PS, DS}",-2.077188530878237,-2.077188530878237,1.2896062471117058,1.2896062471117058,-0.9656159243237069,2.0948391950022622,-0.9656159243237069,2.0948391950022622,0,0,0,0,-2.077188530878237,-0.9656159243237069,FALSE,3.3487114906311035,"GRT-{PI, PS, DS}"
5,TRUE,0.08263039588928223,"{PI, PS(B), DS}",-0.841621233572914,-1.5763614436960824,1.7365070052471263,1.574444965217043,-0.5637611913857004,0.5903234470261155,-0.5637611913857004,0.5903234470261155,0,0,0,0,-0.8416212335729143,-1.5763614436960824,1.736507005247126,1.574444965217043,-0.6662314746056688,0.777639429798439,-0.46885223825071864,0.44842548330593457,-0.09674446139548813,0.03174801884731263,0.0947733174861516,0.22404164622110834,FALSE,33.47211480140686,"GRT-{PI, PS(B), DS}",-0.8899196280528366,-1.7978468280119677,2.0411973786468156,1.7046219046810602,-0.5936065864514047,0.6275260621318784,-0.5936065864514047,0.6275260621318784,0,0,0,0,-0.8899196280528366,-0.5936065864514047,TRUE,4.256309986114502,"GRT-{PI, PS(B), DS}"
6,TRUE,0.07116937637329102,"{PI, PS, DS}",-0.43072729929545767,-0.43072729929545767,0.4307272992954578,0.4307272992954578,-0.43072729929545767,0.4307272992954578,-0.43072729929545767,0.4307272992954578,0,0,0,0,-0.43072729929545744,-0.4307272992954575,0.43072729929545767,0.43072729929545756,-0.43072729929545744,0.43072729929545767,-0.4307272992954575,0.43072729929545756,0.39669078245036643,-0.3966907824503664,-0.3966907824503664,0.3966907824503665,TRUE,14.988717317581177,"GRT-{PI, PS, DS}",-2.915721452419343,-2.915721452419343,3.861354971045477,3.861354971045477,-3.5366117089395734,3.298589189567923,-3.5366117089395734,3.298589189567923,0,0,0,0,-2.915721452419343,-3.5366117089395734,TRUE,0.8779065608978271,"GRT-{PI, PS, DS}"
7,TRUE,0.06990599632263184,"{PI, PS, DS}",-1.446103585860445,-1.446103585860445,1.3144962914639993,1.3144962914639993,0.1300185833068613,0.1282398259803081,0.1300185833068613,0.1282398259803081,0,0,0,0,-1.5179291595942788,-1.3597373839386058,1.2206403488473496,1.4260768722728472,0.20354423153248669,0.1642107770793311,0.04643572477052682,0.09655861528963933,-0.10417925404939132,-0.0902202438787156,-0.22041864351049376,0.051470439871135865,TRUE,35.31622767448425,"GRT-{PI, PS, DS}",-3.1390177728387165,-3.1390177728387165,2.0838496070814747,2.0838496070814747,0.14333005558348813,0.16093636583265217,0.14333005558348813,0.16093636583265217,0,0,0,0,-3.1390177728387165,0.14333005558348813,TRUE,4.117776393890381,"GRT-{PI, PS, DS}"
8,TRUE,0.09182047843933105,"{PI, PS(B), DS}",-0.8340455451790013,-1.2670757512664443,1.6959907045502698,1.937931510852829,-1.3919600436069808,1.1907127558582893,-1.3919600436069808,1.1907127558582893,0,0,0,0,-0.8340455451790011,-1.2670757512664443,1.69599070455027,1.9379315108528292,-1.3715204728028318,1.1349166179934915,-1.4141993772446095,1.2521195202652196,0.28799321467326766,0.13618153318586967,-0.3709865742938673,0.36582648818277236,FALSE,34.019651651382446,"GRT-{PI, PS, DS}",-1.1271344529551566,-1.1271344529551566,2.1221930231414126,2.1221930231414126,-1.5305644189795944,1.2846905047791435,-1.5305644189795944,1.2846905047791435,0,0,0,0,-1.1271344529551566,-1.5305644189795944,FALSE,3.9590506553649902,"GRT-{PI, PS, DS}"
9,TRUE,0.09947419166564941,"{PI, PS(A), DS}",-1.0927305429638914,-1.0927305429638914,1.281542946547279,1.281542946547279,-0.43072729929545767,1.3829941271006387,-1.0200762327862016,0.6744897501960819,0,0,0,0,-1.044408794872596,-1.1503493803760083,1.1983797023069247,1.3829941271006385,-0.43072729929545783,1.3829941271006387,-1.0200762327862014,0.6744897501960819,0.2762335503462192,-0.6281985439000657,-0.3643447233476116,0.36707002112674514,FALSE,34.86775064468384,"GRT-{PI, PS, DS}",-1.4865096324263116,-1.4865096324263116,1.9769466689020878,1.9769466689020878,-0.8427048399600108,1.2740907654961982,-0.8427048399600108,1.2740907654961982,0,0,0,0,-1.4865096324263116,-0.8427048399600108,FALSE,4.066209554672241,"GRT-{PI, PS, DS}"
10,TRUE,0.0907740592956543,"{PI, PS, DS}",-1.309171617724163,-1.309171617724163,1.6567947658159776,1.6567947658159776,-0.18001236979265098,1.2751753301408986,-0.18001236979265098,1.2751753301408986,0,0,0,0,-1.1024403670151646,-1.5233963507186317,1.644853626951473,1.6683911939470797,-0.10179559909470465,1.3715204728028318,-0.2533471031357998,1.179761117611861,-0.4211233571045544,-0.5069780416702862,-0.12283370591175635,0.5678332734218733,FALSE,37.00261354446411,"GRT-{PI, PS, DS}",-1.6044497281458767,-1.6044497281458767,2.8713745656374456,2.8713745656374456,-0.18959475555948085,1.5615127250628036,-0.18959475555948085,1.5615127250628036,0,0,0,0,-1.6044497281458767,-0.18959475555948085,TRUE,4.247107982635498,"GRT-{PI, PS, DS}"
11,TRUE,0.07350635528564453,"{PI, PS, DS}",-1.4260768722709272,-1.4260768722709272,0.5659488219255805,0.5659488219255805,-0.13468979385459942,0.7582925569901442,-0.13468979385459942,0.7582925569901442,0,0,0,0,-1.335177736118937,-1.5341205443525465,0.6406668899191051,0.5024022233733558,-0.2690661378543143,0.7764217611479276,0.05451891484810108,0.7363159173761294,0.3747319746796987,-0.39506376864745846,0.04377297686577526,-0.32278408645593876,FALSE,28.877533197402954,"GRT-{PI, PS, DS}",-2.068684800900083,-2.068684800900083,0.6975558116872396,0.6975558116872396,-0.1487524967249316,0.9210669514478964,-0.1487524967249316,0.9210669514478964,0,0,0,0,-2.068684800900083,-0.1487524967249316,TRUE,2.6500608921051025,"GRT-{PI, PS, DS}"
12,TRUE,0.0749661922454834,"{PI, PS, DS}",-0.6482543041377599,-0.6482543041377599,2.1450453738492445,2.1450453738492445,-0.3012777241840561,0.3029803948051328,-0.3012777241840561,0.3029803948051328,0,0,0,0,-0.6342373651655665,-0.6581890397842031,2.012530566872195,2.3374176989919753,-0.30159218927524106,0.29810241293048706,-0.30100990689988505,0.3090525494578221,0.08603256851418789,0.05370966243973482,-0.200420291094994,-0.045332882901800896,TRUE,38.11359190940857,"GRT-{PI, PS, DS}",-0.6525664665901926,-0.6525664665901926,2.4307128481673272,2.4307128481673272,-0.29603761589065863,0.30659926862977976,-0.29603761589065863,0.30659926862977976,0,0,0,0,-0.6525664665901926,-0.29603761589065863,TRUE,3.849283218383789,"GRT-{PI, PS, DS}"
13,TRUE,0.09493875503540039,"{PI, PS, DS}",-1.618196424748837,-1.618196424748837,2.1676057418441967,2.1676057418441967,-0.6142312890602457,1.5471941922007864,-0.6142312890602457,1.5471941922007864,0,0,0,0,-1.6759397227734443,-1.5792195192835747,2.1538746940614564,2.180815302168275,-0.7502153754679403,1.6311572515097648,-0.48877641111466963,1.453859001642674,-0.10186855182693917,-0.1835128418045132,-0.1947444288633603,0.5745780400058912,FALSE,38.5306441783905,"GRT-{PI, PS, DS}",-1.7331686503511592,-1.7331686503511592,3.0146718554107426,3.0146718554107426,-0.632333771550877,1.6527981701423062,-0.632333771550877,1.6527981701423062,0,0,0,0,-1.7331686503511592,-0.632333771550877,TRUE,4.640835285186768,"GRT-{1_RHO, PS, DS}"
14,FALSE,0.005506992340087891,ERROR: missing value where TRUE/FALSE needed,NA,NA,NA,NA,NA,NA,NA,NA,NA,NA,NA,NA,NA,NA,NA,NA,NA,NA,NA,NA,NA,NA,NA,NA,FALSE,35.313339710235596,"GRT-{PI, PS, DS}",-2.6841507323340967,-2.6841507323340967,1.3626595250151188,1.3626595250151188,-2.0372052648964574,-0.2050951423476166,-2.0372052648964574,-0.2050951423476166,0,0,0,0,-2.6841507323340967,-2.0372052648964574,FALSE,4.206124544143677,"GRT-{PI, PS, DS}"
15,TRUE,0.07164192199707031,"{PI, PS, DS}",-1.8027430901866641,-1.8027430901866641,0.21690442598160198,0.21690442598160198,-0.30824654619055286,0.569575694896366,-0.30824654619055286,0.569575694896366,0,0,0,0,-1.7506860712521704,-1.8485962885014087,0.2533471031357995,0.1867561210637375,-0.3054807880993974,0.5524425846467743,-0.3113223796441415,0.5894557978497785,0.14181330448137863,-0.24672388444935808,0.2725694682587748,-0.1970313285882648,TRUE,31.675557613372803,"GRT-{PI, PS, DS}",-2.6837480154994444,-2.6837480154994444,0.23647806537712412,0.23647806537712412,-0.3316198250083781,0.6180552334166576,-0.3316198250083781,0.6180552334166576,0,0,0,0,-2.6837480154994444,-0.3316198250083781,FALSE,2.912590503692627,"GRT-{PI, PS, DS}"
16,TRUE,0.07861995697021484,"{PI, PS, DS}",-0.7793829042665188,-0.7793829042665188,0.38267495796007983,0.38267495796007983,-0.2595358267394504,2.0637064942913232,-0.2595358267394504,2.0637064942913232,0,0,0,0,-0.8461369665610323,-0.6888636267088741,0.44783110512949287,0.3118076340172425,-0.3092941352598141,2.2075920006975167,-0.20170327917030656,1.9617419847649078,0.15008172692386829,-0.4236947470207789,0.025497469853212266,-0.05062587489299158,TRUE,32.3388295173645,"GRT-{PI, PS, DS}",-0.7993861593221906,-0.7993861593221906,0.39648818084890036,0.39648818084890036,-0.25632469041516587,2.32022184333136,-0.25632469041516587,2.32022184333136,0,0,0,0,-0.7993861593221906,-0.25632469041516587,FALSE,3.4012978076934814,"GRT-{PI, PS, DS}"
17,TRUE,0.08650803565979004,"{PI, PS, DS}",-2.0868646721918114,-2.0868646721918114,2.118535960857595,2.118535960857595,-0.24999786880190505,1.147971347980663,-0.24999786880190505,1.147971347980663,0,0,0,0,-2.197678454649642,-1.9874278859298962,2.255588955463176,1.9841053711891634,-0.14955098542134235,1.1131942771609287,-0.33856193917229654,1.1844866635486269,0.05866160992545857,-0.2962542016115507,-0.13015173724071957,0.32859092354016456,TRUE,31.731123447418213,"GRT-{PI, PS, DS}",-2.398048676049227,-2.398048676049227,2.404908577392247,2.404908577392247,-0.24649061093754204,1.2048943809389985,-0.24649061093754204,1.2048943809389985,0,0,0,0,-2.398048676049227,-0.24649061093754204,FALSE,3.9913036823272705,"GRT-{PI, PS, DS}"
18,TRUE,0.08054280281066895,"{1_RHO, PS, DS}",-2.5064842202516,-2.5064842202516,1.951654788894006,1.951654788894006,-0.3483455668213428,1.650239500996706,-0.3483455668213428,1.650239500996706,-0.16278267674886557,-0.16278267674886557,-0.16278267674886557,-0.16278267674886557,-2.4411323352217162,-2.5926555762822416,1.923136297087941,1.988872041458612,-0.3152626705158294,1.7361366094441484,-0.3826669574692875,1.5810412201570794,-0.18530198359606978,-0.46470912117523633,-0.16601454960517245,0.01996785015898916,TRUE,39.329822063446045,"GRT-{1_RHO, PS, DS}",-2.2937397618398587,-2.2937397618398587,2.0819175240127117,2.0819175240127117,-0.3535639898212747,1.6785768377953736,-0.3535639898212747,1.6785768377953736,-0.21834235369582555,-0.21834235369582555,-0.21834235369582555,-0.21834235369582555,-2.2937397618398587,-0.3535639898212747,TRUE,3.345717668533325,"GRT-{1_RHO, PS, DS}"
19,TRUE,0.09432244300842285,"{PI, PS, DS}",-7.474003924304208e-17,-7.474003924304208e-17,-0.09655861517462846,-0.09655861517462846,-0.3661063568005698,0.2933812320931578,-0.3661063568005698,0.2933812320931578,0,0,0,0,0.18001236979270552,-0.18001236979270524,-0.5659488219328632,0.43072729929545756,-0.5659488219328631,0.18001236979270516,-0.18001236979270524,0.43072729929545756,-0.15138996199042598,0.263155638961282,0.15138996199042587,0.3966907824503665,TRUE,29.97296667098999,"GRT-{PI, PS, DS}",0.008066058506193548,0.008066058506193548,-0.25769151222025577,-0.25769151222025577,-0.9506216325689926,0.8382882989768948,-0.9506216325689926,0.8382882989768948,0,0,0,0,0.008066058506193548,-0.9506216325689926,TRUE,3.3590426445007324,"GRT-{PI, PS, DS}"
20,TRUE,0.08727717399597168,"{PI, PS, DS}",-0.10137263534073572,-0.10137263534073572,1.8959170463556885,1.8959170463556885,-1.9379315103702885,0.876142849246807,-1.9379315103702885,0.876142849246807,0,0,0,0,-0.1497620124446272,-0.04884984243636214,1.8895099603334302,1.9022164957820156,-1.980752396647279,0.8603241400016762,-1.8895099603334304,0.8938006311794893,0.06356249733829812,-0.21064138019473488,-0.8368521214737517,0.39115094813713863,FALSE,26.913535118103027,"GRT-{PI, PS, DS}",-0.09792377783298675,-0.09792377783298675,2.7787408699513167,2.7787408699513167,-2.6712770890672366,0.9547951160524604,-2.6712770890672366,0.9547951160524604,0,0,0,0,-0.09792377783298675,-2.6712770890672366,TRUE,2.806083917617798,"GRT-{PI, PS, DS}"
21,TRUE,0.12036943435668945,"{PS, DS}",-1.0867903325860981,-1.0867903325860981,1.1835068747677893,1.1835068747677893,-1.1491131057543076,1.2308184810017897,-1.1491131057543076,1.2308184810017897,0.6352924371675905,-0.6623975821927551,-0.6096838255697739,0.6161437840470316,-1.1243382315686392,-1.17498679206609,0.876142849246841,1.4050715603096324,-1.3597373839386058,1.4050715603096324,-0.876142849246841,1.17498679206609,0.620549611829673,-0.6352650235725145,-0.6189544530937426,0.6352650235725144,FALSE,35.36224842071533,"GRT-{PI, PS, DS}",-1.6764186086496846,-1.6764186086496846,1.663086592067146,1.663086592067146,-1.5900430253908455,1.9981607495357268,-1.5900430253908455,1.9981607495357268,0,0,0,0,-1.6764186086496846,-1.5900430253908455,FALSE,3.7738280296325684,"GRT-{PI, PS, DS}"
22,TRUE,0.09212040901184082,"{PI, PS, DS}",-0.7783403259676918,-0.7783403259676918,1.446103212842641,1.446103212842641,-0.6883558642533758,1.3037826721034869,-0.6883558642533758,1.3037826721034869,0,0,0,0,-0.70187259542196,-0.8694237732888858,1.4652337926855228,1.4260768722728472,-0.5951785333332779,1.1983797023069247,-0.7916386077433746,1.4260768722728472,0.022711180501059643,-0.26800629084840266,-0.41526768095190364,0.7667258259559345,FALSE,29.082735538482666,"GRT-{PI, PS, DS}",-0.9624857679321569,-0.9624857679321569,2.7488094101030702,2.7488094101030702,-0.8379598622268358,2.069140985594286,-0.8379598622268358,2.069140985594286,0,0,0,0,-0.9624857679321569,-0.8379598622268358,FALSE,3.1729588508605957,"GRT-{PI, PS, DS}"
23,TRUE,0.0934751033782959,"{PI, PS, DS}",-0.8694237731190625,-0.8694237731190625,0.9674215661017009,0.9674215661017009,-1.0444087943054616,-0.13001858330604926,-1.0444087943054616,-0.13001858330604926,0,0,0,0,-0.9674215661017012,-0.7916386077433746,0.8416212335729142,1.1107716166367858,-0.9674215661017012,-0.3661063568005697,-1.110771616636786,0.08365173390712924,0.650707626091091,-0.04721130094898552,-0.5232988538622285,0.05181266290197174,FALSE,33.841363191604614,"GRT-{PI, PS, DS}",-1.5161239683969336,-1.5161239683969336,1.6659278345792092,1.6659278345792092,-2.886226974556079,-0.19316294722656036,-2.886226974556079,-0.19316294722656036,0,0,0,0,-1.5161239683969336,-2.886226974556079,FALSE,3.1243836879730225,"GRT-{PI, PS, DS}"
24,TRUE,0.08900260925292969,"{PI, PS, DS}",-0.2144595862641447,-0.2144595862641447,1.1749867909133076,1.1749867909133076,-1.4260768722366546,1.4157020900219357,-1.4260768722366546,1.4157020900219357,0,0,0,0,-0.31863936396437503,-0.1300185833070844,1.2418667918433204,1.0968035620935135,-1.3829941271006385,1.483539859401297,-1.465233792685523,1.335177736118937,0.17324017055003177,-0.06755525666632342,-0.6536083589131082,0.6122357317963674,TRUE,27.231481075286865,"GRT-{PI, PS, DS}",-0.26177862176083344,-0.26177862176083344,1.6796454521156168,1.6796454521156168,-3.051174733989579,3.7617024525181684,-3.051174733989579,3.7617024525181684,0,0,0,0,-0.26177862176083344,-3.051174733989579,TRUE,2.9367306232452393,"GRT-{PI, PS, DS}"
25,TRUE,0.07561445236206055,"{PI, PS, DS}",-1.1349166179831107,-1.1349166179831107,-0.48877641049967857,-0.48877641049967857,-1.1868314317659505,0.033879835403477075,-1.1868314317659505,0.033879835403477075,0,0,0,0,-1.2521195202652193,-1.0364333894937896,-0.25334710313579967,-0.7215222839823432,-1.2521195202652193,0.12566134685507435,-1.1107716166367858,-0.07379127380827234,0.7298339461158496,0.19217891486077945,0.15695887755327997,0.056464642782900205,FALSE,33.49112558364868,"GRT-{PI, PS, DS}",-1.9327801968447822,-1.9327801968447822,-0.6875492094114066,-0.6875492094114066,-3.0398140488068877,0.05761438978200717,-3.0398140488068877,0.05761438978200717,0,0,0,0,-1.9327801968447822,-3.0398140488068877,FALSE,3.647744655609131,"GRT-{PI, PS, DS}"
26,TRUE,0.07264995574951172,"{PI, PS, DS}",-0.3722893604127962,-0.3722893604127962,0.6744897489899424,0.6744897489899424,-0.7582925564743632,1.2298587528037046,-0.7582925564743632,1.2298587528037046,0,0,0,0,-0.5157047936930382,-0.21779837992739895,0.5828415072712163,0.7435597568794307,-0.6985257103450601,1.0896619819461073,-0.8416212335729144,1.3676279233156887,-0.12027479577853842,0.2730454691696373,0.1774464433509773,0.17430420774899594,TRUE,25.70417094230652,"GRT-{PI, PS, DS}",-0.42863399047846834,-0.42863399047846834,0.7931085156619555,0.7931085156619555,-0.9326168225834098,1.6251010946854292,-0.9326168225834098,1.6251010946854292,0,0,0,0,-0.42863399047846834,-0.9326168225834098,TRUE,2.997800827026367,"GRT-{PI, PS, DS}"
27,TRUE,0.356447696685791,"{PI, PS(B), DS}",-1.7267243715470445e-16,-0.22688544453587908,1.6198562586382697,1.1024403670151648,-1.507904591440559,0.4247037749453341,-1.507904591440559,0.4247037749453341,0,0,0,0,2.860757644599263e-16,-0.2268854445358791,1.6198562586382697,1.1024403670151648,-1.6198562586382697,0.4307272992954575,-1.4121875789061642,0.41837128791165434,-0.31602666305794924,0.060609919770573194,-0.38324591928528784,-0.2498433396603409,FALSE,30.8175687789917,"GRT-{PI, PS, DS}",-0.1291816416000898,-0.1291816416000898,1.4929233602262528,1.4929233602262528,-1.7216744010680545,0.4507168480212198,-1.7216744010680545,0.4507168480212198,0,0,0,0,-0.1291816416000898,-1.7216744010680545,FALSE,2.737994432449341,"GRT-{PI, PS, DS}"
28,TRUE,0.08829498291015625,"{PI, PS, DS}",-1.83090921971314,-1.83090921971314,0.21605180249720266,0.21605180249720266,-1.8000275490864839,1.1061612848087767,-1.8000275490864839,1.1061612848087767,0,0,0,0,-1.7746883070113355,-1.9022164957820156,0.22988411757923174,0.19709908429431192,-1.6387476645753805,1.2815515655446004,-2.00042356910598,0.9467817563010459,0.5894594077482995,-0.5614880487935714,-0.09685459757344991,0.05602001277255178,FALSE,33.793763160705566,"GRT-{PI, PS, DS}",-2.2872674486613422,-2.2872674486613422,0.2197426526962265,0.2197426526962265,-2.363997646761796,1.2494702020198245,-2.363997646761796,1.2494702020198245,0,0,0,0,-2.2872674486613422,-2.363997646761796,FALSE,3.289867401123047,"GRT-{PI, PS, DS}"
29,TRUE,0.061879873275756836,"{PI, PS, DS}",-0.31863936396437503,-0.31863936396437503,0.6744897501960819,0.6744897501960819,-0.6744897501960819,0.31863936396437503,-0.6744897501960819,0.31863936396437503,0,0,0,0,-0.31863936396437487,-0.3186393639643751,0.6744897501960816,0.6744897501960818,-0.6744897501960818,0.3186393639643751,-0.6744897501960816,0.31863936396437487,0.2509941625913529,0.10910002003040904,-0.5342895672253395,0.2509941625913529,FALSE,28.421537160873413,"GRT-{PI, PS, DS}",-0.6716237583470245,-0.6716237583470245,3.5121877878473082,3.5121877878473082,-3.247097424710366,0.6789635564139491,-3.247097424710366,0.6789635564139491,0,0,0,0,-0.6716237583470245,-3.247097424710366,FALSE,2.894153356552124,"GRT-{PI, PS, DS}"
30,TRUE,0.07137417793273926,"{PI, PS, DS}",-1.257159396562807,-1.257159396562807,1.008044169161959,1.008044169161959,-0.18598153072930654,1.0725668922264462,-0.18598153072930654,1.0725668922264462,0,0,0,0,-1.2815515655446004,-1.2313772057634214,0.9891686273406354,1.0245923925400988,-0.29673783825989825,1.0561294201171838,-0.08094729048129622,1.0853249080767589,0.16912833775864397,-0.05241351229233982,-0.2173812699890675,0.11777891546219003,FALSE,29.842896461486816,"GRT-{PI, PS, DS}",-1.4594077493451592,-1.4594077493451592,1.110909447107708,1.110909447107708,-0.18142730235274077,1.1685101653969514,-0.18142730235274077,1.1685101653969514,0,0,0,0,-1.4594077493451592,-0.18142730235274077,FALSE,3.6418797969818115,"GRT-{PI, PS, DS}"
31,TRUE,0.08213162422180176,"{PI, PS, DS}",-1.140763676042345,-1.140763676042345,1.2815514902264245,1.2815514902264245,-0.39932306734953926,0.8902468872562089,-0.39932306734953926,0.8902468872562089,0,0,0,0,-0.9208229763683793,-1.3676279233156887,1.1107716166367858,1.4395314709384561,-0.3661063568005695,0.948535040826638,-0.4307272992954577,0.8416212335729141,0.07754064967730934,-0.2922408627762854,0.14729419507813615,0.22260969912171313,FALSE,29.00027847290039,"GRT-{PI, PS, DS}",-1.4556719249226306,-1.4556719249226306,1.6740483945379183,1.6740483945379183,-0.4798643592857762,1.046030624737032,-0.4798643592857762,1.046030624737032,0,0,0,0,-1.4556719249226306,-0.4798643592857762,FALSE,3.5395047664642334,"GRT-{PI, PS, DS}"
32,TRUE,0.10106968879699707,"{PI, PS, DS}",-1.292802617511727,-1.292802617511727,1.3597366496575212,1.3597366496575212,-0.9944292951825805,1.2459796286927687,-0.9944292951825805,1.2459796286927687,0,0,0,0,-1.1983797023069247,-1.4050715603096324,1.3829941271006385,1.335177736118937,-1.1983797023069247,1.17498679206609,-0.8122178014999129,1.335177736118937,0.4822530220890361,-0.6352650235725144,-0.4423139374482946,0.7483560128963014,TRUE,34.87972950935364,"GRT-{PI, PS, DS}",-1.9767523086099634,-1.9767523086099634,2.8826797903938797,2.8826797903938797,-1.309620732534902,1.9204424503675177,-1.309620732534902,1.9204424503675177,0,0,0,0,-1.9767523086099634,-1.309620732534902,FALSE,3.0488269329071045,"GRT-{PI, PS, DS}"
33,TRUE,0.08606624603271484,"{1_RHO, PS, DS}",-0.7568038267105722,-0.7568038267105722,1.4817090299785538,1.4817090299785538,-0.08666980371325146,0.5254724698968644,-0.08666980371325146,0.5254724698968644,0.1574674893028742,0.1574674893028742,0.1574674893028742,0.1574674893028742,-0.8705498301956544,-0.6799253583541529,1.3792030179724182,1.6166203108543595,-0.19167090224842073,0.4561586994717063,-0.008764546736828182,0.6082127828735222,0.34839513426741137,0.04078432044633832,-0.0047722410956260695,0.29855723149796853,FALSE,26.589818954467773,"GRT-{PI, PS, DS}",-0.7904182047708433,-0.7904182047708433,1.534184787531045,1.534184787531045,-0.10615198407000465,0.5475429756318915,-0.10615198407000465,0.5475429756318915,0,0,0,0,-0.7904182047708433,-0.10615198407000465,FALSE,3.135707378387451,"GRT-{PI, PS, DS}"
34,TRUE,0.08313822746276855,"{PI, PS, DS}",-1.4775252920188393,-1.4775252920188393,0.785036049876892,0.785036049876892,-1.638747664567429,0.6456307490286488,-1.638747664567429,0.6456307490286488,0,0,0,0,-1.4652337926855228,-1.4894700423279406,0.78503604987689235,0.7850360498768921,-1.6683911939470797,0.7478585947633025,-1.6067550689692431,0.5321897309193043,0.7069266322289199,-0.1670304219922152,-0.38714844677918014,-0.10292211547468134,FALSE,34.81260132789612,"GRT-{PI, PS, DS}",-2.268405002492506,-2.268405002492506,0.8998518394201462,0.8998518394201462,-2.5878327741229046,0.6773063969764799,-2.5878327741229046,0.6773063969764799,0,0,0,0,-2.268405002492506,-2.5878327741229046,FALSE,4.2179412841796875,"GRT-{PI, PS, DS}"
35,TRUE,0.07081174850463867,"{PI, PS, DS}",-0.0965586152886093,-0.0965586152886093,1.3091717167857773,1.3091717167857773,-0.450744212538727,0.10463345561399197,-0.450744212538727,0.10463345561399197,0,0,0,0,-0.35845879325119395,0.1397102988818619,1.3091717167857773,1.3091717167857773,-0.35845879325119395,0.1397102988818619,-0.5659488219328633,0.05971709978532244,0.21294999862219413,-0.3123238533950843,-0.3186239216881147,0.033587601697957256,TRUE,28.191770315170288,"GRT-{PI, PS, DS}",-0.11428705486845848,-0.11428705486845848,3.0272716197373586,3.0272716197373586,-0.5528882164049397,0.12215688533983582,-0.5528882164049397,0.12215688533983582,0,0,0,0,-0.11428705486845848,-0.5528882164049397,TRUE,2.869983434677124,"GRT-{PI, PS, DS}"
36,TRUE,0.08475255966186523,"{PI, PS, DS}",-0.3360381403718231,-0.3360381403718231,0.9084578250700596,0.9084578250700596,-1.0491313529013875,1.236652241519899,-1.0491313529013875,1.236652241519899,0,0,0,0,-0.1992013247892673,-0.4795056533309498,0.6229257232100878,1.2206403488473496,-1.2521195202652196,1.2521195202652193,-0.841621233572914,1.2206403488473496,0.11512187766662206,-0.27729431355797063,-0.6934351573497369,0.7223842566628563,FALSE,32.334935665130615,"GRT-{1_RHO, PS, DS}",-0.43499654892332335,-0.43499654892332335,1.5312944300043938,1.5312944300043938,-2.051524994969177,2.8925417044271446,-2.051524994969177,2.8925417044271446,-1,-1,-1,-1,-0.43499654892332335,-2.051524994969177,FALSE,3.3070297241210938,"GRT-{1_RHO, PS, DS}"
37,TRUE,0.07323169708251953,"{PI, PS, DS}",-0.9446695709660237,-0.9446695709660237,0.9674215639274163,0.9674215639274163,-0.318639363964375,1.044408794872511,-0.318639363964375,1.044408794872511,0,0,0,0,-1.1503493803760079,-0.7363159173761298,1.1503493803760083,0.7916386077433747,-0.48877641111466963,1.0200762327862016,-0.15731068461017106,1.0675705238781417,0.2970988996160825,-0.4794035043780572,-0.09553281135281899,0.5030454531052463,FALSE,33.27160143852234,"GRT-{PI, PS, DS}",-1.6965209986344898,-1.6965209986344898,1.7180662397658977,1.7180662397658977,-0.4299664800015487,2.7788594077327637,-0.4299664800015487,2.7788594077327637,0,0,0,0,-1.6965209986344898,-0.4299664800015487,FALSE,3.1540884971618652,"GRT-{PI, PS, DS}"
38,TRUE,0.08600664138793945,"{PS, DS}",-0.33174249733761946,-0.33174249733761946,1.8980981333345233,1.8980981333345233,-2.5754191850846353,2.3410106761693044,-2.5754191850846353,2.3410106761693044,0.10882626937913381,-0.286356596672729,-0.66215987483816,0.5671997481454236,-0.3154405476725539,-0.35470978780921775,1.9089698229975496,1.8882153185572073,-2.5860339092871034,2.3070392593928264,-2.5679504086202267,2.3718533294120725,0.10872765047447554,-0.29038961710840383,-0.6628511351736923,0.5640926117369832,FALSE,31.212321519851685,"GRT-{1_RHO, PS, DS}",-0.33874956329030687,-0.33874956329030687,2.069755652522839,2.069755652522839,-3.4554499335046547,2.64530305461043,-3.4554499335046547,2.64530305461043,-0.4158884988652459,-0.4158884988652459,-0.4158884988652459,-0.4158884988652459,-0.33874956329030687,-3.4554499335046547,FALSE,3.4658684730529785,"GRT-{1_RHO, PS, DS}"
39,TRUE,0.09507560729980469,"{PI, PS, DS}",-1.2206383433694292,-1.2206383433694292,1.0522541497126738,1.0522541497126738,-1.1189364512191993,1.1349123409437003,-1.1189364512191993,1.1349123409437003,0,0,0,0,-1.186831432755818,-1.2521195202652193,1.0675705238781419,1.0364333894937894,-1.186831432755818,1.2521195202652193,-1.0675705238781419,1.0364333894937894,0.7139758227015005,-0.7298339461158496,-0.42482046736028456,0.40997645684254314,FALSE,34.0234489440918,"GRT-{PI, PS, DS}",-3.1917652519406405,-3.1917652519406405,1.5212071852875524,1.5212071852875524,-1.9061855997143036,1.8645748050493036,-1.9061855997143036,1.8645748050493036,0,0,0,0,-3.1917652519406405,-1.9061855997143036,FALSE,3.84613037109375,"GRT-{PI, PS, DS}"
40,TRUE,0.0749664306640625,"{PI, PS, DS}",-0.24290265588608873,-0.24290265588608873,0.1442018577328852,0.1442018577328852,-2.0562819023849372,0.8304440177133213,-2.0562819023849372,0.8304440177133213,0,0,0,0,-0.2379236675204309,-0.2465562831096927,0.19372018699844534,0.10179559909470495,-2.035594955380168,0.7911027642350011,-2.07899777622371,0.8808881195869299,-0.1345139516584138,-0.049036387037335,-0.25061744325310686,-0.05452957137177019,FALSE,32.52660584449768,"GRT-{PI, PS, DS}",-0.24114482430842632,-0.24114482430842632,0.145278635458714,0.145278635458714,-2.35991898508829,0.8438423381863145,-2.35991898508829,0.8438423381863145,0,0,0,0,-0.24114482430842632,-2.35991898508829,FALSE,3.767658233642578,"GRT-{PI, PS, DS}"
41,TRUE,0.07150745391845703,"{PI, PS, DS}",-0.06431682631599431,-0.06431682631599431,1.011680682450142,1.011680682450142,-1.6111468012707424,1.8091708857857474,-1.6111468012707424,1.8091708857857474,0,0,0,0,-0.07744240852152874,-0.05015358346473385,0.990685690571457,1.0396394042814565,-1.7861555612610773,1.7506860712521704,-1.483539859401297,1.8829917018355984,0.22807413808712693,0.17402654312003424,-0.29983048816974667,0.45853914422458275,FALSE,31.826576232910156,"GRT-{PI, PS, DS}",-0.0674223290772488,-0.0674223290772488,1.081614232020214,1.081614232020214,-1.8676333946024652,2.4334870194012472,-1.8676333946024652,2.4334870194012472,0,0,0,0,-0.0674223290772488,-1.8676333946024652,FALSE,2.663069009780884,"GRT-{PI, PS, DS}"
42,TRUE,0.0786123275756836,"{PS, DS}",-1.4616231670947124,-1.4616231670947124,1.4895827922003146,1.4895827922003146,-1.8756625597923156,2.1410383776006654,-1.8756625597923156,2.1410383776006654,0.2207181213645084,-0.5948321074115728,-0.47974871273574815,0.6040206549814532,-1.4371163665654503,-1.4790369680731323,1.4976346929885374,1.508655428819973,-1.7381080267736126,2.110880219388008,-2.050984498441603,2.180815302168275,0.2296004790688627,-0.599509343311953,-0.45912485879727427,0.5963375113084924,FALSE,31.451826572418213,"GRT-{PI, PS, DS}",-1.5277935147253774,-1.5277935147253774,1.629563803433261,1.629563803433261,-2.0936900773507543,2.9475503668240175,-2.0936900773507543,2.9475503668240175,0,0,0,0,-1.5277935147253774,-2.0936900773507543,FALSE,3.3004815578460693,"GRT-{PI, PS, DS}"
43,TRUE,0.09503817558288574,"{PI, PS, DS}",-1.0927305429638914,-1.0927305429638914,1.32236046669442,1.32236046669442,-1.245991130119417,1.2459829602160646,-1.245991130119417,1.2459829602160646,0,0,0,0,-1.1503493803760083,-1.044408794872596,1.359737383938606,1.2815515655446006,-1.3829941271006385,1.2206403488473496,-1.124338231568639,1.2815515655446006,0.6281985439000657,-0.37571555720836936,-0.6205496118296732,0.73659980483342,TRUE,33.390758991241455,"GRT-{PI, PS, DS}",-1.4833102048423106,-1.4833102048423106,2.8598729455069734,2.8598729455069734,-1.9520955164444829,1.9510988952904433,-1.9520955164444829,1.9510988952904433,0,0,0,0,-1.4833102048423106,-1.9520955164444829,FALSE,3.7790629863739014,"GRT-{PI, PS, DS}"
44,TRUE,0.07699179649353027,"{PI, PS, DS}",-1.1847631375210455,-1.1847631375210455,0.20306982080037408,0.20306982080037408,-0.9129091538271281,0.5403480086162803,-0.9129091538271281,0.5403480086162803,0,0,0,0,-1.2733368077891136,-1.1107716166367858,0.35721583463458434,0.05699967435837398,-0.9968432944381665,0.35845879325119384,-0.8499572808920579,0.7106958574551975,-0.04005125505821532,0.1014253348903552,0.12849226480282278,0.1808681798975255,TRUE,28.391193389892578,"GRT-{PI, PS, DS}",-1.3014429347886385,-1.3014429347886385,0.20284559595822826,0.20284559595822826,-0.9842619262678666,0.5785683710731305,-0.9842619262678666,0.5785683710731305,0,0,0,0,-1.3014429347886385,-0.9842619262678666,TRUE,3.292030096054077,"GRT-{PI, PS, DS}"
45,FALSE,0.010289669036865234,ERROR: missing value where TRUE/FALSE needed,NA,NA,NA,NA,NA,NA,NA,NA,NA,NA,NA,NA,NA,NA,NA,NA,NA,NA,NA,NA,NA,NA,NA,NA,TRUE,29.689518451690674,"GRT-{PI, PS, DS}",-0.1652313425277899,-0.1652313425277899,0.44067084624148734,0.44067084624148734,-2.6999899668978102,1.1358826292516029,-2.6999899668978102,1.1358826292516029,0,0,0,0,-0.1652313425277899,-2.6999899668978102,TRUE,2.7485079765319824,"GRT-{1_RHO, PS, DS}"
46,TRUE,0.1406688690185547,"{PI, PS, DS}",-0.9674215660917497,-0.9674215660917497,0.05971709978513903,0.05971709978513903,-1.2670757512664395,0.3703642448032147,-1.2670757512664395,0.3703642448032147,0,0,0,0,-1.0031479676625341,-0.9388143168769034,0.25334710313579967,-0.11418529432142822,-1.2521195202652196,0.164210777079331,-1.2815515655446006,0.6045853465832371,0.5822116783853888,-0.11124639366925965,-0.14438673653658657,0.2515857004925415,TRUE,35.22485160827637,"GRT-{PI, PS, DS}",-1.3494568099520798,-1.3494568099520798,0.06822651514562961,0.06822651514562961,-2.7112798903049575,0.46781051467356116,-2.7112798903049575,0.46781051467356116,0,0,0,0,-1.3494568099520798,-2.7112798903049575,FALSE,3.3048653602600098,"GRT-{PI, PS, DS}"
47,TRUE,0.10170173645019531,"{PI, PS(A), DS}",-1.2074140375816895,-1.2074140375816895,1.4050715603094417,1.4050715603094417,0.43072729929545756,1.0364333894937896,-0.502402223373356,1.1503493803760083,0,0,0,0,-1.3829941271006385,-1.0364333894937894,1.4260768722728472,1.3829941271006387,0.4307272992954575,1.0364333894937894,-0.5024022233733559,1.1503493803760083,-0.2342317364506392,-0.40997645684254314,-0.26795758413180304,0.6281985439000658,FALSE,43.98981308937073,"GRT-{PI, PS, DS}",-1.9389763202212102,-1.9389763202212102,4.1903705006607765,4.1903705006607765,-0.05534120524911699,1.5836442986087433,-0.05534120524911699,1.5836442986087433,0,0,0,0,-1.9389763202212102,-0.05534120524911699,FALSE,3.612018346786499,"GRT-{PI, PS, DS}"
48,FALSE,0.002737760543823242,ERROR: missing value where TRUE/FALSE needed,NA,NA,NA,NA,NA,NA,NA,NA,NA,NA,NA,NA,NA,NA,NA,NA,NA,NA,NA,NA,NA,NA,NA,NA,TRUE,29.444199323654175,"GRT-{PI, PS, DS}",-2.772383625255642,-2.772383625255642,2.9370623625810777,2.9370623625810777,-0.0038419576127304705,0.0037869388996260196,-0.0038419576127304705,0.0037869388996260196,0,0,0,0,-2.772383625255642,-0.0038419576127304705,TRUE,3.3872692584991455,"GRT-{PI, PS, DS}"
49,TRUE,0.10881233215332031,"{PS(A), DS}",-0.42373960897334506,-0.42373960897334506,1.3102006357080858,1.3102006357080858,-2.347869126535525,1.4640302989103546,-2.440334151080768,2.2964945240496295,0.31547722750270535,-0.04886076632141432,-0.48823413481826605,0.6160102249110883,-0.4364641560081164,-0.4116485853952502,1.3471375295561632,1.2730296553877014,-2.3504644231090785,1.4636720270528898,-2.4512810608704068,2.2808657708839917,0.31542884524524173,-0.04892136759491238,-0.4852369099213879,0.6187068764364577,TRUE,34.25396656990051,"GRT-{1_RHO, PS(A), DS}",-0.4289978591883699,-0.4289978591883699,1.3396783840444184,1.3396783840444184,-2.63041025709696,1.5170826024052015,-5.2245390974328725,2.695968701780667,0.12757205616569234,0.12757205616569234,0.12757205616569234,0.12757205616569234,-0.4289978591883699,-2.63041025709696,TRUE,3.245112895965576,"GRT-{1_RHO, PS(A), DS}"
50,TRUE,0.12374210357666016,"{PI, PS(A), DS}",-0.14674494013897676,-0.14674494013897676,1.8526858012647178,1.8526858012647178,-1.9063580028330265,2.1720651883774345,-0.9328891732059706,-0.03581663166006929,0,0,0,0,-0.1423640553489661,-0.15021243572553394,1.8107766086044805,1.9022164957820156,-1.9063580028330265,2.1720651883774345,-0.9328891732059702,-0.03581663166006983,0.2452110588180516,-0.059456349892583193,-0.11899812841137634,0.17028450534873849,FALSE,46.412355184555054,"GRT-{PI, PS(A), DS}",-0.13892585949594485,-0.13892585949594485,2.4178111661983026,2.4178111661983026,-2.297115614457636,3.9383909804733475,-0.980408153075087,-0.014302235895406135,0,0,0,0,-0.13892585949594485,-2.297115614457636,FALSE,4.399669170379639,"GRT-{1_RHO, PS(A), DS}"
51,TRUE,0.12796521186828613,"{PI, PS(A), DS}",-1.198379683990791,-1.198379683990791,0.32631499200466546,0.32631499200466546,-1.3351777361189368,1.2815515655446004,-0.3487556955170447,1.3091717167857775,0,0,0,0,-1.335177736118937,-1.1107716166367858,0.22988411757923183,0.4307272992954574,-1.335177736118937,1.2815515655446008,-0.34875569551704483,1.3091717167857775,0.7483560128963014,-0.4055074526085112,0.39460132858031555,0.24239051848549795,FALSE,40.27371001243591,"GRT-{PI, PS(A), DS}",-1.6523887017739196,-1.6523887017739196,0.4158484707859311,0.4158484707859311,-2.8028497827476637,1.7659527852397763,-0.41309634812805873,2.677791201311097,0,0,0,0,-1.6523887017739196,-2.8028497827476637,FALSE,3.779226779937744,"GRT-{PI, PS(A), DS}"
52,TRUE,0.1591014862060547,"{PI, PS(A), DS}",-1.2815502628775353,-1.2815502628775353,0.938813546312447,0.938813546312447,0.06601181237584106,0.5659488219328633,-1.335177736118937,0.967421566101701,0,0,0,0,-1.2521195202652196,-1.3091717167857773,0.9084578685373852,0.9674215661017008,0.06601181237584045,0.5659488219328633,-1.3351777361189368,0.9674215661017008,-0.03814504622118996,-0.31862350800641925,-0.5061832068574191,0.20291847695387252,FALSE,43.198445558547974,"GRT-{PI, PS(A), DS}",-2.8971334461112006,-2.8971334461112006,1.2481479905220958,1.2481479905220958,0.08295256645079427,0.7069583795194198,-2.8512280917280237,1.2944933189813042,0,0,0,0,-2.8971334461112006,0.08295256645079427,TRUE,4.007886171340942,"GRT-{PI, PS(A), DS}"
53,FALSE,0.013751029968261719,ERROR: missing value where TRUE/FALSE needed,NA,NA,NA,NA,NA,NA,NA,NA,NA,NA,NA,NA,NA,NA,NA,NA,NA,NA,NA,NA,NA,NA,NA,NA,FALSE,36.125269651412964,"GRT-{PI, PS, DS}",-1.4148754447429197,-1.4148754447429197,0.34729034677899606,0.34729034677899606,-1.377450872075816,0.9672885606722503,-1.377450872075816,0.9672885606722503,0,0,0,0,-1.4148754447429197,-1.377450872075816,FALSE,4.007529973983765,"GRT-{PI, PS, DS}"
54,TRUE,0.0883781909942627,"{PS, DS}",-1.2881382761580225,-1.2881382761580225,1.2994359752276976,1.2994359752276976,-1.181792380182776,1.2946583114582642,-1.181792380182776,1.2946583114582642,0.7675465565705907,-0.745373134483761,-0.5642678320651726,0.7344262808036373,-1.3597373839386058,-1.3091717167857773,1.2521195202652196,1.2815515655446006,-1.3597373839386058,1.3091717167857773,-1.0031479676625343,1.2815515655446006,0.75350561356565,-0.7427445908224026,-0.5821954198296969,0.73659980483342,FALSE,34.73994159698486,"GRT-{PI, PS, DS}",-2.938354945123824,-2.938354945123824,3.7857573085124656,3.7857573085124656,-1.8855873493621298,2.930524700238469,-1.8855873493621298,2.930524700238469,0,0,0,0,-2.938354945123824,-1.8855873493621298,FALSE,3.641573905944824,"GRT-{PI, PS, DS}"
55,TRUE,0.10489892959594727,"{1_RHO, PS(A), DS}",-0.6324629861052545,-0.6324629861052545,0.11501794968884685,0.11501794968884685,-0.5392868181113758,2.2788377562149815,-1.612520063845124,1.0268416141349048,-0.14375791539712288,-0.14375791539712288,-0.14375791539712288,-0.14375791539712288,-0.6901202382275058,-0.5787799780939293,0.18550853220842864,0.04356523321059271,-0.534659436702997,2.276540353661691,-1.6180103027120118,1.0339526466736455,-0.1639732336780612,-0.05674138877408091,-0.1780352292371207,-0.11729592292272664,FALSE,31.41275453567505,"GRT-{PI, PS(A), DS}",-0.6407742372108123,-0.6407742372108123,0.11385209719921252,0.11385209719921252,-0.5389996362465272,2.2902242209463965,-1.665860507538519,1.039469436021246,0,0,0,0,-0.6407742372108123,-0.5389996362465272,TRUE,3.1603035926818848,"GRT-{PI, PS(A), DS}"
56,TRUE,0.18930888175964355,"{PI, PS(A), DS}",-0.22988411757923186,-0.22988411757923186,1.5852778215207874,1.5852778215207874,0.2065470244188349,1.7945384156293689,-0.3292913469781223,8.622981342102995e-17,0,0,0,0,-0.2533471031357999,-0.20654702441883496,1.5179291595942788,1.6606976105540416,0.2065470244188349,1.7945384156293689,-0.32929134697812223,-1.776272419767677e-16,0.14471051875038818,-0.09420855284216542,-0.4785914151068459,-0.2037323357766597,TRUE,34.992762327194214,"GRT-{PI, PS(A), DS}",-0.2538930209859792,-0.2538930209859792,1.9554268822813876,1.9554268822813876,0.21894999587437478,2.888749104430895,-0.36153867291221486,-0.008777354619027428,0,0,0,0,-0.2538930209859792,0.21894999587437478,FALSE,4.166357755661011,"GRT-{PI, PS(A), DS}"
57,TRUE,0.10224747657775879,"{PI, PS(A), DS}",-0.5588396107777329,-0.5588396107777329,1.2581615610098706,1.2581615610098706,0.08964235107576299,1.1309776082451581,-1.1243382315686392,0.7063025628400876,0,0,0,0,-0.6744897501960817,-0.4604945391031165,1.359737383938606,1.17498679206609,0.08964235107576315,1.1309776082451581,-1.124338231568639,0.7063025628400876,-0.20992784512378684,-0.28259959723515926,-0.6205496118296732,0.1683765030716751,TRUE,32.74107480049133,"GRT-{PI, PS(A), DS}",-0.661968345295756,-0.661968345295756,2.0693947227982328,2.0693947227982328,0.09651741688055433,1.458069439657858,-1.6110140074726615,0.8712244480604123,0,0,0,0,-0.661968345295756,0.09651741688055433,TRUE,3.06479549407959,"GRT-{PI, PS(A), DS}"
58,TRUE,0.07781505584716797,"{PI, PS, DS}",0.3487556954953826,0.3487556954953826,0.4307272992954575,0.4307272992954575,-0.43072729929545767,0.11418529421244876,-0.43072729929545767,0.11418529421244876,0,0,0,0,0.43072729929545767,0.25334710313579945,0.43072729929545767,0.43072729929545756,-0.4307272992954575,-0.25334710313579994,-0.4307272992954575,0.43072729929545756,-0.3966907824503664,-0.2629251995648308,-0.3966907824503664,0.3966907824503665,FALSE,22.541987419128418,"GRT-{PI, PS, DS}",3.220885119754854,3.220885119754854,4.560758502828449,4.560758502828449,-2.9531928586611915,0.43087157402719845,-2.9531928586611915,0.43087157402719845,0,0,0,0,3.220885119754854,-2.9531928586611915,TRUE,2.0834221839904785,"GRT-{PI, PS, DS}"
59,TRUE,0.10741758346557617,"{PI, PS, DS}",-0.2533471031357999,-0.2533471031357999,0.25334710313579994,0.25334710313579994,-3.0814879110195774e-33,0.25334710313579994,-3.0814879110195774e-33,0.25334710313579994,0,0,0,0,-0.25334710313579994,-0.25334710313579994,0.25334710313579945,0.2533471031357995,0.25334710313579945,0.25334710313579945,-0.25334710313579994,0.2533471031357995,-0.2629251995648308,-0.2629251995648308,-0.2629251995648308,0.2629251995648308,TRUE,16.429203510284424,"GRT-{PI, PS, DS}",-2.8234105736013126,-2.8234105736013126,2.7976855396118334,2.7976855396118334,0.010259725534008474,3.4630000689657217,0.010259725534008474,3.4630000689657217,0,0,0,0,-2.8234105736013126,0.010259725534008474,TRUE,1.5936813354492188,"GRT-{PI, PS, DS}"
60,TRUE,0.09386348724365234,"{PI, PS, DS}",-1.110771616636786,-1.110771616636786,0.5243987748897561,0.5243987748897561,-1.0896616798087235,0.9891622720304138,-1.0896616798087235,0.9891622720304138,0,0,0,0,-1.1107716166367856,-1.110771616636786,0.5659488219328631,0.48877641111466963,-1.1107716166367856,1.1107716166367858,-1.067570523878142,0.8871465590188764,0.6939198436051145,-0.6939198436051148,-0.3589084537642029,0.5977759509120658,FALSE,33.92224740982056,"GRT-{PI, PS, DS}",-3.178485473177962,-3.178485473177962,0.7292667776702708,0.7292667776702708,-3.3698248398273307,1.734169338584107,-3.3698248398273307,1.734169338584107,0,0,0,0,-3.178485473177962,-3.3698248398273307,FALSE,3.3009462356567383,"GRT-{PI, PS, DS}"
61,TRUE,0.23028826713562012,"{PI, PS(A), DS}",-2.1615699344517174,-2.1615699344517174,0.010273247402204547,0.010273247402204547,-0.9084578685373853,0.9520230910617073,-0.5290450577878207,0.7835003753897739,0,0,0,0,-2.1661067528923295,-2.156973209394191,3.491869904912366e-17,0.02089008824688879,-0.9084578685373852,0.9520230910617073,-0.529045057787821,0.783500375389774,0.36052222033498477,-0.3790651054399815,0.14533455261324424,0.08650643035407442,TRUE,36.68224120140076,"GRT-{PI, PS, DS}",-2.755881209113628,-2.755881209113628,0.009042242417308888,0.009042242417308888,-0.7277359291054254,0.8980444530823769,-0.7277359291054254,0.8980444530823769,0,0,0,0,-2.755881209113628,-0.7277359291054254,TRUE,3.759329080581665,"GRT-{PI, PS, DS}"
62,TRUE,0.086132049560546875,"{PI, PS, DS}",-0.5659488219325637,-0.5659488219325637,0.8761428492463033,0.8761428492463033,-0.8761428492463033,0.30298044721289263,-0.8761428492463033,0.30298044721289263,0,0,0,0,-0.6045853465832371,-0.5244005127080408,0.8416212335729143,0.908457868537385,-0.9084578685373852,0.8416212335729142,-0.8416212335729141,-0.11418529432142803,0.4174811802477517,-0.3755370667907214,-0.6059689821556407,-0.078629697957196,FALSE,32.016048192977905,"GRT-{PI, PS, DS}",-1.0388250346746417,-1.0388250346746417,2.849090453506437,2.849090453506437,-2.831339397915118,0.5047081659887747,-2.831339397915118,0.5047081659887747,0,0,0,0,-1.0388250346746417,-2.831339397915118,FALSE,4.047729253768921,"GRT-{PI, PS, DS}"
63,TRUE,0.10933256149291992,"{PI, PS, DS}",-1.236652241519899,-1.236652241519899,0.10763439238310205,0.10763439238310205,-0.967421566101701,0.764709672397407,-0.967421566101701,0.764709672397407,0,0,0,0,-1.2206403488473498,-1.2521195202652196,0.13971029888186232,0.07379127380827237,-0.967421566101701,1.0031479676625341,-0.9674215661017012,0.541395085129088,0.5699768988578329,-0.5821954198296969,-0.3653367741081141,0.2736269763409854,FALSE,39.99077010154724,"GRT-{PI, PS, DS}",-2.3015409746247038,-2.3015409746247038,0.15642421399962236,0.15642421399962236,-1.4675800999371245,1.0736844497465634,-1.4675800999371245,1.0736844497465634,0,0,0,0,-2.3015409746247038,-1.4675800999371245,FALSE,3.9275424480438232,"GRT-{PI, PS, DS}"
64,TRUE,0.20410490036010742,"{PI, PS, DS}",-0.3487556942171819,-0.3487556942171819,-0.03798835122951555,-0.03798835122951555,-0.03798835123028097,1.0299567619819652,-0.03798835123028097,1.0299567619819652,0,0,0,0,-0.5894557978497785,-0.08365173390712918,0.2533471031357999,-0.2822161470625082,-2.578624304745441e-16,1.1107716166367858,-0.0836517339071292,0.967421566101701,-0.5977407809775916,-0.051812662901611045,-0.08663020724629764,0.0979752375295564,TRUE,32.12442445755005,"GRT-{PI, PS, DS}",-0.45421252987115535,-0.45421252987115535,-0.05055010581915392,-0.05055010581915392,-0.05673035359391956,1.7291869418472532,-0.05673035359391956,1.7291869418472532,0,0,0,0,-0.45421252987115535,-0.05673035359391956,FALSE,2.728527545928955,"GRT-{PI, PS, DS}"
65,TRUE,0.2253861427307129,"{PI, PS(A), DS}",-1.1468864051597436,-1.1468864051597436,1.2174494903155464,1.2174494903155464,-1.721796532401061,2.0853555660318293,-1.2096451263823647,0.5438590626589126,0,0,0,0,-1.2755131871906602,-1.0180757150135906,1.146538692461942,1.2760917802458767,-1.7217965324010607,2.085355566031829,-1.2096451263823647,0.5438590626589126,0.05961623396854793,-0.2446312692208914,0.24055414956922685,-0.012598193402618276,TRUE,34.471184492111206,"GRT-{PI, PS(A), DS}",-1.1816225622009409,-1.1816225622009409,1.2583819462791634,1.2583819462791634,-1.833332650960253,2.441310641707026,-1.2691928712792229,0.5611417028445402,0,0,0,0,-1.1816225622009409,-1.833332650960253,FALSE,3.1480612754821777,"GRT-{PI, PS(A), DS}"
66,FALSE,0.010443925857543945,ERROR: missing value where TRUE/FALSE needed,NA,NA,NA,NA,NA,NA,NA,NA,NA,NA,NA,NA,NA,NA,NA,NA,NA,NA,NA,NA,NA,NA,NA,NA,TRUE,34.079952239990234,"GRT-{PI, PS, DS}",-2.6952279092395375,-2.6952279092395375,0.05729924547437326,0.05729924547437326,-1.3234291742218753,1.0670074098095534,-1.3234291742218753,1.0670074098095534,0,0,0,0,-2.6952279092395375,-1.3234291742218753,FALSE,3.8353068828582764,"GRT-{PI, PS, DS}"
67,TRUE,0.08579540252685547,"{PI, PS(A), DS}",0.1451209412107742,0.1451209412107742,1.4050631881717197,1.4050631881717197,-0.7363159173761294,0.6151411045959732,-1.2206403488473498,1.359737383938606,0,0,0,0,0.19402814242392655,0.09655861528963931,1.4461035929181751,1.3597373839386058,-0.7363159173761296,0.6151411045959735,-1.2206403488473498,1.3597373839386058,-0.4489492231332959,0.2229845505822617,-0.6479160322606075,0.7535056135656499,TRUE,30.39822769165039,"GRT-{PI, PS, DS}",0.165345489423168,0.165345489423168,2.784213758988821,2.784213758988821,-1.2085394043221918,1.158872094923526,-1.2085394043221918,1.158872094923526,0,0,0,0,0.165345489423168,-1.2085394043221918,TRUE,3.2075321674346924,"GRT-{PI, PS, DS}"
68,TRUE,0.11689519882202148,"{PS(A), DS}",-1.2649692448091618,-1.2649692448091618,1.52610335021183,1.52610335021183,-1.609346062605553,0.15140697813895043,-1.4817108930569254,1.3603241859747122,0.6026049079562769,-0.323641393313263,-0.7613792233316424,0.6980262894607008,-1.2206403488473498,-1.3180108973035367,1.4461035929181756,1.5932188180230507,-1.5932188180230504,0.15731068461017084,-1.4461035929181756,1.3829941271006385,0.6068197821941373,-0.3191247056028614,-0.770528609376962,0.6886134721524877,TRUE,35.518139123916626,"GRT-{PI, PS(A), DS}",-1.6664110054976973,-1.6664110054976973,4.08332342224068,4.08332342224068,-2.709144770320555,0.17720022198717578,-4.069194658472583,1.846950145107404,0,0,0,0,-1.6664110054976973,-2.709144770320555,TRUE,3.54583477973938,"GRT-{PI, PS(A), DS}"
69,TRUE,0.06916308403015137,"{PI, PS, DS}",-0.147987089853086,-0.147987089853086,1.0299463867164116,1.0299463867164116,-1.067565349903184,0.8871465590188762,-1.067565349903184,0.8871465590188762,0,0,0,0,-0.13971029888186196,-0.15731068461017117,1.1868314327558183,0.8871465590188763,-0.967421566101701,0.8871465590188763,-1.1868314327558183,0.8871465590188763,-0.19003441299618465,-0.39166378653762035,-0.7140112120983823,0.33175598941167156,FALSE,32.064966917037964,"GRT-{1_RHO, PS, DS}",-0.18877915330288858,-0.18877915330288858,1.65369819665093,1.65369819665093,-1.6505995739373633,1.3651596132389623,-1.6505995739373633,1.3651596132389623,-1,-1,-1,-1,-0.18877915330288858,-1.6505995739373633,FALSE,3.135519027709961,"GRT-{PI, PS, DS}"
70,TRUE,0.19510531425476074,"{PI, PS(A), DS}",-1.5647126605706274,-1.5647126605706274,1.6094035042280193,1.6094035042280193,-0.3113223796441413,0.8416212335729139,-0.9674215661017013,1.110771616636786,0,0,0,0,-1.501085946044025,-1.6448536269514729,1.5341205443525465,1.7012881668522597,-0.3113223796441412,0.8416212335729141,-0.9674215661017012,1.1107716166367858,-0.06120880923512661,-0.40849492445848823,-0.28035488858113666,0.527142645290492,FALSE,36.94628405570984,"GRT-{PI, PS, DS}",-2.3308579835491408,-2.3308579835491408,2.3024597955452304,2.3024597955452304,-0.6826104629490377,1.1451584838213342,-0.6826104629490377,1.1451584838213342,0,0,0,0,-2.3308579835491408,-0.6826104629490377,FALSE,3.856783866882324,"GRT-{PI, PS, DS}"
71,TRUE,0.0850827693939209,"{PI, PS(A), DS}",-1.4260754440489936,-1.4260754440489936,0.3358792858421061,0.3358792858421061,-2.4525593662493432,0.9775785140484627,-1.50614739611257,1.0359801214545783,0,0,0,0,-1.4689587734123957,-1.3829941271006385,0.30817889570145757,0.36004154220634815,-2.4525593662493432,0.9775785140484627,-1.50614739611257,1.0359801214545785,0.3844617397467535,0.028282056984401123,-0.03812183826667193,-0.08668694909763304,FALSE,34.93565630912781,"GRT-{PI, PS(A), DS}",-1.450500158607783,-1.450500158607783,0.33357213212298387,0.33357213212298387,-2.3125241285710887,1.01295732306159,-1.521862701765703,1.0575299166198349,0,0,0,0,-1.450500158607783,-2.3125241285710887,TRUE,3.916825294494629,"GRT-{PI, PS(A), DS}"
72,TRUE,0.09898018836975098,"{PS, DS}",-0.19875541983137143,-0.19875541983137143,2.2942664518238862,2.2942664518238862,-2.0947233445175417,2.0604972925606266,-2.0947233445175417,2.0604972925606266,0.2700323193119975,-0.0473310501275777,-0.7894428559964627,0.7139457353939791,-0.24756722282868135,-0.15096921549677675,2.208479226453574,2.301022234494136,-2.125804357312444,2.275814026685619,-2.0453909898732885,1.9310575500957663,0.26737801612567014,-0.0576304411210114,-0.8031117544862354,0.7330262298592332,FALSE,38.296229124069214,"GRT-{PI, PS, DS}",-0.18273843807042678,-0.18273843807042678,2.943825845420298,2.943825845420298,-2.362369442732938,2.223434788142391,-2.362369442732938,2.223434788142391,0,0,0,0,-0.18273843807042678,-2.362369442732938,FALSE,3.864757537841797,"GRT-{PI, PS, DS}"
73,TRUE,0.10289573669433594,"{PI, PS, DS}",-0.1800123697525197,-0.1800123697525197,0.43072729924894404,0.43072729924894404,-0.8416212335729145,0.22988411757923183,-0.8416212335729145,0.22988411757923183,0,0,0,0,-0.5244005127080407,0.11418529432142832,0.2533471031357995,0.604585346583237,-0.8416212335729144,0.34875569551704483,-0.8416212335729144,0.11418529432142828,0.37553706679072146,0.11064551085689504,-0.1810810385806258,-0.2515857004925415,TRUE,32.05937314033508,"GRT-{PI, PS, DS}",-0.279502861683944,-0.279502861683944,0.7368325043652179,0.7368325043652179,-2.730233039928996,0.37011037560868054,-2.730233039928996,0.37011037560868054,0,0,0,0,-0.279502861683944,-2.730233039928996,FALSE,3.6151206493377686,"GRT-{PI, PS, DS}"
74,TRUE,0.10996460914611816,"{PI, PS(A), DS}",-1.7832222768590489,-1.7832222768590489,1.2724171972418823,1.2724171972418823,0.056999674358374955,1.6000430155057592,-0.4514220513032488,1.8718707308672458,0,0,0,0,-1.6906216295848981,-1.9205020017675463,1.103839143859527,1.4652337926855228,0.056999674358374885,1.600043015505759,-0.45142205130324925,1.8718707308672458,-0.027113903537287175,-0.6973221847488196,-0.012880609443893033,0.4785164470922685,FALSE,35.80867886543274,"GRT-{PI, PS, DS}",-2.1902791203785745,-2.1902791203785745,1.4060792795700063,1.4060792795700063,-0.18776668578550984,2.1630634051366076,-0.18776668578550984,2.1630634051366076,0,0,0,0,-2.1902791203785745,-0.18776668578550984,FALSE,3.5083656311035156,"GRT-{PI, PS, DS}"
75,TRUE,0.10102152824401855,"{PI, PS(A), DS}",-0.8858643617019937,-0.8858643617019937,1.9556172151009117,1.9556172151009117,-1.4260768722728474,2.0098747721953854,-0.32807210753165117,0.5841196951370913,0,0,0,0,-0.9313967882247426,-0.8416212335729144,2.073828534496725,1.8485962885014087,-1.4260768722728472,2.0098747721953854,-0.32807210753165095,0.5841196951370913,0.40812860420363556,-0.3535336849474188,-0.13453335345369946,0.06888587338951463,FALSE,39.66021275520325,"GRT-{PI, PS(A), DS}",-0.9521814006448538,-0.9521814006448538,2.420077282498536,2.420077282498536,-1.5707450670482153,2.667589225840165,-0.3572637886864165,0.6195669865367741,0,0,0,0,-0.9521814006448538,-1.5707450670482153,FALSE,3.945864677429199,"GRT-{PI, PS(A), DS}"
76,FALSE,0.016769886016845703,ERROR: missing value where TRUE/FALSE needed,NA,NA,NA,NA,NA,NA,NA,NA,NA,NA,NA,NA,NA,NA,NA,NA,NA,NA,NA,NA,NA,NA,NA,NA,TRUE,36.68323373794556,"GRT-{PI, PS(A), DS}",-0.14060947866847817,-0.14060947866847817,0.5144239139748598,0.5144239139748598,-3.063124714688679,4.995532585059329,-0.43423120314024777,0.6215875256677972,0,0,0,0,-0.14060947866847817,-3.063124714688679,FALSE,3.460702419281006,"GRT-{PI, PS(A), DS}"
77,TRUE,0.13019418716430664,"{PI, PS(A), DS}",-1.518797119903464,-1.518797119903464,0.2235220141299678,0.2235220141299678,-0.4846748960227812,2.137955868282881,-1.9491119969398878,1.2733368077891136,0,0,0,0,-1.4354363612545509,-1.6567947658159814,0.29338123212119366,0.14582698709375894,-0.48467489602278097,2.137955868282881,-1.9491119969398878,1.2733368077891134,0.10223578261599413,-0.6654801601357152,-0.12601983132329087,0.08342275727898633,FALSE,41.46220898628235,"GRT-{PI, PS(A), DS}",-1.616398277485675,-1.616398277485675,0.2187514296099533,0.2187514296099533,-0.48575372968774844,2.720279682685344,-2.3351949112041956,1.3493670739242831,0,0,0,0,-1.616398277485675,-0.48575372968774844,FALSE,4.47826623916626,"GRT-{PI, PS(A), DS}"
78,TRUE,0.12780427932739258,"{PS(A), DS}",-2.043270921346536,-2.043270921346536,0.31689569154634534,0.31689569154634534,-1.3292766620611773,2.0655661510815326,-0.44647221261063685,1.5248012928669958,0.5520107722928909,-0.864208596195653,0.15173820534226526,0.35520579590244483,-1.9907204615820324,-2.089116385640633,0.20433049881260798,0.46370775145717885,-1.3223653788997205,2.089116385640633,-0.4570723442090942,1.5587835495029954,0.560135209561813,-0.8582491097481794,0.15311179138197925,0.35382442619056387,FALSE,42.38056397438049,"GRT-{PI, PS(A), DS}",-3.579300264639284,-3.579300264639284,0.3390845284685291,0.3390845284685291,-1.4459794221486733,3.4201133650572566,-0.47017486791067276,1.7520371162952242,0,0,0,0,-3.579300264639284,-1.4459794221486733,FALSE,5.095364093780518,"GRT-{PI, PS(A), DS}"
79,TRUE,0.16701364517211914,"{PI, PS(A), DS}",-0.3944463441704806,-0.3944463441704806,1.974931905768052,1.974931905768052,-1.8339146358159144,1.4871079530256779,-1.9705053031703297,0.3127231341795911,0,0,0,0,-0.4154974550890347,-0.36873029259509926,1.8449786087129085,2.097739724056037,-1.8339146358159144,1.487107953025678,-1.9705053031703292,0.312723134179591,-0.23702102378243384,0.4209654193955727,-0.6413358318805427,-0.04778996847681379,TRUE,43.47887992858887,"GRT-{PI, PS(A), DS}",-0.42578884358296726,-0.42578884358296726,2.454551989026976,2.454551989026976,-1.9700386274756185,1.5715820588359277,-2.4531568272656004,0.3259777878635195,0,0,0,0,-0.42578884358296726,-1.9700386274756185,FALSE,3.7323365211486816,"GRT-{PI, PS(A), DS}"
80,TRUE,0.10143494606018066,"{PI, PS(A), DS}",-0.14182524232604482,-0.14182524232604482,1.545864023648069,1.545864023648069,-0.6744897501960815,0.24662971544192622,-1.509592089905384,0.9485350408266381,0,0,0,0,-0.18001236979270538,-0.11418529432142879,1.8413262001372355,1.3676279233156887,-0.6744897501960819,0.24662971544192658,-1.5095920899053838,0.948535040826638,0.14167362035964787,-0.24316408324189187,-0.6783609387371579,0.2922408627762854,TRUE,33.43000388145447,"GRT-{PI, PS(A), DS}",-0.15094471507614068,-0.15094471507614068,1.8567250226085272,1.8567250226085272,-0.7282879145100544,0.2527144965383612,-1.82802231457885,1.0248171050516865,0,0,0,0,-0.15094471507614068,-0.7282879145100544,FALSE,3.8832762241363525,"GRT-{PI, PS(A), DS}"
81,TRUE,0.12042593955993652,"{PI, PS(A), DS}",-2.14441062088894,-2.14441062088894,0.20724196461479313,0.20724196461479313,-0.3837693252451558,2.328218628380724,-2.3109913382574194,2.0339360665588795,0,0,0,0,-2.114380771527561,-2.1720651883774345,0.10463345561407529,0.34875569551704466,-0.38376932524515583,2.328218628380724,-2.310991338257419,2.0339360665588795,-0.01894580623406344,-0.8183060210485997,-0.03946439659011982,-0.034015891940734365,TRUE,41.5263991355896,"GRT-{PI, PS(A), DS}",-2.3236634052059246,-2.3236634052059246,0.20578040651244356,0.20578040651244356,-0.3838674289789231,2.6799978896795102,-2.916421801833273,2.340262103633263,0,0,0,0,-2.3236634052059246,-0.3838674289789231,FALSE,4.460070610046387,"GRT-{PI, PS(A), DS}"
82,TRUE,0.08948850631713867,"{PI, PS(A), DS}",-1.0853214260639874,-1.0853214260639874,1.4705262327596007,1.4705262327596007,-0.7783484223848441,1.777587075073393,-1.721796532401061,0.8010945292819505,0,0,0,0,-1.2313772057634214,-0.954911128553996,1.3715204728028318,1.574444965217043,-0.7783484223848444,1.777587075073393,-1.7217965324010611,0.8010945292819501,-0.10764074721286254,-0.43901011211483715,-0.6464122256117737,0.188309309890411,FALSE,32.76382780075073,"GRT-{PI, PS(A), DS}",-1.2358353096789663,-1.2358353096789663,1.8313480750766518,1.8313480750766518,-0.8534921960522212,2.9751881578168633,-2.754102016990741,0.866189251419433,0,0,0,0,-1.2358353096789663,-0.8534921960522212,FALSE,3.3957316875457764,"GRT-{PI, PS(A), DS}"
83,TRUE,0.15521550178527832,"{PI, PS(A), DS}",-1.218518694679442,-1.218518694679442,1.5750788797162527,1.5750788797162527,-0.24145611715976384,1.4867848234834358,-2.3573698047841667,2.492117204356452,0,0,0,0,-1.2286177543919967,-1.2070462570848015,1.506644359807383,1.6271572540454766,-0.24145611715976414,1.4867848234834355,-2.3573698047841667,2.4921172043564526,-0.03317323770656313,-0.16007839214123157,-0.2072646231829909,0.2437477595180901,TRUE,32.90900373458862,"GRT-{PI, PS(A), DS}",-1.2400476053278393,-1.2400476053278393,1.5685193898617766,1.5685193898617766,-0.2627185740225037,1.5049325550784898,-2.285248276451249,2.3558004459473856,0,0,0,0,-1.2400476053278393,-0.2627185740225037,FALSE,3.40177059173584,"GRT-{PI, PS(A), DS}"
84,TRUE,0.12782049179077148,"{PI, PS(A), DS}",-1.2910168229541774,-1.2910168229541774,0.7286884614714269,0.7286884614714269,-2.7399746011706805,0.38422913586751406,-1.1370512997705233,2.216362779224399,0,0,0,0,-1.3001534333634237,-1.2830889448415523,0.7012305981853092,0.7579434312820317,-2.73997460117068,0.38422913586751417,-1.1370512997705233,2.216362779224399,0.4275144890982945,0.019403039770353285,-0.007569283864865805,0.2522083787078007,FALSE,34.164671182632446,"GRT-{PI, PS(A), DS}",-1.2946865229401556,-1.2946865229401556,0.7403246621741797,0.7403246621741797,-2.7562379717912937,0.3872986387899475,-1.1472461346742957,2.2933953470746196,0,0,0,0,-1.2946865229401556,-2.7562379717912937,FALSE,3.509328603744507,"GRT-{PI, PS(A), DS}"
85,FALSE,0.016127824783325195,ERROR: missing value where TRUE/FALSE needed,NA,NA,NA,NA,NA,NA,NA,NA,NA,NA,NA,NA,NA,NA,NA,NA,NA,NA,NA,NA,NA,NA,NA,NA,FALSE,33.5700159072876,"GRT-{PI, PS, DS}",-2.752226873671444,-2.752226873671444,-0.2470453081265851,-0.2470453081265851,-0.9606182098883538,3.646303259502525,-0.9606182098883538,3.646303259502525,0,0,0,0,-2.752226873671444,-0.9606182098883538,TRUE,3.5055832862854004,"GRT-{PI, PS, DS}"
86,TRUE,0.09943795204162598,"{1_RHO, PS(B), DS}",-0.09228111622330046,-0.10200359984670622,0.39868679239995264,1.1720551923513636,-1.4833212974571017,0.05422633966335583,-1.4833212974571017,0.05422633966335583,0.2610698430954392,0.2610698430954392,0.2610698430954392,0.2610698430954392,-0.0896423510757629,-0.1479871097258391,0.40225006532172514,1.204046960026702,-1.4652337926855228,-0.22300783094036664,-1.5341205443525465,0.32807210753165117,0.04695456960988857,0.3407346018938409,-0.20448291966817408,0.5421166152978808,FALSE,34.226181507110596,"GRT-{1_RHO, PS, DS}",-0.08500040074725954,-0.08500040074725954,0.8518216003280188,0.8518216003280188,-3.7028104002260296,4.582643401520592e-4,-3.7028104002260296,4.582643401520592e-4,0.5537028596526228,0.5537028596526228,0.5537028596526228,0.5537028596526228,-0.08500040074725954,-3.7028104002260296,TRUE,3.6287407875061035,"GRT-{1_RHO, PS, DS}"
87,TRUE,0.09917020797729492,"{PI, PS, DS}",-0.9674215485505647,-0.9674215485505647,1.2700084133105436,1.2700084133105436,-1.3829941271003756,1.4557760251146943,-1.3829941271003756,1.4557760251146943,0,0,0,0,-0.7063025628400879,-1.262145176622808,1.1243382315686392,1.4260768722728472,-1.4050715603096327,1.483539859401297,-1.3597373839386058,1.4260768722728472,0.38056823688640706,-0.6589374771866179,-0.620549611829673,0.7667258259559345,TRUE,35.68238115310669,"GRT-{PI, PS, DS}",-1.2493278011983004,-1.2493278011983004,2.004198674923553,2.004198674923553,-2.706079258123468,2.908218223122209,-2.706079258123468,2.908218223122209,0,0,0,0,-1.2493278011983004,-2.706079258123468,FALSE,3.8117198944091797,"GRT-{1_RHO, PS, DS}"
88,TRUE,0.09064936637878418,"{PI, PS, DS}",-1.7861555608184343,-1.7861555608184343,1.4565110089043067,1.4565110089043067,0.023874918204510986,0.2814329110555024,0.023874918204510986,0.2814329110555024,0,0,0,0,-1.70755309355966,-1.8895099603334302,1.258161561063097,1.7972927497249402,-0.06601181237584061,0.2993069104656671,0.1309266489366678,0.2595891288031465,-0.08809557683414494,0.05747459372165574,-0.22062550775346532,0.30641033027045184,FALSE,44.39808678627014,"GRT-{PI, PS, DS}",-2.0701381261922127,-2.0701381261922127,1.6145595747040016,1.6145595747040016,0.020421172243660805,0.30168532584948404,0.020421172243660805,0.30168532584948404,0,0,0,0,-2.0701381261922127,0.020421172243660805,FALSE,4.617665767669678,"GRT-{PI, PS, DS}"
89,TRUE,0.11998319625854492,"{1_RHO, PS(B), DS}",-0.545705775232908,-0.6709503576619666,1.6874297845805357,0.6589684299800594,-1.7895617457524058,-0.06558426198054865,-1.7895617457524058,-0.06558426198054865,-0.2438477339439256,-0.2438477339439256,-0.2438477339439256,-0.2438477339439256,-0.5566336210672109,-0.647603582924978,1.6759397227734443,0.647603582924978,-1.7012881668522597,-0.17374106191177302,-1.8627318674216518,0.04323119115281753,0.2637344516090968,-0.47451786924336203,-0.7478525803637481,-0.032290884511025894,FALSE,45.94935894012451,"GRT-{PI, PS(B), DS}",-0.6147056635465501,-0.715666268401888,2.0916187441509226,0.6915769374931672,-2.6694427746293394,-0.08757841511213282,-2.6694427746293394,-0.08757841511213282,0,0,0,0,-0.6147056635465501,-2.6694427746293394,FALSE,5.545937776565552,"GRT-{PI, PS(B), DS}"
90,TRUE,0.21710681915283203,"{PI, PS, DS}",-0.9674214825972671,-0.9674214825972671,0.9891686272696621,0.9891686272696621,-0.5659488189561384,1.1689488445314633,-0.5659488189561384,1.1689488445314633,0,0,0,0,-0.7363159173761296,-1.186831432755818,0.8416212335729144,1.150349380376008,-0.2933812321211931,1.186831432755818,-0.8416212335729142,1.150349380376008,-0.10287313336566413,-0.7139758227015005,-0.305373629943151,0.7045722710152325,TRUE,41.69470739364624,"GRT-{PI, PS, DS}",-1.6620635973706703,-1.6620635973706703,1.7180033607779615,1.7180033607779615,-0.854034046088678,2.7820828424459014,-0.854034046088678,2.7820828424459014,0,0,0,0,-1.6620635973706703,-0.854034046088678,FALSE,5.318122386932373,"GRT-{PI, PS, DS}"
91,TRUE,0.12610435485839844,"{PI, PS(B), DS}",-1.0675705238781417,-0.5024022233733559,1.0200762327862019,-0.2933812321211931,-1.0444083911358493,-0.09655861528963906,-1.0444083911358493,-0.09655861528963906,0,0,0,0,-1.0675705238781417,-0.5024022233733558,1.0200762327862016,-0.29338123212119355,-1.0675705238781417,-0.29338123212119355,-1.0200762327862019,0.0965586152896391,0.681675263890992,-0.31236780206591874,-0.6674591272075555,0.15575366657443035,FALSE,38.74081754684448,"GRT-{PI, PS(B), DS}",-2.7166398135709136,-0.7645194437862681,5.576923463638102,-0.43978862126581797,-4.286610868025626,-0.15100827045192844,-4.286610868025626,-0.15100827045192844,0,0,0,0,-2.7166398135709136,-4.286610868025626,TRUE,3.373674154281616,"GRT-{PI, PS(B), DS}"
92,TRUE,0.10679006576538086,"{PS, DS}",-1.117084998493731,-1.117084998493731,1.5183926672458667,1.5183926672458667,-1.304812256528465,1.5553371244889334,-1.304812256528465,1.5553371244889334,0.43746753623038453,-0.5405328911522361,-0.6608063382860282,0.774538812531315,-1.1689488445314822,-1.0853249080767589,1.5010859460440251,1.501085946044025,-1.3351777361189368,1.5932188180230507,-1.2815515655446004,1.501085946044025,0.43021925414387846,-0.5390510285965461,-0.6639399085177744,0.7805478180236297,FALSE,36.574374198913574,"GRT-{PI, PS, DS}",-1.3994310088920114,-1.3994310088920114,2.9921050275886207,2.9921050275886207,-1.762209921493468,3.2209674452116834,-1.762209921493468,3.2209674452116834,0,0,0,0,-1.3994310088920114,-1.762209921493468,FALSE,4.028817892074585,"GRT-{PI, PS, DS}"
93,TRUE,0.10045003890991211,"{PI, DS}",-1.3676279233156887,-1.5123895860676804,0.9830529168961906,-0.030573399820905792,-0.9485350408266379,0.7810338115227086,-0.45214741076753623,0.3428553053903269,0,0,0,0,-1.3676279233156887,-1.5123895860676804,0.9830529168961907,-0.030573399820906143,-0.948535040826638,0.7810338115227088,-0.45214741076753623,0.34285530539032677,0.2922408627762854,-0.1829247402859632,-0.4108516316273167,-0.11077931731436289,TRUE,43.09511470794678,"GRT-{PI, PS(B), DS}",-1.8007066390939637,-2.030908659663151,1.1555889559175416,-0.04684004509935069,-0.7435805085414936,0.6245077564131737,-0.7435805085414936,0.6245077564131737,0,0,0,0,-1.8007066390939637,-0.7435805085414936,FALSE,4.4212868213653564,"GRT-{PI, PS(B), DS}"
94,TRUE,0.12594342231750488,"{PI, PS(B), DS}",-0.30070905457492025,-1.5792195192835747,0.18001236979270505,0.9796220281837229,-2.0256691250598218,0.2533470633086653,-2.0256691250598218,0.2533470633086653,0,0,0,0,-0.3007090545749199,-1.5792195192835747,0.18001236979270518,0.9796220281837229,-2.092837798505774,0.2780781334855009,-1.9435639888558576,0.2298841175792318,0.1224608165350526,-0.13861976126772152,-0.0774825712507697,-0.23006363972256377,FALSE,36.45707392692566,"GRT-{PI, PS(B), DS}",-0.2772899555423052,-1.7833687899303323,0.17300411803466753,1.0165631249689229,-2.710774200378713,0.26504258608544573,-2.710774200378713,0.26504258608544573,0,0,0,0,-0.2772899555423052,-2.710774200378713,FALSE,3.9155619144439697,"GRT-{PI, PS(B), DS}"
95,TRUE,0.10006189346313477,"{PS(B), DS}",-0.7216062664166089,-1.3262472174914277,1.4908312853774675,1.2020306357526154,-2.0639296161103204,1.8627318674216515,-2.0639296161103204,1.8627318674216515,0.2970725946709538,-0.5908802309034347,-0.6148389895327797,0.7499239377044487,-0.7215222839823431,-1.3570753132816922,1.491149190161387,1.1571991346000288,-2.0619165008094624,2.0659314636974653,-2.0659314636974653,1.6959907045502698,0.2972574186454911,-0.5589833220315633,-0.6145153059248821,0.7730854686250921,FALSE,36.42578196525574,"GRT-{1_RHO, PS, DS}",-1.0504631087613714,-1.0504631087613714,1.4470043181430172,1.4470043181430172,-3.234303055069816,2.3477485479952147,-3.234303055069816,2.3477485479952147,1,1,1,1,-1.0504631087613714,-3.234303055069816,FALSE,4.06852912902832,"GRT-{1_RHO, PS, DS}"
96,TRUE,0.1393907070159912,"{PI, PS(B), DS}",-1.8557299227201107,-0.3711493232022844,0.6847423917820562,1.7506860712521704,-1.2815476451613608,0.7997751902656656,-1.2815476451613608,0.7997751902656656,0,0,0,0,-1.8557299227201105,-0.3711493232022843,0.684742391782056,1.7506860712521701,-1.3091717167857773,0.8045963803603002,-1.2596595375824995,0.7949086079321859,0.5842092536779756,-0.2710612251237771,0.2505579392148516,0.17164687875010046,FALSE,41.07543063163757,"GRT-{PI, PS(B), DS}",-2.815398488334094,-0.38456961251679633,0.7395861925516396,2.392841878971339,-1.397547748839677,0.857758582546847,-1.397547748839677,0.857758582546847,0,0,0,0,-2.815398488334094,-1.397547748839677,FALSE,4.0039873123168945,"GRT-{PI, PS(B), DS}"
97,TRUE,0.13846659660339355,"{PS(B), DS}",-1.549467816956477,-1.844246923040205,0.19971447543002507,1.6402165258609263,-1.0099901692495818,1.7568266072518173,-1.0099901692495818,1.7568266072518173,0.18669433141045577,-0.8635121296857645,-0.18435097990124752,0.48187968556524063,-1.5647264713617988,-1.9435639888558573,0.1848670276194424,1.6133583946523031,-1.1868314327558183,1.9435639888558573,-0.841621233572914,1.6133583946523031,0.17897228133974555,-0.8430620209761055,-0.19107596831098903,0.4996090315611933,TRUE,41.13654327392578,"GRT-{PI, PS(B), DS}",-1.8030636950215795,-3.1391816085317705,0.20724401502713596,1.8754137383408251,-1.090034972009705,2.4191832652925664,-1.090034972009705,2.4191832652925664,0,0,0,0,-1.8030636950215795,-1.090034972009705,TRUE,3.804485321044922,"GRT-{PI, PS(B), DS}"
98,TRUE,0.11496472358703613,"{PI, PS(B), DS}",-0.48614315483147463,-1.5419862988544464,1.3423356800772612,1.985770403181095,-0.04323119115281371,1.7506860680586587,-0.04323119115281371,1.7506860680586587,0,0,0,0,-0.4861431548314745,-1.5419862988544466,1.3423356800772612,1.9857704031810952,0.018707272235861938,1.6833482640036077,-0.09655861528963937,1.8081173700571713,0.03623703531733582,-0.5617799986010328,0.2516281381207738,0.7697473523509691,FALSE,42.20058870315552,"GRT-{PI, PS(B), DS}",-0.49936368382366325,-1.9440284701706083,1.4566029012744803,2.370365062743603,-0.046580446165561486,2.22957579029127,-0.046580446165561486,2.22957579029127,0,0,0,0,-0.49936368382366325,-0.046580446165561486,FALSE,4.168635606765747,"GRT-{PI, PS(B), DS}"
99,TRUE,0.1021120548248291,"{PI, PS, DS}",-1.1503493787989447,-1.1503493787989447,0.6744896845322956,0.6744896845322956,-0.8616341201741725,1.0675705238781419,-0.8616341201741725,1.0675705238781419,0,0,0,0,-1.2206403488473498,-1.0675705238781417,0.9674215661017012,0.3661063568005699,-0.7647096737863874,1.0675705238781417,-0.9674215661017009,1.0675705238781417,0.4496872182101441,-0.6816752638909919,-0.37532371578883517,0.23193714880402183,FALSE,39.80375099182129,"GRT-{PI, PS, DS}",-3.3953472635655335,-3.3953472635655335,0.9521228787457683,0.9521228787457683,-1.2373810323985834,3.6284618000939144,-1.2373810323985834,3.6284618000939144,0,0,0,0,-3.3953472635655335,-1.2373810323985834,FALSE,3.0858607292175293,"GRT-{PI, PS, DS}"
100,TRUE,0.09397482872009277,"{PI, PS(A), DS}",-1.2305519708494523,-1.2305519708494523,1.7986544787502146,1.7986544787502146,-1.1048357439621106,0.6168806771803037,-1.4157020938005065,1.1918161716813946,0,0,0,0,-1.1983797023069247,-1.2564434852902646,1.7598610279335336,1.8339146358159146,-1.1048357439621106,0.616880677180304,-1.4157020938005063,1.1918161716813944,0.41979830430106857,-0.029487611277401328,-0.657053942744734,0.5361729038931808,FALSE,37.299346685409546,"GRT-{PI, PS, DS}",-1.4020895149807981,-1.4020895149807981,2.7490115855545496,2.7490115855545496,-1.4415544701980645,0.9342884029057617,-1.4415544701980645,0.9342884029057617,0,0,0,0,-1.4020895149807981,-1.4415544701980645,FALSE,4.331278085708618,"GRT-{PI, PS, DS}"
101,TRUE,0.11542248725891113,"{PI, PS(B), DS}",-1.1066243481171736,-1.5734833683359515,1.7924596898401042,1.9120800929233377,-1.491286042035065,1.4682161966232308,-1.491286042035065,1.4682161966232308,0,0,0,0,-1.1066243481171736,-1.5734833683359515,1.7924596898401042,1.9120800929233375,-1.5514020297029791,1.4385113572990298,-1.4533783959029394,1.498211871283548,0.17772688468260325,-0.08018875955975517,-0.1430261190711067,0.3010030125764272,FALSE,43.66203188896179,"GRT-{PI, PS, DS}",-1.4384889975299762,-1.4384889975299762,1.976701733238481,1.976701733238481,-1.5292657764687716,1.5704311600072756,-1.5292657764687716,1.5704311600072756,0,0,0,0,-1.4384889975299762,-1.5292657764687716,TRUE,3.8415791988372803,"GRT-{PI, PS, DS}"
102,TRUE,0.16421079635620117,"{PI, PS(B), DS}",-1.530131219649769,-0.11418529432142821,0.06601181237584053,1.7116753065097285,-1.0341302635025749,0.07264961733117943,-1.0341302635025749,0.07264961733117943,0,0,0,0,-1.530131219649769,-0.11418529432142846,0.0660118123758409,1.7116753065097288,-1.184486663548627,0.0518130138218156,-0.9244286998588878,0.090945077535497,0.4566858643375381,-0.033296011432585086,-0.0766910525488437,-0.15804552039552183,FALSE,34.128358364105225,"GRT-{PI, PS(B), DS}",-1.6157992224276303,-0.12766538443673348,0.06512704644139422,1.8937570724375743,-1.085719674806768,0.07762227978693703,-1.085719674806768,0.07762227978693703,0,0,0,0,-1.6157992224276303,-1.085719674806768,TRUE,3.480236291885376,"GRT-{PI, PS(B), DS}"
103,TRUE,0.12656068801879883,"{PI, PS(B), DS}",-1.501085946044025,-0.8957798188835892,1.335177736118937,0.04643572477052666,-0.6744897215534816,1.2206403488473496,-0.6744897215534816,1.2206403488473496,0,0,0,0,-1.5010859460440247,-0.8957798188835894,1.3351777361189368,0.04643572477052682,-0.5244005127080406,1.0444087948725962,-0.9084578685373851,1.4461035929181754,0.2705150752456419,-0.14550367763892869,-0.5061832068574191,0.024530820696777977,TRUE,38.99189758300781,"GRT-{PI, PS(B), DS}",-2.745527120705231,-1.1478092706578298,3.7501656740498635,0.04570565379316971,-0.8285009726552995,1.7052142389964282,-0.8285009726552995,1.7052142389964282,0,0,0,0,-2.745527120705231,-0.8285009726552995,FALSE,4.629472970962524,"GRT-{PI, PS(B), DS}"
104,TRUE,0.2051255702972412,"{PI, PS, DS}",-0.8416212242828924,-0.8416212242828924,0.9446695913024014,0.9446695913024014,-0.21779837992376222,1.1107716166268866,-0.21779837992376222,1.1107716166268866,0,0,0,0,-0.5659488219328632,-1.150349380376008,1.1107716166367858,0.7916386077433747,2.4304671815761346e-18,1.150349380376008,-0.43072729929545756,1.0675705238781417,0.510599491030809,-0.7045744492358141,-0.26700331318996046,0.5030437614198344,FALSE,37.81077027320862,"GRT-{PI, PS, DS}",-1.3304356425200425,-1.3304356425200425,1.697009688854684,1.697009688854684,-0.30643778437532715,2.718012272724531,-0.30643778437532715,2.718012272724531,0,0,0,0,-1.3304356425200425,-0.30643778437532715,FALSE,4.576660871505737,"GRT-{PI, PS, DS}"
105,TRUE,0.2838633060455322,"{PI, PS, DS}",-1.1937950727640287,-1.1937950727640287,1.0968035103803384,1.0968035103803384,-1.3476288775636938,-0.11964811303966304,-1.3476288775636938,-0.11964811303966304,0,0,0,0,-1.0675705238781419,-1.335177736118937,1.3829941271006385,0.8416212335729142,-1.3091717167857773,-0.22988411757923197,-1.3829941271006385,-3.0866454896128613e-16,0.6031574532304667,0.1277545497690052,-0.7582523463389785,-0.443864910020345,FALSE,45.074703216552734,"GRT-{PI, PS, DS}",-2.0399530360682565,-2.0399530360682565,1.634800749194834,1.634800749194834,-2.717087297350213,-0.16131149804105682,-2.717087297350213,-0.16131149804105682,0,0,0,0,-2.0399530360682565,-2.717087297350213,TRUE,3.854102849960327,"GRT-{PI, PS, DS}"
106,TRUE,0.07280397415161133,"{PI, PS, DS}",-0.7322762047230996,-0.7322762047230996,2.0868573133559067,2.0868573133559067,-0.5439640608562041,0.7215216805735409,-0.5439640608562041,0.7215216805735409,0,0,0,0,-0.7857738315244838,-0.6807969187645752,2.028069144933907,2.160044423184283,-0.5359400266474904,0.6557266787982536,-0.5511070633798174,0.7878760170254155,6.320466264943239e-4,-0.005023141297116517,-0.05040094965093404,0.31330146340309495,TRUE,38.07792592048645,"GRT-{PI, PS, DS}",-0.7599972535573699,-0.7599972535573699,2.3170913193836062,2.3170913193836062,-0.5546310458989901,0.753977233572675,-0.5546310458989901,0.753977233572675,0,0,0,0,-0.7599972535573699,-0.5546310458989901,FALSE,4.235403060913086,"GRT-{PI, PS, DS}"
107,FALSE,0.06151008605957031,ERROR: x appears to be not positive definite,NA,NA,NA,NA,NA,NA,NA,NA,NA,NA,NA,NA,NA,NA,NA,NA,NA,NA,NA,NA,NA,NA,NA,NA,TRUE,31.366029500961304,"GRT-{PI, PS(B), DS}",-0.06598785596271597,-1.2452659732901206,2.692760481826636,0.6123114203615899,-2.3310604809608715,1.8769436364343917,-2.3310604809608715,1.8769436364343917,0,0,0,0,-0.06598785596271597,-2.3310604809608715,FALSE,4.133817195892334,"GRT-{PI, PS(B), DS}"
108,FALSE,0.05260300636291504,ERROR: x appears to be not positive definite,NA,NA,NA,NA,NA,NA,NA,NA,NA,NA,NA,NA,NA,NA,NA,NA,NA,NA,NA,NA,NA,NA,NA,NA,FALSE,34.86184787750244,"GRT-{PI, PS(B), DS}",-1.9321292696091625,-0.4550208546400465,0.2849353414965481,0.8342735842248599,-3.4058638792726,1.1624734763171216,-3.4058638792726,1.1624734763171216,0,0,0,0,-1.9321292696091625,-3.4058638792726,TRUE,3.8976821899414062,"GRT-{PI, PS(B), DS}"
109,TRUE,0.1215062141418457,"{PI, PS(B), DS}",-1.562153092205226,-2.2624658078718447,2.5077381179651295,1.2356678188857966,-1.6041449622394166,1.1795940549477235,-1.6041449622394166,1.1795940549477235,0,0,0,0,-1.5621530922052258,-2.2624658078718447,2.5077381179651295,1.2356678188857966,-1.6192268749900411,1.1833097993865727,-1.5902158976781258,1.1743103789066798,0.2048635284057606,-0.13364191194590003,-0.2749929797099002,0.17375104510785344,FALSE,38.64021396636963,"GRT-{PI, PS(B), DS}",-1.535161595944701,-2.4754717372523394,2.3606439807596358,1.2324510295973907,-1.6016996700801593,1.1718078055689234,-1.6016996700801593,1.1718078055689234,0,0,0,0,-1.535161595944701,-1.6016996700801593,FALSE,3.453584671020508,"GRT-{PI, PS(B), DS}"
110,TRUE,0.10303258895874023,"{PI, PS(B), DS}",-1.150349380376008,-1.2521195202652196,-0.06601181237584065,1.0031479676625341,-0.26540475325940666,1.2521195202652196,-0.26540475325940666,1.2521195202652196,0,0,0,0,-1.1503493803760079,-1.2521195202652193,-0.06601181237584094,1.0031479676625341,-0.10463345561407546,1.2521195202652193,-0.47950565333095024,1.2521195202652196,-0.19401904148408325,-0.7298339461158496,0.4174913415245879,0.5821954198296968,FALSE,33.16902709007263,"GRT-{PI, PS(B), DS}",-1.6365558624755336,-3.1245972053510656,-0.07817552755030266,1.5111931756296588,-0.34095397055485166,2.721636901120597,-0.34095397055485166,2.721636901120597,0,0,0,0,-1.6365558624755336,-0.34095397055485166,TRUE,2.9023890495300293,"GRT-{PI, PS(B), DS}"
111,FALSE,0.007329463958740234,ERROR: missing value where TRUE/FALSE needed,NA,NA,NA,NA,NA,NA,NA,NA,NA,NA,NA,NA,NA,NA,NA,NA,NA,NA,NA,NA,NA,NA,NA,NA,TRUE,33.00140857696533,"GRT-{PI, PS, DS}",-3.077033828049745,-3.077033828049745,1.138842335882019,1.138842335882019,-0.004158449443079836,1.0586170358843627,-0.004158449443079836,1.0586170358843627,0,0,0,0,-3.077033828049745,-0.004158449443079836,TRUE,3.458338975906372,"GRT-{PI, PS, DS}"
112,TRUE,0.08869743347167969,"{PI, PS(B), DS}",-1.042246741832409,-1.975664650535523,0.6744897501960817,1.3091717167857773,-0.16349352592986444,0.15513824910911173,-0.16349352592986444,0.15513824910911173,0,0,0,0,-1.042246741832409,-1.975664650535523,0.6744897501960818,1.3091717167857773,-0.17018472411236896,0.07557272568402965,-0.15731068461017106,0.2615728296513021,-0.11339014754151422,-0.032135790477412995,-0.1237954187472512,0.14714770050748308,TRUE,28.42323899269104,"GRT-{PI, PS(B), DS}",-1.1429863942963645,-2.826434334090318,0.7077805389006995,1.4922889416381193,-0.16759540024529704,0.16693053600834837,-0.16759540024529704,0.16693053600834837,0,0,0,0,-1.1429863942963645,-0.16759540024529704,TRUE,3.108666181564331,"GRT-{PI, PS(B), DS}"
113,FALSE,0.09040117263793945,ERROR: missing value where TRUE/FALSE needed,NA,NA,NA,NA,NA,NA,NA,NA,NA,NA,NA,NA,NA,NA,NA,NA,NA,NA,NA,NA,NA,NA,NA,NA,FALSE,29.881922006607056,"GRT-{PI, PS(B), DS}",-2.7694686185529256,-5.583541808004437,3.920815397804486,-0.002094626348665418,0.21657569180744476,0.9500396088962997,0.21657569180744476,0.9500396088962997,0,0,0,0,-2.7694686185529256,0.21657569180744476,TRUE,3.6223623752593994,"GRT-{PI, PS(B), DS}"
114,TRUE,0.06887078285217285,"{PI, PS, DS}",-1.4260768721964503,-1.4260768721964503,0.46049453910071975,0.46049453910071975,-0.5729675484893663,1.5572843681885635,-0.5729675484893663,1.5572843681885635,0,0,0,0,-1.517929159594279,-1.3517022399306613,0.3993230673495514,0.5157047936930382,-0.4604945391031164,1.5647264713617988,-0.7018725954219606,1.549705900736589,0.23577104941373128,-0.6812581661133684,-0.17141723072900497,0.2604449254254493,FALSE,38.939873695373535,"GRT-{PI, PS, DS}",-2.1089229887403116,-2.1089229887403116,0.5368672788474691,0.5368672788474691,-0.6723309918794469,2.691572746212514,-0.6723309918794469,2.691572746212514,0,0,0,0,-2.1089229887403116,-0.6723309918794469,FALSE,3.883897066116333,"GRT-{PI, PS, DS}"
115,TRUE,0.11867833137512207,"{PI, PS(B), DS}",-1.9022164957820158,-1.8107766086044805,0.5024022233733559,1.926403152963982,-1.110771215345934,1.243254667084282,-1.110771215345934,1.243254667084282,0,0,0,0,-1.9022164957820156,-1.8107766086044805,0.5024022233733558,1.926403152963982,-1.1331700302595604,1.3549339667142235,-1.0872573835362354,1.1669186011353176,0.4962104994413698,-0.6157156134467472,-0.045148463755831744,0.5062930688546943,FALSE,33.721678256988525,"GRT-{PI, PS(B), DS}",-2.978102160637412,-4.697311806285153,0.5224626956671616,2.701957016152352,-1.2362663116492478,1.3898293950814904,-1.2362663116492478,1.3898293950814904,0,0,0,0,-2.978102160637412,-1.2362663116492478,FALSE,3.3356783390045166,"GRT-{PI, PS(B), DS}"
116,TRUE,0.0908205509185791,"{PI, PS(B), DS}",-2.524260343642259,-0.5555589554799827,1.2815515655446008,1.9145058250555576,-0.9986820866038384,0.3630076224524523,-0.9986820866038384,0.3630076224524523,0,0,0,0,-2.5242603436422595,-0.5555589554799828,1.2815515655446008,1.9145058250555573,-1.0712479180160464,0.3377691096577255,-0.902734791643865,0.3874640445515792,0.3767059302917113,-0.008211052573508652,-0.052099762432878914,0.09057295439479335,FALSE,32.57025599479675,"GRT-{PI, PS(B), DS}",-2.9642242945933197,-0.5525641146056448,1.3119784613811798,1.9886481379124965,-1.03331387700168,0.3653311920371167,-1.03331387700168,0.3653311920371167,0,0,0,0,-2.9642242945933197,-1.03331387700168,FALSE,3.7798526287078857,"GRT-{PI, PS(B), DS}"
117,TRUE,0.11469841003417969,"{PI, PS, DS}",-1.1628312901311522,-1.1628312901311522,1.4362071783654817,1.4362071783654817,-1.1503493803757727,1.220640200357585,-1.1503493803757727,1.220640200357585,0,0,0,0,-1.4050715603096324,-0.9674215661017008,1.359737383938606,1.501085946044025,-1.17498679206609,0.9674215661017008,-1.124338231568639,1.501085946044025,0.6352650235725145,-0.20291847695387255,-0.6205496118296732,0.7805478180236297,FALSE,36.08001780509949,"GRT-{PI, PS, DS}",-1.6341059670096414,-1.6341059670096414,2.742674868036424,2.742674868036424,-1.6819719982670642,1.7451177517992733,-1.6819719982670642,1.7451177517992733,0,0,0,0,-1.6341059670096414,-1.6819719982670642,FALSE,3.594642162322998,"GRT-{PI, PS, DS}"
118,TRUE,0.11143970489501953,"{PI, PS(B), DS}",-1.1868314327558183,-1.2815515655446006,1.0031479676625343,-0.33603814037182317,-1.0852823705059358,1.267075661079333,-1.0852823705059358,1.267075661079333,0,0,0,0,-1.1868314327558183,-1.2815515655446004,1.0031479676625341,-0.33603814037182295,-0.9288994916472709,1.2815515655446004,-1.2521195202652196,1.2521195202652196,0.556303499544542,-0.7365998048334199,-0.5821954198296969,-0.19424914462133064,FALSE,30.358721017837524,"GRT-{PI, PS(B), DS}",-2.65549465412799,-4.628325522305242,1.4849001720543127,-0.42664698306779325,-1.8142752423439825,3.3974433116211875,-1.8142752423439825,3.3974433116211875,0,0,0,0,-2.65549465412799,-1.8142752423439825,FALSE,3.3030707836151123,"GRT-{PI, PS(B), DS}"
119,TRUE,0.06471443176269531,"{PI, PS, DS}",-0.7647096737863869,-0.7647096737863869,0.7215197502878141,0.7215197502878141,-0.721519750287814,0.764709673786387,-0.721519750287814,0.764709673786387,0,0,0,0,-0.7647096737863873,-0.7647096737863872,0.6744897501960816,0.7647096737863874,-0.7647096737863873,0.7647096737863873,-0.6744897501960816,0.7647096737863874,0.5748985383077924,-0.5748985383077923,-0.5342895672253395,0.5748985383077923,TRUE,12.677826642990112,"GRT-{PI, PS, DS}",-2.9787554244674896,-2.9787554244674896,2.95438328424053,2.95438328424053,-3.6844136485492722,2.8230434557022317,-3.6844136485492722,2.8230434557022317,0,0,0,0,-2.9787554244674896,-3.6844136485492722,TRUE,1.7032289505004883,"GRT-{PI, PS, DS}"
120,TRUE,0.07891249656677246,"{PI, PS, DS}",-0.46049453893741893,-0.46049453893741893,1.044408794872511,1.044408794872511,-0.3993230673495391,0.9446695911606868,-0.3993230673495391,0.9446695911606868,0,0,0,0,-0.8416212335729142,-0.15731068461017098,1.0675705238781419,1.0200762327862016,-0.4307272992954574,0.8871465590188763,-0.36610635680056963,1.0200762327862016,1.0438470713447876e-17,0.18640933726004863,-0.23193714421215025,0.6674550823373907,FALSE,29.92211389541626,"GRT-{PI, PS, DS}",-0.6307708484608616,-0.6307708484608616,2.6674266147734547,2.6674266147734547,-0.5538641179200703,1.6751753981556383,-0.5538641179200703,1.6751753981556383,0,0,0,0,-0.6307708484608616,-0.5538641179200703,FALSE,2.7612454891204834,"GRT-{PI, PS, DS}"
121,TRUE,0.14195919036865234,"{PI, PS(B), DS}",-0.2822161470625081,-1.3091717167857773,0.9084578685373853,0.43072729929545756,-1.0364333112919963,0.967421566101701,-1.0364333112919963,0.967421566101701,0,0,0,0,-0.28221614706250836,-1.3091717167857773,0.9084578685373852,0.4307272992954574,-0.764709673786387,1.0675705238781419,-1.3351777361189368,0.876142849246841,0.2107571405901529,-0.6031574537938992,-0.5061832068574191,-0.1657428085771119,FALSE,26.14475440979004,"GRT-{PI, PS(B), DS}",-0.3707129557928945,-2.772627209902051,1.2268946895025146,0.5455778347464735,-1.5362468480899654,1.3404796621832464,-1.5362468480899654,1.3404796621832464,0,0,0,0,-0.3707129557928945,-1.5362468480899654,FALSE,2.9494104385375977,"GRT-{PI, PS(B), DS}"
122,TRUE,0.21938657760620117,"{PI, PS(B), DS}",-1.0890781986329696,-2.2353127225808818,1.6224265794152,0.2096738180231257,-1.940592758468771,0.6304070657739491,-1.940592758468771,0.6304070657739491,0,0,0,0,-1.0890781986329696,-2.2353127225808818,1.6224265794152,0.2096738180231249,-1.9411605546624389,0.6132931230857991,-1.9401947942513094,0.6496767269462128,0.00928322174832928,0.023624789513858335,-0.15259902940796938,0.07142125499449183,TRUE,39.13457250595093,"GRT-{PI, PS(B), DS}",-1.1348320120950584,-2.4358500470055984,1.6752748586620398,0.18977827629864263,-2.057964239498804,0.6296905220136155,-2.057964239498804,0.6296905220136155,0,0,0,0,-1.1348320120950584,-2.057964239498804,FALSE,3.184797525405884,"GRT-{1_RHO, PS(B), DS}"
123,TRUE,0.10200762748718262,"{PI, PS(B), DS}",-1.9907204615820324,-0.6406668899191053,1.2886181677160626,0.26414697682592364,-1.8816696087664933,0.9121255952472372,-1.8816696087664933,0.9121255952472372,0,0,0,0,-1.9907204615820324,-0.6406668899191051,1.2886181677160626,0.2641469768259236,-1.8134175686740346,0.9820261683095116,-1.9652724189717776,0.8490861916917161,0.77057182763099,-0.14127638919222765,-0.5510673053763567,-0.1502240128312884,FALSE,34.95981812477112,"GRT-{PI, PS(B), DS}",-2.7176883582968627,-0.6762007541641086,1.4261630335158757,0.28080498758989325,-2.453947875179786,0.9605690167246843,-2.453947875179786,0.9605690167246843,0,0,0,0,-2.7176883582968627,-2.453947875179786,TRUE,3.4177780151367188,"GRT-{1_RHO, PS(B), DS}"
124,TRUE,0.10643744468688965,"{PS(B), DS}",-0.15718289834942695,-2.1414214625330037,0.6144395275635214,1.675421121878864,-2.0213529333395224,1.0557557760538183,-2.0213529333395224,1.0557557760538183,0.06571095554074259,-0.3996727493951455,-0.25692564847665605,0.7616732381953127,-0.15731068461017078,-2.128045234184985,0.6138327660514064,1.716768353371364,-2.0368341317013887,1.0013312975256936,-2.005179879993317,1.1309776082451581,0.0653870424444468,-0.4028856824712622,-0.2582265793772827,0.7583204057449418,TRUE,37.00636267662048,"GRT-{1_RHO, PS(B), DS}",-0.15495457873652957,-2.706959292248331,0.6394315942182089,2.4341822139008222,-3.268940949840363,1.1433437000506506,-3.268940949840363,1.1433437000506506,0.9913665213200583,0.9913665213200583,0.9913665213200583,0.9913665213200583,-0.15495457873652957,-3.268940949840363,TRUE,3.518892526626587,"GRT-{1_RHO, PS(B), DS}"
125,TRUE,0.10664248466491699,"{PI, PS(B), DS}",-1.0017679162384654,-0.8674156943957149,0.09522271118359028,1.980752396647279,-0.27218659564858916,1.585811926998039,-0.27218659564858916,1.585811926998039,0,0,0,0,-1.0017679162384656,-0.867415694395715,0.09522271118359042,1.9807523966472793,-0.27305605487126045,1.5792195192835747,-0.27123941952052283,1.5932188180230507,0.08023745308287977,-0.2790590179818991,-0.07492219517527145,0.5171665282441223,FALSE,29.367411375045776,"GRT-{PI, PS(B), DS}",-1.028344157257832,-0.9054037367865202,0.10723561746903898,2.4600776515253537,-0.2865926321602661,1.721709223313379,-0.2865926321602661,1.721709223313379,0,0,0,0,-1.028344157257832,-0.2865926321602661,FALSE,3.1919772624969482,"GRT-{PI, PS(B), DS}"
126,TRUE,0.11739158630371094,"{PI, PS(B), DS}",-1.6637927858850745,-2.036834131701389,0.40225006532172525,1.7543819658835995,-1.9599639844859822,0.6119957932283709,-1.9599639844859822,0.6119957932283709,0,0,0,0,-1.6637927858850745,-2.0368341317013887,0.40225006532172547,1.7543819658835995,-1.8980286526220018,0.5184179884392537,-2.0368341317013887,0.6870305263016268,0.5704337538123259,-0.21552130020808627,-0.16721374898166835,-0.07079989000243819,FALSE,35.341262102127075,"GRT-{PI, PS(B), DS}",-1.8595199340865842,-3.2047507131884196,0.41384297248687085,1.977235935986573,-2.4149651243798753,0.6377483802436044,-2.4149651243798753,0.6377483802436044,0,0,0,0,-1.8595199340865842,-2.4149651243798753,FALSE,3.667569637298584,"GRT-{PI, PS(B), DS}"
127,FALSE,0.005856513977050781,ERROR: missing value where TRUE/FALSE needed,NA,NA,NA,NA,NA,NA,NA,NA,NA,NA,NA,NA,NA,NA,NA,NA,NA,NA,NA,NA,NA,NA,NA,NA,FALSE,26.817846059799194,"GRT-{PI, PS, DS}",-0.6636158070754739,-0.6636158070754739,0.0030401883812557484,0.0030401883812557484,-2.657419913331083,1.1335318446990543,-2.657419913331083,1.1335318446990543,0,0,0,0,-0.6636158070754739,-2.657419913331083,TRUE,2.691052198410034,"GRT-{PI, PS, DS}"
128,TRUE,0.09604454040527344,"{PI, PS(B), DS}",-0.712443032389489,-1.2815515655446006,0.48877641111466985,1.3091717167857773,-1.1024231697736144,0.8591685627890796,-1.1024231697736144,0.8591685627890796,0,0,0,0,-0.712443032389489,-1.2815515655446004,0.4887764111146694,1.3091717167857773,-1.0675705238781419,1.0364333894937896,-1.150349380376008,0.712443032389489,0.6719402796827009,-0.5931936972941262,-0.2970988063217434,0.4013613607224282,FALSE,31.444597244262695,"GRT-{PI, PS(B), DS}",-0.9521800949114918,-3.053035241058184,0.6794948998621653,2.76193908197037,-1.827227627199959,1.174513073165418,-1.827227627199959,1.174513073165418,0,0,0,0,-0.9521800949114918,-1.827227627199959,FALSE,3.0155680179595947,"GRT-{PI, PS(B), DS}"
129,TRUE,0.10992574691772461,"{PI, PS, DS}",-0.8416212335729141,-0.8416212335729141,1.1309773778957641,1.1309773778957641,-1.130977377895764,1.1107716166367858,-1.130977377895764,1.1107716166367858,0,0,0,0,-1.1107716166367858,-0.6229257232100874,1.150349380376008,1.1107716166367858,-1.1107716166367858,1.1107716166367858,-1.150349380376008,1.1107716166367858,0.6939010741266662,-0.3865479774568616,-0.7045722710152325,0.6939010741266662,FALSE,30.107518196105957,"GRT-{PI, PS, DS}",-1.3409293768797306,-1.3409293768797306,3.4716275631677047,3.4716275631677047,-2.7080267247197383,2.6104740851407686,-2.7080267247197383,2.6104740851407686,0,0,0,0,-1.3409293768797306,-2.7080267247197383,FALSE,2.961193799972534,"GRT-{PI, PS, DS}"
130,TRUE,0.11604619026184082,"{PI, PS, DS}",-1.1868314327558185,-1.1868314327558185,1.1189583807935022,1.1189583807935022,-1.1189583550484945,0.7215222839823433,-1.1189583550484945,0.7215222839823433,0,0,0,0,-1.1868314327558183,-1.1868314327558183,1.0675705238781419,1.1868314327558183,-0.9288994916472709,0.7215222839823432,-1.3091717167857773,0.7215222839823432,0.556303499544542,-0.43127218958662805,-0.6031574537938991,0.43127218958662805,FALSE,35.18506574630737,"GRT-{PI, PS, DS}",-2.8554653910073595,-2.8554653910073595,1.8236917595750164,1.8236917595750164,-1.9431309690069396,1.041178831272974,-1.9431309690069396,1.041178831272974,0,0,0,0,-2.8554653910073595,-1.9431309690069396,FALSE,3.689286708831787,"GRT-{PI, PS, DS}"
131,TRUE,0.08088469505310059,"{PI, PS(B), DS}",-0.1613790427342392,-0.6229257232100878,1.3144962914678755,0.5929845539816319,-0.36194744419213576,0.9820261683094907,-0.36194744419213576,0.9820261683094907,0,0,0,0,-0.16137904273423945,-0.6229257232100875,1.3144962914678755,0.5929845539816321,-0.22688544453587897,1.0128933374446916,-0.46558939694383744,0.9533247958936266,0.17045333518524508,-0.5118066897639326,-0.11994614535403374,-0.05424962783312574,TRUE,23.961923837661743,"GRT-{PI, PS(B), DS}",-0.16816838611488505,-0.7172234891175678,1.5588913205697077,0.671445630171577,-0.3984863484300837,1.120744312464038,-0.3984863484300837,1.120744312464038,0,0,0,0,-0.16816838611488505,-0.3984863484300837,TRUE,2.734910726547241,"GRT-{PI, PS(B), DS}"
132,TRUE,0.08313179016113281,"{PI, PS(B), DS}",-1.4135968218888983,-0.8263560436473538,1.7237899879084906,2.0578559805954546,-0.44951353114746917,1.6808923994808438,-0.44951353114746917,1.6808923994808438,0,0,0,0,-1.4135968218888988,-0.826356043647354,1.7237899879084904,2.0578559805954546,-0.45978675470552205,1.716768353371364,-0.4385095495586667,1.649672679353478,0.1113836507493295,-0.0721894928002592,0.18337116510768003,0.6824326267288071,FALSE,30.968014001846313,"GRT-{PI, PS(B), DS}",-1.5955330948687276,-0.8621701750443406,2.1279727525761034,2.861924298122177,-0.4695247236374182,1.9493467164173977,-0.4695247236374182,1.9493467164173977,0,0,0,0,-1.5955330948687276,-0.4695247236374182,FALSE,2.8151960372924805,"GRT-{PI, PS, DS}"
133,TRUE,0.1605076789855957,"{PS(B), DS}",-1.6383385807211441,-0.4764631954061702,1.6510836753011782,1.0232661378758452,-1.6448536269514729,1.0993740652716302,-1.6448536269514729,1.0993740652716302,0.800788347583911,-0.028577241194220213,-0.8072854371293501,0.4981975744814274,-1.6325479658463484,-0.47589899043667866,1.6567947658159812,1.0364333894937896,-1.6325479658463484,1.052254225556229,-1.6567947658159814,1.150349380376008,0.8022163686191464,-0.028917199205053624,-0.8058916900363172,0.49323793977958263,FALSE,31.056306838989258,"GRT-{PI, PS(B), DS}",-2.6857296982647982,-0.5259192063876266,3.2970995810650887,1.222023317941403,-4.7165083847578595,1.3095679495268033,-4.7165083847578595,1.3095679495268033,0,0,0,0,-2.6857296982647982,-4.7165083847578595,FALSE,2.6554617881774902,"GRT-{PI, PS(B), DS}"
134,TRUE,0.07851719856262207,"{PS(B), DS}",-1.4194823206926905,-0.9661112405244549,1.144194339406927,0.5161041999980638,-1.1829168441963644,0.27868339741721965,-1.1829168441963644,0.27868339741721965,0.4871324356935921,0.3359941095651914,-0.4508874686359676,0.274693489283722,-1.3894173338410674,-0.9842349604463252,1.1779765121444505,0.5312607573635746,-1.075048664534985,0.18911842627279282,-1.343517455854033,0.3661063568005697,0.49704964396423856,0.3390744362108859,-0.4339408765171225,0.2731243575688785,TRUE,26.52934980392456,"GRT-{PI, PS(B), DS}",-1.526336341528491,-1.0656928016819331,1.307629414166536,0.5549136337392757,-1.2950661041581388,0.2929856998170399,-1.2950661041581388,0.2929856998170399,0,0,0,0,-1.526336341528491,-1.2950661041581388,FALSE,2.3659720420837402,"GRT-{PI, PS(B), DS}"
135,TRUE,0.08070564270019531,"{PS, DS}",-1.4523104379356173,-1.4523104379356173,1.322150823430102,1.322150823430102,-1.357117459745812,1.3998199486176617,-1.357117459745812,1.3998199486176617,0.6564589152835357,-0.7355855745866905,-0.6218856579908493,0.8020081137520515,-1.5010859460440251,-1.335177736118937,1.1983797023069247,1.501085946044025,-1.2815515655446004,1.335177736118937,-1.4260768722728474,1.501085946044025,0.6639399085177745,-0.7483560128963014,-0.6418180981992133,0.7805478180236297,FALSE,31.12902045249939,"GRT-{PI, PS, DS}",-3.195674367807063,-3.195674367807063,2.0395360216913194,2.0395360216913194,-2.1217186399959935,3.282614466668794,-2.1217186399959935,3.282614466668794,0,0,0,0,-3.195674367807063,-2.1217186399959935,FALSE,2.974622964859009,"GRT-{PI, PS, DS}"
136,FALSE,0.08085346221923828,ERROR: missing value where TRUE/FALSE needed,NA,NA,NA,NA,NA,NA,NA,NA,NA,NA,NA,NA,NA,NA,NA,NA,NA,NA,NA,NA,NA,NA,NA,NA,FALSE,29.471766233444214,"GRT-{PI, PS, DS}",-0.9157935368140121,-0.9157935368140121,0.3944343793221764,0.3944343793221764,-2.6846910172656,0.2549472739662013,-2.6846910172656,0.2549472739662013,0,0,0,0,-0.9157935368140121,-2.6846910172656,FALSE,3.3376641273498535,"GRT-{PI, PS, DS}"
137,TRUE,0.08222484588623047,"{PI, PS, DS}",-0.8591751236469185,-0.8591751236469185,0.0627067779426602,0.0627067779426602,-1.322365378899718,1.2521195202652196,-1.322365378899718,1.2521195202652196,0,0,0,0,-1.0968035620935135,-0.633640000779701,0.3029804480562061,-0.19920132478926697,-1.335177736118937,1.2521195202652196,-1.3091717167857773,1.2521195202652196,0.6122357317963677,-0.3666659803901295,-0.17045319150049798,-0.11512187741829666,TRUE,27.62820267677307,"GRT-{PI, PS, DS}",-1.159446282150535,-1.159446282150535,0.08046198680908345,0.08046198680908345,-3.4421805099027196,3.775421320937509,-3.4421805099027196,3.775421320937509,0,0,0,0,-1.159446282150535,-3.4421805099027196,FALSE,2.881681203842163,"GRT-{PI, PS, DS}"
138,TRUE,0.08390235900878906,"{PI, PS, DS}",-0.7018725954005469,-0.7018725954005469,1.029956762148084,1.029956762148084,-1.0299565801533623,1.0896619819460576,-1.0299565801533623,1.0896619819460576,0,0,0,0,-0.5659488219328632,-0.8416212335729143,1.0031479676625341,1.0675705238781417,-0.7916386077433745,1.1107716166367858,-1.2521195202652196,1.0675705238781417,0.10061818739779806,-0.5232955907866056,-0.5821954198296969,0.6816625362679237,FALSE,31.46145725250244,"GRT-{PI, PS, DS}",-1.0768937543197983,-1.0768937543197983,1.7184169992147962,1.7184169992147962,-1.7537035241456957,2.8168993816739096,-1.7537035241456957,2.8168993816739096,0,0,0,0,-1.0768937543197983,-1.7537035241456957,FALSE,3.3029842376708984,"GRT-{PI, PS, DS}"
139,TRUE,0.10468649864196777,"{PS, DS}",0.051396356085997005,0.051396356085997005,0.7766140120549375,0.7766140120549375,-1.6277729268659595,0.2779936133358276,-1.6277729268659595,0.2779936133358276,0.015998808573394942,0.5841126852315927,-0.3398263776280672,0.7608993889660339,-0.032141793327338304,0.2054644090671238,0.6959079368789582,0.7363159173761298,-1.6325479658463489,0.5177235528176668,-1.6067550689692431,0.09655861528963941,0.015662810874353714,0.562705209402328,-0.3431091108314909,0.7567314164295615,TRUE,26.421551942825317,"GRT-{1_RHO, PS, DS}",0.03920485333076686,0.03920485333076686,0.9132756139243716,0.9132756139243716,-3.499379033722439,0.3058317246957212,-3.499379033722439,0.3058317246957212,0.745131207207761,0.745131207207761,0.745131207207761,0.745131207207761,0.03920485333076686,-3.499379033722439,TRUE,3.1357529163360596,"GRT-{1_RHO, PS, DS}"
140,TRUE,0.07669615745544434,"{PI, PS, DS}",-0.8416212307817857,-0.8416212307817857,0.34875569550583635,0.34875569550583635,-0.9891686273206591,0.7850360498768874,-0.9891686273206591,0.7850360498768874,0,0,0,0,-0.6744897501960818,-1.0031479676625341,0.4307272992954575,0.28221614706250847,-0.8871465590188764,0.8045963803603005,-1.110771616636786,0.7647096737863873,0.17344911626402626,-0.25219847595392314,-0.2670033440645446,0.21075714088245637,FALSE,28.88864517211914,"GRT-{PI, PS, DS}",-1.2166138608644501,-1.2166138608644501,0.47889587317182225,0.47889587317182225,-1.7181879887961362,1.0820829815561839,-1.7181879887961362,1.0820829815561839,0,0,0,0,-1.2166138608644501,-1.7181879887961362,FALSE,4.051984548568726,"GRT-{PI, PS, DS}"
141,TRUE,0.08555030822753906,"{PI, PS, DS}",-0.6744897501960815,-0.6744897501960815,-0.5413950845838127,-0.5413950845838127,-0.37739194342415344,0.6744897501960815,-0.37739194342415344,0.6744897501960815,0,0,0,0,-0.6744897501960816,-0.6744897501960816,-0.7647096737863872,-0.31863936396437487,-0.6744897501960816,0.6744897501960816,-0.13971029888186207,0.6744897501960819,0.5342895672253396,-0.5342895672253395,0.10427265868893046,-0.25099416259135277,FALSE,31.065862894058228,"GRT-{PI, PS, DS}",-2.6257224826176078,-2.6257224826176078,-1.2242309708722945,-1.2242309708722945,-0.7885889302700753,3.2107456791200155,-0.7885889302700753,3.2107456791200155,0,0,0,0,-2.6257224826176078,-0.7885889302700753,TRUE,3.435269355773926,"GRT-{PI, PS, DS}"
142,TRUE,0.1656169891357422,"{PS, DS}",-1.7129455161610017,-1.7129455161610017,0.14926183255141734,0.14926183255141734,-1.7431427130968609,1.649497639332561,-1.7431427130968609,1.649497639332561,0.8015459459147249,-0.8396656843858463,-0.027112740825124444,0.30466723519210015,-1.679661185315815,-1.7861555612610773,0.06841592470034516,0.23227229348262587,-1.679661185315815,1.7861555612610776,-1.794538415629369,1.5445754855632552,0.809273007058195,-0.8240049265058941,-0.03120402991112662,0.32550982011212715,FALSE,33.905014991760254,"GRT-{PI, PS, DS}",-2.948327001746942,-2.948327001746942,0.14016305110620086,0.14016305110620086,-2.6009226311683626,2.3395498816361826,-2.6009226311683626,2.3395498816361826,0,0,0,0,-2.948327001746942,-2.6009226311683626,TRUE,3.848541259765625,"GRT-{1_RHO, PS, DS}"
143,TRUE,0.1006472110748291,"{PS, DS}",-1.7587659212939115,-1.7587659212939115,1.8573017689275544,1.8573017689275544,-2.122112074409883,1.2897512388969778,-2.122112074409883,1.2897512388969778,0.497459415637044,-0.19229114343964673,-0.7838586952832468,0.17846239482334056,-1.8212331157010935,-1.6970558681406132,1.9556614355881683,1.8107766086044805,-1.9980219016799918,1.239266996372662,-2.3225745319461932,1.3549339667142235,0.5205818632958068,-0.19531892192035458,-0.736940897434912,0.18199985009683292,FALSE,44.67871642112732,"GRT-{PI, PS, DS}",-1.9064894198504472,-1.9064894198504472,2.1850148426479077,2.1850148426479077,-2.3708284527734125,1.3227389234838611,-2.3708284527734125,1.3227389234838611,0,0,0,0,-1.9064894198504472,-2.3708284527734125,FALSE,3.982590675354004,"GRT-{PI, PS, DS}"
144,TRUE,0.10859179496765137,"{PS, DS}",-1.345341282173133,-1.345341282173133,0.4920434865841665,0.4920434865841665,-1.3664957635373085,0.0590605816356687,-1.3664957635373085,0.0590605816356687,0.7702049782664344,-0.15444076135531037,-0.3831403767719385,-0.7814014199831353,-1.4050715603096324,-1.3091717167857773,0.7063025628400875,0.39119625818947174,-1.4050715603096324,0.3029804480562061,-1.4050715603096327,-0.05451891484810144,0.7626453709430662,-0.17045319150049798,-0.38056823688640706,-0.8175835692756218,FALSE,31.469342947006226,"GRT-{1_RHO, PS, DS}",-3.0644998529164873,-3.0644998529164873,0.5929414860993316,0.5929414860993316,-2.736914761262043,0.0554108103889015,-2.736914761262043,0.0554108103889015,-1,-1,-1,-1,-3.0644998529164873,-2.736914761262043,FALSE,2.850198745727539,"GRT-{1_RHO, PS, DS}"
145,TRUE,0.07303953170776367,"{1_RHO, PS, DS}",-0.641914002894179,-0.641914002894179,0.5457695803589778,0.5457695803589778,-0.6504940193292812,1.5965793668975186,-0.6504940193292812,1.5965793668975186,0.2731824721839386,0.2731824721839386,0.2731824721839386,0.2731824721839386,-0.7215222839823434,-0.5659488219328631,0.37409541019772363,0.7255982301945618,-0.5992298680993449,1.5445754855632552,-0.7415940438615163,1.721796532401061,0.13113964437420234,-0.06885225112533068,0.5815504313701166,0.34102099009540837,TRUE,28.824180126190186,"GRT-{1_RHO, PS, DS}",-0.7113527806687433,-0.7113527806687433,0.6043587499173458,0.6043587499173458,-0.7089282077103749,2.23370641214767,-0.7089282077103749,2.23370641214767,0.42327305670706966,0.42327305670706966,0.42327305670706966,0.42327305670706966,-0.7113527806687433,-0.7089282077103749,TRUE,3.0348050594329834,"GRT-{1_RHO, PS, DS}"
146,TRUE,0.08715152740478516,"{PI, PS, DS}",-1.5497059007175786,-1.5497059007175786,1.5212180464137743,1.5212180464137743,-1.5587835312251128,0.4307272991280526,-1.5587835312251128,0.4307272991280526,0,0,0,0,-1.5123895860676804,-1.5839392375511276,1.6198562586382697,1.4395314709384561,-1.7116753065097285,0.3624963748137987,-1.4121875789061642,0.5244005127080409,0.7167998040915088,-0.38108844698633093,-0.6952793823841996,0.04987148604523846,FALSE,45.24330472946167,"GRT-{PI, PS, DS}",-2.071870176779211,-2.071870176779211,2.227941589639889,2.227941589639889,-2.2187590543907816,0.4676662767673738,-2.2187590543907816,0.4676662767673738,0,0,0,0,-2.071870176779211,-2.2187590543907816,FALSE,5.515045404434204,"GRT-{PI, PS, DS}"
147,TRUE,0.06690526008605957,"{PS, DS}",-0.7114733355343111,-0.7114733355343111,0.13462511726597765,0.13462511726597765,-0.06789546144573605,1.2108762456783724,-0.06789546144573605,1.2108762456783724,-0.4204619941818404,-0.11578720408060054,-0.13791012700673594,-0.21524459469305657,-0.7355159718195312,-0.6811530569962536,0.1576856714882773,0.10215307872135765,-0.08736706592433928,1.1418385701455156,-0.050390916588362075,1.2830485549169897,-0.4182460583613162,-0.116603636796278,-0.1382948662760711,-0.20988462593973206,FALSE,26.000619649887085,"GRT-{1_RHO, PS, DS}",-0.7245583451250418,-0.7245583451250418,0.11929107625227975,0.11929107625227975,-0.06938528601332626,1.2375532766440553,-0.06938528601332626,1.2375532766440553,-0.2225279801565281,-0.2225279801565281,-0.2225279801565281,-0.2225279801565281,-0.7245583451250418,-0.06938528601332626,TRUE,2.5353283882141113,"GRT-{1_RHO, PS, DS}"
148,TRUE,0.12451982498168945,"{PI, PS, DS}",-2.218950883529575,-2.218950883529575,2.0067515922292745,2.0067515922292745,-1.3091717167134742,0.6974723352910414,-1.3091717167134742,0.6974723352910414,0,0,0,0,-2.224069169022064,-2.213754994173454,1.905326917001722,2.150748411329965,-1.2206403488473498,0.8131930516707221,-1.4185564545869171,0.5725799568471645,0.4748224564882515,-0.31729491895740486,-0.34053664548315704,0.22840150538625614,TRUE,39.90116286277771,"GRT-{PI, PS, DS}",-2.710586034525611,-2.710586034525611,2.346324041148934,2.346324041148934,-1.405453290471645,0.7225622076201064,-1.405453290471645,0.7225622076201064,0,0,0,0,-2.710586034525611,-1.405453290471645,TRUE,5.351937532424927,"GRT-{1_RHO, PS, DS}"
149,FALSE,0.07729125022888184,ERROR: x appears to be not positive definite,NA,NA,NA,NA,NA,NA,NA,NA,NA,NA,NA,NA,NA,NA,NA,NA,NA,NA,NA,NA,NA,NA,NA,NA,TRUE,40.082791566848755,"GRT-{1_RHO, PS, DS}",-0.8274505672426458,-0.8274505672426458,2.408295787351535,2.408295787351535,-3.2772648081616236,0.9091055869156968,-3.2772648081616236,0.9091055869156968,0.9706054384725212,0.9706054384725212,0.9706054384725212,0.9706054384725212,-0.8274505672426458,-3.2772648081616236,FALSE,3.5574309825897217,"GRT-{1_RHO, PS, DS}"
150,TRUE,0.060515642166137695,"{1_RHO, PS, DS}",-0.7080106825614334,-0.7080106825614334,0.43460615649534257,0.43460615649534257,-0.8366080706534348,0.2365933655858406,-0.8366080706534348,0.2365933655858406,0.1297517356821051,0.1297517356821051,0.1297517356821051,0.1297517356821051,-0.7515078405684621,-0.66905904369686,0.46565811920069206,0.4017091508378407,-0.8861560776514498,0.23619931852361803,-0.7932363095025582,0.23771530680367187,0.2599355602177905,0.11275961624417981,0.04539335090190119,0.1249786293839864,TRUE,30.679903745651245,"GRT-{1_RHO, PS, DS}",-0.71690447962348,-0.71690447962348,0.437680843524906,0.437680843524906,-0.8410868424794893,0.2366069779256983,-0.8410868424794893,0.2366069779256983,0.13154456630096478,0.13154456630096478,0.13154456630096478,0.13154456630096478,-0.71690447962348,-0.8410868424794893,TRUE,2.6083719730377197,"GRT-{1_RHO, PS, DS}"
151,TRUE,0.09158182144165039,"{PS, DS}",-0.7757179346768995,-0.7757179346768995,0.8137889467108413,0.8137889467108413,-1.7243574225927456,0.6299141501025891,-1.7243574225927456,0.6299141501025891,0.1864567095164285,-0.8276456673639375,-0.3084571248728623,-0.41551274157048224,-0.8207920883323806,-0.6602538988544633,0.6744897501960819,0.9084578685373851,-1.704780904889401,0.49842883345871797,-1.7316643961222453,0.6985257103450603,0.18763524860078754,-0.83137970815241935,-0.315693500665855,-0.40602880782046946,TRUE,34.02409744262695,"GRT-{1_RHO, PS, DS}",-0.844266465482781,-0.844266465482781,0.8895511100045761,0.8895511100045761,-2.3903339677804905,0.6787461093790759,-2.3903339677804905,0.6787461093790759,-0.8549660797738933,-0.8549660797738933,-0.8549660797738933,-0.8549660797738933,-0.844266465482781,-2.3903339677804905,TRUE,2.955247640609741,"GRT-{1_RHO, PS, DS}"
152,TRUE,0.0912785530090332,"{PI, PS, DS}",-1.6906084849894947,-1.6906084849894947,0.40925341594316517,0.40925341594316517,-1.6508684809890415,1.512388873857893,-1.6508684809890415,1.512388873857893,0,0,0,0,-1.6448536269514729,-1.7316643961222453,0.47589899043667866,0.34875569551704455,-1.6448536269514729,1.5341205443525467,-1.656794765815981,1.489470042327941,0.8040933920820857,-0.7212039798535214,-0.22964496105789609,-0.042309005309380025,FALSE,34.363237619400024,"GRT-{PI, PS, DS}",-3.2919488907278676,-3.2919488907278676,0.45925529777657825,0.45925529777657825,-3.5041671024753005,2.0903083502529385,-3.5041671024753005,2.0903083502529385,0,0,0,0,-3.2919488907278676,-3.5041671024753005,FALSE,3.1702022552490234,"GRT-{PI, PS, DS}"
153,TRUE,0.08962821960449219,"{1_RHO, PS, DS}",-1.9106155938954117,-1.9106155938954117,0.8912173495460516,0.8912173495460516,-1.526831741988406,0.050928670298451044,-1.526831741988406,0.050928670298451044,0.3810573489599846,0.3810573489599846,0.3810573489599846,0.3810573489599846,-1.9131601433951897,-1.9059459096230345,0.8626143923773019,0.9494093606570495,-1.5388578251057898,0.0035504724376733197,-1.516274969202526,0.12222132846995895,0.505673867599284,0.4938274363735992,0.3538419807866281,0.308500224923147,TRUE,44.91585946083069,"GRT-{1_RHO, PS, DS}",-2.0735858656666215,-2.0735858656666215,0.9121642776985621,0.9121642776985621,-1.581567783125403,0.053758556468615826,-1.581567783125403,0.053758556468615826,0.43038951453513197,0.43038951453513197,0.43038951453513197,0.43038951453513197,-2.0735858656666215,-1.581567783125403,TRUE,4.969864368438721,"GRT-{1_RHO, PS, DS}"
154,TRUE,0.0803072452545166,"{1_RHO, PS, DS}",-1.941171379689864,-1.941171379689864,0.6488961461939762,0.6488961461939762,-0.2529347884115926,1.7801440042572452,-0.2529347884115926,1.7801440042572452,-0.25669931378374006,-0.25669931378374006,-0.25669931378374006,-0.25669931378374006,-1.910454135134293,-1.9635114370458413,0.6894088149784472,0.6064474208985279,-0.24851195970809528,1.7355432483228757,-0.26312682329588727,1.824826530754392,-0.07891275231034565,-0.5893960044564591,-0.27863227131697055,-0.1041784219877429,TRUE,54.23122239112854,"GRT-{1_RHO, PS, DS}",-2.3449782289059495,-2.3449782289059495,0.668266751133813,0.668266751133813,-0.2613885468035039,2.000757460748831,-0.2613885468035039,2.000757460748831,-0.3108252444261862,-0.3108252444261862,-0.3108252444261862,-0.3108252444261862,-2.3449782289059495,-0.2613885468035039,TRUE,4.544592618942261,"GRT-{1_RHO, PS, DS}"
155,TRUE,0.08791947364807129,"{PI, PS, DS}",-0.8045947351713111,-0.8045947351713111,0.8045947351713111,0.8045947351713111,-0.8045947351713112,0.47950420183733067,-0.8045947351713112,0.47950420183733067,0,0,0,0,-0.841621233572914,-0.7647096737863874,0.7647096737863873,0.8416212335729142,-0.841621233572914,0.4307272992954576,-0.7647096737863872,0.5244005127080408,0.6059689821556404,-0.3220275692144135,-0.5748985383077923,0.37553706679072135,TRUE,29.88773202896118,"GRT-{PI, PS, DS}",-3.2499177048140138,-3.2499177048140138,3.5533042109005275,3.5533042109005275,-3.481567380295859,0.9000000445046679,-3.481567380295859,0.9000000445046679,0,0,0,0,-3.2499177048140138,-3.481567380295859,FALSE,3.326153516769409,"GRT-{PI, PS, DS}"
156,TRUE,0.09153175354003906,"{PS, DS}",-1.1283352007830285,-1.1283352007830285,0.7108368541766055,0.7108368541766055,-0.6284543186968649,0.9021769185229349,-0.6284543186968649,0.9021769185229349,0.7593999189071446,-0.39640982098027394,0.3058004137214297,0.8060779689199605,-1.0444087948725962,-1.359737383938606,0.7810338115227087,0.7647096737863873,-0.7647096737863873,0.7810338115227088,-0.39119625818947174,1.0444087948725962,0.7956694801049489,-0.4298645858734964,0.30958198378535323,0.7956694801049486,TRUE,33.49539375305176,"GRT-{1_RHO, PS, DS}",-1.558243577109665,-1.558243577109665,0.8687873242673021,0.8687873242673021,-0.8166539022095355,1.211985366950147,-0.8166539022095355,1.211985366950147,1,1,1,1,-1.558243577109665,-0.8166539022095355,FALSE,3.4839589595794678,"GRT-{1_RHO, PS, DS}"
157,TRUE,0.0842587947845459,"{PS, DS}",-0.5711411498338369,-0.5711411498338369,1.9705458960297544,1.9705458960297544,-1.4410932951704836,2.085109636651827,-1.4410932951704836,2.085109636651827,-0.3171857787029101,-0.2349320508005876,-0.7982118701979053,0.8660947396332249,-0.5659488219328633,-0.576146550809274,1.8301541559886365,2.114380771527561,-1.4652337926855228,2.141198120972019,-1.3784408224831388,2.114380771527561,-0.3152533569239608,-0.23061080782170443,-0.8170333680325241,0.8606774864698454,FALSE,37.78719997406006,"GRT-{1_RHO, PS, DS}",-0.590050729465009,-0.590050729465009,2.384833219033252,2.384833219033252,-1.5860015507646423,2.774429832454496,-1.5860015507646423,2.774429832454496,-1,-1,-1,-1,-0.590050729465009,-1.5860015507646423,FALSE,3.077319860458374,"GRT-{1_RHO, PS, DS}"
158,TRUE,0.08122372627258301,"{1_RHO, PS(B), DS}",-1.219695864226997,-1.3120377972928314,0.8504678834297207,0.24185403061258345,-0.3977899216260931,1.788091527485434,-0.3977899216260931,1.788091527485434,-0.2700133107480192,-0.2700133107480192,-0.2700133107480192,-0.2700133107480192,-1.22871659447705,-1.303782672103487,0.8524950342746943,0.24427538781443428,-0.36873029259509915,1.7688250385187063,-0.4307272992954575,1.8107766086044805,-0.1737609447732564,-0.6024304555666805,-0.37144798446979416,0.1107028521084852,TRUE,34.782034158706665,"GRT-{PI, PS, DS}",-1.397852360654809,-1.397852360654809,0.5969963025578351,0.5969963025578351,-0.42738424957822313,3.1748687257188983,-0.42738424957822313,3.1748687257188983,0,0,0,0,-1.397852360654809,-0.42738424957822313,TRUE,3.731969118118286,"GRT-{1_RHO, PS, DS}"
159,TRUE,0.08791184425354004,"{PI, PS, DS}",-1.252119519846114,-1.252119519846114,0.47950565318345956,0.47950565318345956,-1.2670757512323751,0.7850360498431961,-1.2670757512323751,0.7850360498431961,0,0,0,0,-1.3091717167857773,-1.1868314327558183,0.2822161470625083,0.6744897501960818,-1.3091717167857773,0.7215222839823432,-1.2206403488473498,0.8416212335729142,0.7427445908224026,-0.43127218958662805,-0.16561143094267583,1.9150976450226053e-17,FALSE,30.71946120262146,"GRT-{PI, PS, DS}",-2.7509111521497274,-2.7509111521497274,0.6233806904980694,0.6233806904980694,-3.1719749469677967,1.0807692690690236,-3.1719749469677967,1.0807692690690236,0,0,0,0,-2.7509111521497274,-3.1719749469677967,FALSE,3.6242990493774414,"GRT-{PI, PS, DS}"
160,TRUE,0.09453463554382324,"{1_RHO, PS, DS}",-0.5497631422325466,-0.5497631422325466,1.0903152293153087,1.0903152293153087,0.12835175710187127,0.795911275682692,0.12835175710187127,0.795911275682692,0.5571647845704638,0.5571647845704638,0.5571647845704638,0.5571647845704638,-0.4927033330600415,-0.7435597568794304,1.335177736118937,0.98561041686727,-0.027855026985458945,0.7435597568794304,0.4307272992954576,0.7850360498768919,0.6178647131485744,0.28045348594647673,0.4574384086704805,0.7381919119604126,TRUE,33.06428670883179,"GRT-{1_RHO, PS, DS}",-0.614170488432712,-0.614170488432712,1.3410279326695007,1.3410279326695007,0.10927186782468465,0.9609487098047279,0.10927186782468465,0.9609487098047279,0.7170320853917223,0.7170320853917223,0.7170320853917223,0.7170320853917223,-0.614170488432712,0.10927186782468465,TRUE,3.4894585609436035,"GRT-{1_RHO, PS, DS}"
161,TRUE,0.10948657989501953,"{PI, PS, DS}",-1.6000430138404518,-1.6000430138404518,0.791638607722384,0.791638607722384,-1.2418667918428086,1.158707703353726,-1.2418667918428086,1.158707703353726,0,0,0,0,-1.6567947658159814,-1.5341205443525465,0.9830529168961905,0.6179847884685037,-1.2955749870976876,1.0099901692495823,-1.193795072783103,1.2955749870976878,0.6271357335260882,-0.5144570101769425,-0.08557309999704371,-0.031823576923423164,FALSE,34.455458879470825,"GRT-{PI, PS, DS}",-2.6674465257116013,-2.6674465257116013,0.9174708737631843,0.9174708737631843,-1.5134885968679048,1.431283593469227,-1.5134885968679048,1.431283593469227,0,0,0,0,-2.6674465257116013,-1.5134885968679048,FALSE,3.59118914604187,"GRT-{PI, PS, DS}"
162,TRUE,0.10658621788024902,"{PS, DS}",-1.0417672355963146,-1.0417672355963146,1.1256422287216932,1.1256422287216932,-1.1985607583729614,0.838135029025064,-1.1985607583729614,0.838135029025064,0.5034134538844613,-0.11074652991000036,-0.7040501332288925,0.802249982985733,-1.0299567622253682,-0.9944578832097531,1.262145176622808,1.0896619819461075,-1.0299567622253682,0.841621233572914,-1.4835398594012972,0.8172368220293998,0.5226104922741371,-0.11215295276393841,-0.658937477186618,0.8055043168250917,TRUE,31.51030993461609,"GRT-{1_RHO, PS, DS}",-1.3502370505099954,-1.3502370505099954,1.6082990953502219,1.6082990953502219,-1.5538428579045465,1.0713146926678472,-1.5538428579045465,1.0713146926678472,0.7244037421141709,0.7244037421141709,0.7244037421141709,0.7244037421141709,-1.3502370505099954,-1.5538428579045465,TRUE,3.9541423320770264,"GRT-{1_RHO, PS, DS}"
163,FALSE,0.001329183578491211,ERROR: missing value where TRUE/FALSE needed,NA,NA,NA,NA,NA,NA,NA,NA,NA,NA,NA,NA,NA,NA,NA,NA,NA,NA,NA,NA,NA,NA,NA,NA,FALSE,18.112309217453003,"GRT-{PI, PS, DS}",-3.3758357984860834,-3.3758357984860834,0.004483701275261431,0.004483701275261431,-2.753021739214583,2.613592788812698,-2.753021739214583,2.613592788812698,0,0,0,0,-3.3758357984860834,-2.753021739214583,TRUE,1.6736774444580078,"GRT-{PI, PS, DS}"
164,TRUE,0.08583354949951172,"{PS, DS}",-1.6265205640020657,-1.6265205640020657,1.2514313492567721,1.2514313492567721,-1.5212514795951753,1.6417588136128154,-1.5212514795951753,1.6417588136128154,0.8123491774620276,-0.8167032231101211,-0.42984377829882214,0.6187780852781333,-1.6567947658159812,-1.679661185315815,1.204046960026702,1.2670757512664443,-1.6567947658159812,1.679661185315815,-1.3676279233156887,1.6325479658463489,0.8058916900363174,-0.8092730070581949,-0.44452260234742874,0.6195657876913893,FALSE,37.55628943443298,"GRT-{PI, PS, DS}",-2.8375905011987137,-2.8375905011987137,1.5385951725612963,1.5385951725612963,-2.144343903593434,3.2362967540319962,-2.144343903593434,3.2362967540319962,0,0,0,0,-2.8375905011987137,-2.144343903593434,FALSE,4.361270189285278,"GRT-{PI, PS, DS}"
165,TRUE,0.10856366157531738,"{PI, PS, DS}",-0.773840774531607,-0.773840774531607,1.2955749136145387,1.2955749136145387,-1.3091717167857773,1.2815515655446008,-1.3091717167857773,1.2815515655446008,0,0,0,0,-0.712443032389489,-0.8416212335729141,1.3091717167857773,1.2815515655446006,-1.3091717167857773,1.2815515655446004,-1.3091717167857773,1.2815515655446006,0.4013613607224282,-0.4807996391194868,-0.7427445908224026,0.73659980483342,FALSE,37.51713418960571,"GRT-{PI, PS, DS}",-1.042603433609458,-1.042603433609458,3.4138627781703006,3.4138627781703006,-2.7244532367420975,2.950014169981464,-2.7244532367420975,2.950014169981464,0,0,0,0,-1.042603433609458,-2.7244532367420975,TRUE,3.5454349517822266,"GRT-{PI, PS, DS}"
166,TRUE,0.18812298774719238,"{PI, PS, DS}",-1.1591815845772124,-1.1591815845772124,0.8416055572233969,0.8416055572233969,-1.6235216083227337,1.88298937453141,-1.6235216083227337,1.88298937453141,0,0,0,0,-1.1107716166367858,-1.2206403488473498,0.7710488686396438,0.9036195275140624,-1.6133583946523031,1.8557299227201105,-1.636691646673399,1.9084116818884707,0.54702501524477,-0.544486100563232,-0.16814405998937268,0.3945117726037571,TRUE,38.6522274017334,"GRT-{PI, PS, DS}",-1.280850197050156,-1.280850197050156,0.9020087290139218,0.9020087290139218,-2.0334883228138487,2.7149766459923317,-2.0334883228138487,2.7149766459923317,0,0,0,0,-1.280850197050156,-2.0334883228138487,FALSE,3.637739896774292,"GRT-{PI, PS, DS}"
167,TRUE,0.10022306442260742,"{PS(A), DS}",-2.506087865176697,-2.506087865176697,0.2241384526491302,0.2241384526491302,-2.080524118791983,1.9799120487531583,-2.19079306061808,2.4709718884236596,0.6129269091732696,-0.5731943390794739,-0.16454670759006937,0.22428407224644012,-2.4969660164223715,-2.514954877802528,0.24079165308268316,0.20559911050341745,-2.079425180282795,1.9807523966472793,-2.192546338655778,2.468326061953155,0.6145076592131458,-0.5717125841777545,-0.16450907353333977,0.22421221314786416,FALSE,39.165854692459106,"GRT-{PI, PS, DS}",-2.3751854483243817,-2.3751854483243817,0.22521609400447673,0.22521609400447673,-2.2083524022866285,2.2359325164317454,-2.2083524022866285,2.2359325164317454,0,0,0,0,-2.3751854483243817,-2.2083524022866285,FALSE,3.821147918701172,"GRT-{PI, PS, DS}"
168,TRUE,0.0769956111907959,"{PI, PS, DS}",-0.7215197502878141,-0.7215197502878141,0.7215197502878141,0.7215197502878141,-0.4887764111146695,0.764709673786387,-0.4887764111146695,0.764709673786387,0,0,0,0,-0.6744897501960818,-0.7647096737863872,0.6744897501960816,0.7647096737863874,-0.31863936396437487,0.7647096737863873,-0.6744897501960816,0.7647096737863874,0.2509941625913529,-0.5748985383077923,-0.5342895672253395,0.5748985383077923,FALSE,28.31449580192566,"GRT-{PI, PS, DS}",-3.0711665155208228,-3.0711665155208228,3.2455094561344064,3.2455094561344064,-1.1480533173062928,4.215849616197808,-1.1480533173062928,4.215849616197808,0,0,0,0,-3.0711665155208228,-1.1480533173062928,FALSE,2.631458282470703,"GRT-{PI, PS, DS}"
169,TRUE,0.0865488052368164,"{PI, PS, DS}",-0.5350828150862859,-0.5350828150862859,1.0099901692495823,1.0099901692495823,-0.7018725890871861,1.1107716166268868,-0.7018725890871861,1.1107716166268868,0,0,0,0,-0.502402223373356,-0.5659488219328631,0.8871465590188763,1.150349380376008,-0.502402223373356,1.0675705238781419,-0.8871465590188763,1.150349380376008,-0.14599553608760651,-0.35890845376420283,-0.33175598941167167,0.7045985761976805,FALSE,36.315943479537964,"GRT-{PI, PS, DS}",-0.817251408016107,-0.817251408016107,1.773804780787454,1.773804780787454,-1.062214620821499,2.7001915614685474,-1.062214620821499,2.7001915614685474,0,0,0,0,-0.817251408016107,-1.062214620821499,FALSE,3.372577667236328,"GRT-{PI, PS, DS}"
170,TRUE,0.13865232467651367,"{PS, DS}",-1.4213207393308203,-1.4213207393308203,1.5473656159474627,1.5473656159474627,-1.2194531751031779,1.0336964002166344,-1.2194531751031779,1.0336964002166344,0.6974272228160695,-0.2858985243066266,-0.22863669877651174,0.47246136393252125,-1.2521195202652193,-1.7316643961222453,1.501085946044025,1.6528536325170073,-1.2521195202652193,0.812217801499913,-1.1107716166367858,1.290949147682274,0.7298339461158495,-0.3802731796577361,-0.2331243274615555,0.4338110625900359,TRUE,37.61149454116821,"GRT-{1_RHO, PS, DS}",-1.721744738751659,-1.721744738751659,1.8600264879146178,1.8600264879146178,-1.3716357808270583,1.1735906306825046,-1.3716357808270583,1.1735906306825046,0.5772390812661827,0.5772390812661827,0.5772390812661827,0.5772390812661827,-1.721744738751659,-1.3716357808270583,FALSE,5.2797722816467285,"GRT-{1_RHO, PS, DS}"
171,TRUE,0.09839773178100586,"{PI, PS(B), DS}",-0.9084578685373851,-0.9084578685373851,0.6045853465832371,-0.841621233572914,-0.908457868537385,0.3029796705673442,-0.908457868537385,0.3029796705673442,0,0,0,0,-0.9084578685373851,-0.9084578685373851,0.6045853465832371,-0.8416212335729144,-0.9084578685373851,0.3487556955170449,-0.9084578685373851,0.2533471031357995,0.6306122827269622,-0.24034401709941802,-0.4174811802477517,-0.1810810385806258,TRUE,35.165308237075806,"GRT-{PI, PS(B), DS}",-2.86805862291701,-3.88179154732385,1.058403007143001,-3.8463381445810336,-2.995039898350255,0.4939666476445117,-2.995039898350255,0.4939666476445117,0,0,0,0,-2.86805862291701,-2.995039898350255,FALSE,3.721858024597168,"GRT-{PI, PS(B), DS}"
172,TRUE,0.084712982177734375,"{PS(A), DS}",-0.22433633375353967,-0.22433633375353967,2.12559993100108,2.12559993100108,-1.1363784343313996,1.4741972319713983,-1.3665400685169828,1.3116310753271416,0.6130511214277491,0.23913561242895112,-0.16540680087761633,0.6120468135402904,-0.20964040781702428,-0.23774286280036308,2.1291603363375913,2.1212793024540018,-1.1304121827505913,1.4723010595624213,-1.3666177445029766,1.3110806764503518,0.6127185191268512,0.2388020545405364,-0.16521275047222966,0.6127421581622172,FALSE,36.5608115196228,"GRT-{1_RHO, PS, DS}",-0.2589276189775096,-0.2589276189775096,2.319525530950089,2.319525530950089,-1.3039414773613913,1.4065039632036118,-1.3039414773613913,1.4065039632036118,0.5005040345756512,0.5005040345756512,0.5005040345756512,0.5005040345756512,-0.2589276189775096,-1.3039414773613913,FALSE,3.6723241806030273,"GRT-{1_RHO, PS, DS}"
173,TRUE,0.1144862174987793,"{PS, DS}",-1.2030194402495438,-1.2030194402495438,1.390513072427781,1.390513072427781,-1.7848526571157401,1.436388186982785,-1.7848526571157401,1.436388186982785,0.24977371724109118,-0.3562322263393272,-0.7710426846922728,0.13889784443892697,-1.1937950727831033,-1.200654997951183,1.410419531338235,1.4026732899923227,-1.679661185315815,1.4019856220813867,-1.8851770324320445,1.4652337926855228,0.257590196697279,-0.3594093826136621,-0.7568449806505649,0.13696887206726246,TRUE,34.32292461395264,"GRT-{1_RHO, PS, DS}",-1.2900550744137775,-1.2900550744137775,1.5241589069616102,1.5241589069616102,-2.134139677859269,1.5650560500472546,-2.134139677859269,1.5650560500472546,-0.4874831605547106,-0.4874831605547106,-0.4874831605547106,-0.4874831605547106,-1.2900550744137775,-2.134139677859269,TRUE,4.327162265777588,"GRT-{1_RHO, PS, DS}"
174,TRUE,0.10616183280944824,"{PI, PS, DS}",-1.5123781426423473,-1.5123781426423473,0.7721758355681544,0.7721758355681544,-1.1444718109572058,1.341445208286117,-1.1444718109572058,1.341445208286117,0,0,0,0,-1.5547735945968537,-1.465233792685523,0.88277381551731815,0.6578441244318574,-1.080319340814956,1.3091717167857773,-1.2096451263823647,1.3715204728028318,0.33833017558862,-0.4847980975756252,0.04935253328866312,0.35988256325391477,FALSE,42.77851700782776,"GRT-{PI, PS, DS}",-1.9143743141152605,-1.9143743141152605,0.8540261331632628,0.8540261331632628,-1.340748639510281,1.6741345142038162,-1.340748639510281,1.6741345142038162,0,0,0,0,-1.9143743141152605,-1.340748639510281,FALSE,4.744248628616333,"GRT-{PI, PS, DS}"
175,TRUE,0.0923926830291748,"{PS, DS}",-0.4054946325801909,-0.4054946325801909,1.9594389828532928,1.9594389828532928,-1.3332281929340524,2.1302188854522743,-1.3332281929340524,2.1302188854522743,-0.4471658740665647,-0.1828669595635026,-0.3059498960694082,0.7752548105867548,-0.3487556955170447,-0.4516583165426159,1.9705053031703295,1.9063580028330265,-1.51461421633577,2.1661067528923295,-1.1652879896966823,2.077712478240772,-0.42497180925635963,-0.17916997512299146,-0.3216959589493273,0.7844122191368365,TRUE,36.532734394073486,"GRT-{1_RHO, PS, DS}",-0.41840002900928974,-0.41840002900928974,2.4742218479169082,2.4742218479169082,-1.4161573055767278,3.6208281522868893,-1.4161573055767278,3.6208281522868893,-0.5427971534861705,-0.5427971534861705,-0.5427971534861705,-0.5427971534861705,-0.41840002900928974,-1.4161573055767278,FALSE,3.6524012088775635,"GRT-{1_RHO, PS, DS}"
176,FALSE,0.012859106063842773,ERROR: missing value where TRUE/FALSE needed,NA,NA,NA,NA,NA,NA,NA,NA,NA,NA,NA,NA,NA,NA,NA,NA,NA,NA,NA,NA,NA,NA,NA,NA,TRUE,32.14146375656128,"GRT-{PI, PS, DS}",-0.041758848341858223,-0.041758848341858223,3.4964383841957165,3.4964383841957165,-2.720820007074048,1.708432992876829,-2.720820007074048,1.708432992876829,0,0,0,0,-0.041758848341858223,-2.720820007074048,FALSE,3.065168619155884,"GRT-{PI, PS, DS}"
177,TRUE,0.10614991188049316,"{PS, DS}",-1.7600281353832765,-1.7600281353832765,1.6576265717598289,1.6576265717598289,-1.1097291384257273,0.7389309392713177,-1.1097291384257273,0.7389309392713177,0.7190653336909135,-0.32176523143586594,-0.23595813203313007,0.5509356963638943,-1.7047809048894007,-1.9145058250555573,1.6683911939470795,1.636691646673399,-1.2649692448841479,0.7188680528227156,-0.93612982397263,0.771048868639644,0.7473317945604808,-0.3130142763108507,-0.2482927274479017,0.5555781096052852,TRUE,38.70913052558899,"GRT-{1_RHO, PS, DS}",-2.4741849977474537,-2.4741849977474537,2.0884141582279288,2.0884141582279288,-1.2295986682746571,0.8047948601999444,-1.2295986682746571,0.8047948601999444,0.987812319496852,0.987812319496852,0.987812319496852,0.987812319496852,-2.4741849977474537,-1.2295986682746571,FALSE,4.021164655685425,"GRT-{1_RHO, PS, DS}"
178,TRUE,0.09211516380310059,"{PI, PS, DS}",-1.6729373698765824,-1.6729373698765824,0.5003588399600654,0.5003588399600654,-1.7506860712519656,0.39849480526077913,-1.7506860712519656,0.39849480526077913,0,0,0,0,-1.5341205443525467,-1.8186455928500607,0.6151411045959732,0.3976216612765065,-1.7316643961222453,0.30729257120115566,-1.7688250385187063,0.4984288334587179,0.7212039798535214,-0.1388338178810747,-0.28358790167847026,-0.12349966287665705,FALSE,38.636555433273315,"GRT-{PI, PS, DS}",-2.4687649819812014,-2.4687649819812014,0.5390965014251696,0.5390965014251696,-2.701820217305395,0.44520777604166106,-2.701820217305395,0.44520777604166106,0,0,0,0,-2.4687649819812014,-2.701820217305395,FALSE,4.091251611709595,"GRT-{PI, PS, DS}"
179,TRUE,0.06797361373901367,"{PI, PS, DS}",-0.8045947351713112,-0.8045947351713112,0.7647096737863871,0.7647096737863871,-0.5894557978497786,0.47950420183733067,-0.5894557978497786,0.47950420183733067,0,0,0,0,-0.7647096737863872,-0.8416212335729144,0.7647096737863873,0.7647096737863874,-0.43072729929545767,0.5244005127080407,-0.7647096737863872,0.43072729929545767,0.3220275692144135,-0.37553706679072146,-0.5748985383077923,0.32202756921441344,FALSE,31.26546835899353,"GRT-{PI, PS, DS}",-2.794048394342151,-2.794048394342151,3.1567502113234616,3.1567502113234616,-1.2783503782294616,0.9252817857469342,-1.2783503782294616,0.9252817857469342,0,0,0,0,-2.794048394342151,-1.2783503782294616,FALSE,3.4778618812561035,"GRT-{PI, PS, DS}"
180,TRUE,0.07859563827514648,"{1_RHO, PS(B), DS}",-1.2282582436030058,-0.657429087133671,1.1853209028686897,1.2749000906332364,-1.4802504741424116,1.0352292238242227,-1.4802504741424116,1.0352292238242227,-0.25562246193238825,-0.25562246193238825,-0.25562246193238825,-0.25562246193238825,-1.2444517867714135,-0.6554235052344265,1.193795072783103,1.2815515655446004,-1.4050715603096324,1.052254225556229,-1.570585028567419,1.0128933374446918,0.15432667166321018,-0.5379240919334073,-0.18222579846915482,-0.1145653138204427,TRUE,33.96287250518799,"GRT-{1_RHO, PS, DS}",-0.9660452405302387,-0.9660452405302387,1.3501328200716585,1.3501328200716585,-1.6966917707339797,1.1457404555594657,-1.6966917707339797,1.1457404555594657,-0.4358127561828087,-0.4358127561828087,-0.4358127561828087,-0.4358127561828087,-0.9660452405302387,-1.6966917707339797,TRUE,3.7542829513549805,"GRT-{1_RHO, PS, DS}"
181,TRUE,0.09281039237976074,"{PS, DS}",-1.9191058306768214,-1.9191058306768214,1.9641676769088285,1.9641676769088285,-1.7001671127153373,0.9877834423682732,-1.7001671127153373,0.9877834423682732,0.7128315471202463,-0.5646685571003374,-0.7537290668898844,0.4569308957589999,-1.9807523966472793,-1.8238032777788427,1.926403152963982,2.0411379881190976,-1.6683911939470797,0.9084578685373852,-1.7444475421409689,1.0610662513972886,0.7107096799041437,-0.5742593462157792,-0.7595287818503436,0.44073755467998726,FALSE,40.32886052131653,"GRT-{PI, PS, DS}",-2.298100129706933,-2.298100129706933,2.870143011494238,2.870143011494238,-2.163270207601883,1.0564454993756964,-2.163270207601883,1.0564454993756964,0,0,0,0,-2.298100129706933,-2.163270207601883,FALSE,4.037286281585693,"GRT-{PI, PS, DS}"
182,FALSE,6.358623504638672e-4,ERROR: all AICs NA,NA,NA,NA,NA,NA,NA,NA,NA,NA,NA,NA,NA,NA,NA,NA,NA,NA,NA,NA,NA,NA,NA,NA,NA,TRUE,24.136680603027344,"GRT-{PI, PS, DS}",-2.835862109252119,-2.835862109252119,2.8439818985491057,2.8439818985491057,-4.991808871047283e-4,-0.0027956118828322656,-4.991808871047283e-4,-0.0027956118828322656,0,0,0,0,-2.835862109252119,-4.991808871047283e-4,TRUE,2.48453688621521,"GRT-{PI, PS, DS}"
183,TRUE,0.13821935653686523,"{PI, PS, DS}",-1.7598610267660837,-1.7598610267660837,1.3180108973035287,1.3180108973035287,-1.3295291054669442,1.0803193370716955,-1.3295291054669442,1.0803193370716955,0,0,0,0,-1.7012881668522597,-1.8107766086044805,1.3144962914678755,1.3223653788997205,-1.2206403488473498,1.1610685209816876,-1.4362071811547936,0.9830529168961905,0.5796241442369645,-0.5271102690208143,-0.3600307253685595,0.1775015238389602,TRUE,34.0151162147522,"GRT-{PI, PS, DS}",-4.151968696720285,-4.151968696720285,1.5969224765740098,1.5969224765740098,-1.5490125505269696,1.241176718818307,-1.5490125505269696,1.241176718818307,0,0,0,0,-4.151968696720285,-1.5490125505269696,FALSE,3.8439016342163086,"GRT-{PI, PS, DS}"
184,TRUE,0.08636283874511719,"{PI, PS, DS}",-0.5966746244453035,-0.5966746244453035,1.5277191694567622,1.5277191694567622,-1.2975429286165538,0.3360381362267999,-1.2975429286165538,0.3360381362267999,0,0,0,0,-0.5894557978497788,-0.604585346583237,1.5932188180230507,1.4775252920188415,-1.2206403488473498,0.604585346583237,-1.3829941271006385,0.14625393380431023,0.3462613726328455,-0.3896235310757845,-0.6886134721524876,0.2924294500046572,TRUE,32.94479751586914,"GRT-{PI, PS, DS}",-0.6842144140991718,-0.6842144140991718,2.2186994447348374,2.2186994447348374,-1.6957471995464286,0.3804232613810612,-1.6957471995464286,0.3804232613810612,0,0,0,0,-0.6842144140991718,-1.6957471995464286,FALSE,3.491668462753296,"GRT-{PI, PS, DS}"
185,TRUE,0.06369161605834961,"{PI, PS, DS}",-0.5024022233619309,-0.5024022233619309,0.5659488219328633,0.5659488219328633,-0.5659488219328633,0.502402223361931,-0.5659488219328633,0.502402223361931,0,0,0,0,-0.565948821932863,-0.4307272992954575,0.5659488219328632,0.5659488219328631,-0.565948821932863,0.43072729929545767,-0.5659488219328632,0.5659488219328631,0.4785763326077399,-0.3966907824503664,-0.47857633260773985,0.4785763326077399,TRUE,14.050859689712524,"GRT-{PI, PS, DS}",-2.8162235553587864,-2.8162235553587864,3.9251180629783944,3.9251180629783944,-2.6858478607584546,3.7226265499261784,-2.6858478607584546,3.7226265499261784,0,0,0,0,-2.8162235553587864,-2.6858478607584546,TRUE,1.957315444946289,"GRT-{PI, PS, DS}"
186,TRUE,0.08201837539672852,"{PS, DS}",-1.092301047335474,-1.092301047335474,1.2662824575669107,1.2662824575669107,-1.348525362711005,1.215674462965126,-1.348525362711005,1.215674462965126,0.5145869086838977,-0.7484718200904708,-0.7288993076480335,0.7180029358651863,-0.9674215661017013,-1.2815515655446004,1.2815515655446004,1.2206403488473496,-1.3829941271006385,1.2815515655446004,-1.2815515655446004,1.2206403488473496,0.5273696620300136,-0.7365998048334199,-0.7365998048334199,0.7223382096392952,FALSE,28.572834968566895,"GRT-{PI, PS, DS}",-1.5632658263146588,-1.5632658263146588,3.9915329593427673,3.9915329593427673,-3.782601034662466,2.8763418475611524,-3.782601034662466,2.8763418475611524,0,0,0,0,-1.5632658263146588,-3.782601034662466,FALSE,2.7692582607269287,"GRT-{PI, PS, DS}"
187,TRUE,0.09085917472839355,"{PI, PS, DS}",-1.541986298817154,-1.541986298817154,1.4260768721964499,1.4260768721964499,-1.5341205443454968,0.26906613778254357,-1.5341205443454968,0.26906613778254357,0,0,0,0,-1.501085946044025,-1.5792195192835747,1.3517022399306613,1.5179291595942785,-1.501085946044025,0.4837385530461031,-1.5647264713617988,0.04044050856564656,0.7805478180236297,-0.24120530594967243,-0.6812581661133684,0.02069698315398703,FALSE,34.36412692070007,"GRT-{PI, PS, DS}",-2.934704758589555,-2.934704758589555,2.1078171296456234,2.1078171296456234,-2.787494104750585,0.2965552891607395,-2.787494104750585,0.2965552891607395,0,0,0,0,-2.934704758589555,-2.787494104750585,FALSE,3.7840542793273926,"GRT-{PI, PS, DS}"
188,TRUE,0.07783341407775879,"{PI, PS, DS}",-0.08008429579668652,-0.08008429579668652,0.9402146843287865,0.9402146843287865,-1.8696066025218996,0.24942725726468404,-1.8696066025218996,0.24942725726468404,0,0,0,0,-0.016277525759246833,-0.15731068461017106,0.7507050408088634,1.1153373577337862,-1.9435639888558573,0.078412412733112,-1.7775870750733929,0.41728413938902204,0.007006136213186701,-0.1856751705435815,-0.3449529610621022,0.3404784326177928,TRUE,26.87839937210083,"GRT-{PI, PS, DS}",-0.06937441904967699,-0.06937441904967699,1.0239623525807675,1.0239623525807675,-2.6927395869878024,0.2567602907523776,-2.6927395869878024,0.2567602907523776,0,0,0,0,-0.06937441904967699,-2.6927395869878024,FALSE,2.647717237472534,"GRT-{PI, PS, DS}"
189,TRUE,0.0729978084564209,"{PI, PS, DS}",-0.2250789455023067,-0.2250789455023067,0.9765988836939803,0.9765988836939803,-0.520463308090008,1.487106645128438,-0.520463308090008,1.487106645128438,0,0,0,0,-0.17018472411236896,-0.2822161470625082,0.8616341201741723,1.1024403670151646,-0.6959079368789585,1.5932188180230509,-0.3554904178395309,1.3978365289711043,-0.4207732234662368,-0.13984590480154355,-0.37203141552148306,0.377474413965863,TRUE,29.413357734680176,"GRT-{1_RHO, PS, DS}",-0.2709421501579945,-0.2709421501579945,1.1887089997608686,1.1887089997608686,-0.600091868015359,2.146151454034984,-0.600091868015359,2.146151454034984,-0.49003023463283085,-0.49003023463283085,-0.49003023463283085,-0.49003023463283085,-0.2709421501579945,-0.600091868015359,TRUE,3.1738526821136475,"GRT-{1_RHO, PS, DS}"
190,TRUE,0.118011474609375,"{PI, PS, DS}",-1.2206403488473498,-1.2206403488473498,0.8591751295566402,0.8591751295566402,-0.5024022233619309,1.2521195202636022,-0.5024022233619309,1.2521195202636022,0,0,0,0,-1.2206403488473498,-1.2206403488473498,1.0675705238781419,0.6744897501960818,-0.4307272992954574,1.2206403488473496,-0.5659488219328632,1.2815515655446004,0.2528589769973585,-0.7223382096392954,-0.5914945503233615,0.38491796807152395,FALSE,30.758686304092407,"GRT-{PI, PS, DS}",-3.060657507020104,-3.060657507020104,1.1858533118744603,1.1858533118744603,-0.6465818692963365,3.6167488379208876,-0.6465818692963365,3.6167488379208876,0,0,0,0,-3.060657507020104,-0.6465818692963365,TRUE,3.0396196842193604,"GRT-{PI, PS, DS}"
191,FALSE,0.010728836059570312,ERROR: missing value where TRUE/FALSE needed,NA,NA,NA,NA,NA,NA,NA,NA,NA,NA,NA,NA,NA,NA,NA,NA,NA,NA,NA,NA,NA,NA,NA,NA,TRUE,37.7662456035614,"GRT-{1_RHO, PS, DS}",-0.10246980461069229,-0.10246980461069229,2.3189784835937273,2.3189784835937273,-2.4628490355278183,0.23068329199203896,-2.4628490355278183,0.23068329199203896,-0.8127054726142015,-0.8127054726142015,-0.8127054726142015,-0.8127054726142015,-0.10246980461069229,-2.4628490355278183,TRUE,3.649876594543457,"GRT-{1_RHO, PS, DS}"
192,TRUE,0.0919339656829834,"{PI, PS(A), DS}",-1.5572843681885635,-1.5572843681885635,0.25334710280770006,0.25334710280770006,-1.564726471361799,0.6985257103450603,-1.3829941271006385,1.5179291595942785,0,0,0,0,-1.5647264713617988,-1.549705900736589,0.43072729929545756,0.1215873827504829,-1.5647264713617988,0.6985257103450602,-1.3829941271006385,1.5179291595942788,0.791419597635264,-0.35293305330411345,-0.2342317364506392,0.062228518688730604,FALSE,28.765351057052612,"GRT-{PI, PS, DS}",-2.7936318411003587,-2.7936318411003587,0.30652815280428936,0.30652815280428936,-2.6874087001426474,1.2519447259830692,-2.6874087001426474,1.2519447259830692,0,0,0,0,-2.7936318411003587,-2.6874087001426474,TRUE,2.8095569610595703,"GRT-{PI, PS, DS}"
193,TRUE,0.09251046180725098,"{PI, PS, DS}",-0.7215222839800277,-0.7215222839800277,0.07379127380626516,0.07379127380626516,-0.3773919434241533,0.7215222839800276,-0.3773919434241533,0.7215222839800276,0,0,0,0,-0.7647096737863872,-0.6744897501960816,0.31863936396437487,-0.13971029888186176,-0.13971029888186207,0.6744897501960816,-0.6744897501960819,0.7647096737863873,0.10427265868893046,-0.5342895672253395,-0.25099416259135277,-0.10427265868893042,FALSE,40.176618576049805,"GRT-{PI, PS, DS}",-2.6358481061417414,-2.6358481061417414,0.1404156950633575,0.1404156950633575,-0.7690741585145878,2.8108897731468554,-0.7690741585145878,2.8108897731468554,0,0,0,0,-2.6358481061417414,-0.7690741585145878,FALSE,3.4989919662475586,"GRT-{PI, PS, DS}"
194,FALSE,0.006729602813720703,ERROR: missing value where TRUE/FALSE needed,NA,NA,NA,NA,NA,NA,NA,NA,NA,NA,NA,NA,NA,NA,NA,NA,NA,NA,NA,NA,NA,NA,NA,NA,FALSE,37.55929970741272,"GRT-{PI, PS, DS}",-2.739354071269184,-2.739354071269184,1.4709446280289695,1.4709446280289695,-2.180315251419191,-0.054856808988544614,-2.180315251419191,-0.054856808988544614,0,0,0,0,-2.739354071269184,-2.180315251419191,FALSE,3.7222392559051514,"GRT-{PI, PS, DS}"
195,TRUE,0.07632160186767578,"{1_RHO, PS, DS}",-0.5327426516158879,-0.5327426516158879,0.08776027399036944,0.08776027399036944,-0.05352889386235688,0.3086503090110527,-0.05352889386235688,0.3086503090110527,-0.30025495570377037,-0.30025495570377037,-0.30025495570377037,-0.30025495570377037,-0.5834083441930864,-0.48499440845528574,0.12270115401660636,0.06710004557747738,0.0019925516162903533,0.31542808298936853,-0.11776987457909549,0.2983551727938807,-0.2947862852294596,-0.36559625008542035,-0.3563730500081841,-0.17593202199161165,FALSE,24.992217779159546,"GRT-{1_RHO, PS, DS}",-0.5253139420013107,-0.5253139420013107,0.0888369752313437,0.0888369752313437,-0.05193539011196033,0.31108226583465437,-0.05193539011196033,0.31108226583465437,-0.30046792682776263,-0.30046792682776263,-0.30046792682776263,-0.30046792682776263,-0.5253139420013107,-0.05193539011196033,TRUE,2.5322253704071045,"GRT-{1_RHO, PS, DS}"
196,TRUE,0.08785247802734375,"{PS, DS}",-1.9329653688256603,-1.9329653688256603,0.472634019937273,0.472634019937273,-2.045361946022057,1.129750905247192,-2.045361946022057,1.129750905247192,0.7757198085883201,-0.4265133913733776,-0.1289237074252474,-0.40776907537542384,-1.8807936081512513,-1.985770403181095,0.2957226994521612,0.6151411045959733,-2.0537489106318234,1.0239003329806393,-1.9907204615820324,1.1983797023069247,0.7807186591529693,-0.43415149807250986,-0.1250496987232538,-0.3990315350072533,TRUE,33.137131690979004,"GRT-{1_RHO, PS, DS}",-2.4621967616372262,-2.4621967616372262,0.49887379644938346,0.49887379644938346,-3.2330365123056106,1.197921263161919,-3.2330365123056106,1.197921263161919,-0.999691808450088,-0.999691808450088,-0.999691808450088,-0.999691808450088,-2.4621967616372262,-3.2330365123056106,FALSE,3.963625192642212,"GRT-{1_RHO, PS, DS}"
197,TRUE,0.08595752716064453,"{PI, PS, DS}",-0.2533471031358,-0.2533471031358,0.2533471031357999,0.2533471031357999,-0.2533471031358,-4.359835622510783e-18,-0.2533471031358,-4.359835622510783e-18,0,0,0,0,-0.25334710313579967,-0.25334710313579967,0.25334710313579945,0.2533471031357995,-0.25334710313579967,-0.25334710313579967,-0.25334710313579994,0.2533471031357995,0.2629251995648306,0.2629251995648306,-0.2629251995648308,0.2629251995648308,TRUE,16.803694009780884,"GRT-{PI, PS, DS}",-3.3159133329793313,-3.3159133329793313,3.710997383436971,3.710997383436971,-3.2911023142476394,0.010332875619188275,-3.2911023142476394,0.010332875619188275,0,0,0,0,-3.3159133329793313,-3.2911023142476394,TRUE,1.5920288562774658,"GRT-{PI, PS, DS}"
198,TRUE,0.11002135276794434,"{PS(A), DS}",-1.4937086045569274,-1.4937086045569274,2.4203898411765614,2.4203898411765614,-2.173919750890854,2.1957699961868133,-0.9789118611170968,2.111864338186976,0.2658131062749626,-0.8026521219258831,-0.3561792206966375,0.6453871261204602,-1.4874168022390561,-1.499651363115054,2.481804546575863,2.3718533294120725,-2.1732447048384236,2.199320328923792,-0.9805850987283471,2.1037732636725375,0.2662760483294816,-0.8023250545617371,-0.3495609386795357,0.6539757400423115,TRUE,42.09786677360535,"GRT-{1_RHO, PS(A), DS}",-1.5364658495047734,-1.5364658495047734,2.340772461713368,2.340772461713368,-2.3682097945253044,2.4072644695762433,-0.9653467228146742,2.2789691235086638,-0.9867352941376419,-0.9867352941376419,-0.9867352941376419,-0.9867352941376419,-1.5364658495047734,-2.3682097945253044,TRUE,3.2440788745880127,"GRT-{1_RHO, PS(A), DS}"
199,TRUE,0.07895469665527344,"{PI, PS(A), DS}",-2.0028083086979414,-2.0028083086979414,1.1945142275470588,1.1945142275470588,-0.789007664505605,1.0675705238781417,-0.27722258924865667,1.5647264713617992,0,0,0,0,-2.0236055582676937,-1.9807523966472793,1.262145176622808,1.115337357733786,-0.7890076645056051,1.0675705238781419,-0.2772225892486569,1.5647264713617988,0.32971787198249436,-0.4535708350632785,0.2671963303657149,0.22881426942970448,FALSE,34.132333517074585,"GRT-{PI, PS(A), DS}",-3.347160687348823,-3.347160687348823,1.2935608357106947,1.2935608357106947,-0.8405478704309686,1.138350934983283,-0.29004020130698205,1.9483778679925243,0,0,0,0,-3.347160687348823,-0.8405478704309686,TRUE,3.2093920707702637,"GRT-{PI, PS(A), DS}"
200,TRUE,0.10002565383911133,"{PS(A), DS}",-2.016805191300748,-2.016805191300748,1.720684685405119,1.720684685405119,-1.29930596512652,2.013249151119269,-0.35717482075025864,1.134779738176976,0.5449494466348896,-0.8493928455068742,-0.5146269988698644,0.2232927527644839,-2.0236055582676937,-2.009874772195385,1.609409260406925,1.8263562979439063,-1.3001534333634237,2.009874772195385,-0.343552574910074,1.1401176534903281,0.543920827722426,-0.850244875029356,-0.5299233771156984,0.2160056967803329,FALSE,33.63733458518982,"GRT-{1_RHO, PS(A), DS}",-3.4026738208235714,-3.4026738208235714,2.063329192421348,2.063329192421348,-1.3951034177194341,2.825697892022186,-0.3823515351989424,1.2107375824921356,-1,-1,-1,-1,-3.4026738208235714,-1.3951034177194341,TRUE,2.925809144973755,"GRT-{1_RHO, PS(A), DS}"
201,TRUE,0.09736061096191406,"{PI, PS(A), DS}",-1.562035738493158,-1.562035738493158,1.4292191038438073,1.4292191038438073,-0.9461226713645919,1.1309776082451581,-1.5763614436960824,1.3764747520763565,0,0,0,0,-1.8485962885014087,-1.3656685790871186,1.4019856220813867,1.458952022362826,-0.9461226713645922,1.130977608245158,-1.5763614436960827,1.3764747520763565,0.23486849447181302,0.01058384665229764,-0.5961864635940973,0.22598112198559753,FALSE,31.537291765213013,"GRT-{PI, PS, DS}",-1.794709275007123,-1.794709275007123,1.5821058736672944,1.5821058736672944,-1.27147044504689,1.3511275129744098,-1.27147044504689,1.3511275129744098,0,0,0,0,-1.794709275007123,-1.27147044504689,FALSE,3.4162511825561523,"GRT-{PI, PS, DS}"
202,FALSE,0.048309326171875,ERROR: x appears to be not positive definite,NA,NA,NA,NA,NA,NA,NA,NA,NA,NA,NA,NA,NA,NA,NA,NA,NA,NA,NA,NA,NA,NA,NA,NA,FALSE,37.889607191085815,"GRT-{1_RHO, PS(A), DS}",-1.414634003004871,-1.414634003004871,2.414333147601241,2.414333147601241,-0.9833372288976842,0.6940298649654123,-2.1555802618363185,3.223130856015684,-0.3652696678432903,-0.3652696678432903,-0.3652696678432903,-0.3652696678432903,-1.414634003004871,-0.9833372288976842,TRUE,3.5022013187408447,"GRT-{1_RHO, PS(A), DS}"
203,TRUE,0.085102081298828125,"{1_RHO, PS, DS}",-0.8464093868259861,-0.8464093868259861,0.1579281055519946,0.1579281055519946,-0.6420375282821613,0.9853152164895719,-0.6420375282821613,0.9853152164895719,-0.3627769948864674,-0.3627769948864674,-0.3627769948864674,-0.3627769948864674,-0.6744897501960818,-1.0200762327862019,0.5024022233733559,-0.1800123697927053,-0.967421566101701,1.0200762327862016,-0.5024022233733559,1.0675705238781417,0.4513682437352341,-0.6674591272075555,-0.8524536362262755,-0.11398444546570144,FALSE,34.055113792419434,"GRT-{1_RHO, PS, DS}",-1.6042376267869365,-1.6042376267869365,0.38993617977171646,0.38993617977171646,-0.8025599842424631,2.739729991679651,-0.8025599842424631,2.739729991679651,-1,-1,-1,-1,-1.6042376267869365,-0.8025599842424631,FALSE,3.3840174674987793,"GRT-{1_RHO, PS, DS}"
204,TRUE,0.0918581485748291,"{PI, PS, DS}",-0.9173211856046143,-0.9173211856046143,1.281551558197645,1.281551558197645,-0.6336399872092234,0.2156401036280841,-0.6336399872092234,0.2156401036280841,0,0,0,0,-0.876142849246841,-0.967421566101701,1.1868314327558183,1.3597373839386058,-0.876142849246841,0.4307272992954576,-0.3773919438285539,0.054518914848101216,0.6189545320787768,6.123233995736748e-17,-0.22519822566783926,0.029951805278784716,TRUE,33.092235803604126,"GRT-{PI, PS, DS}",-1.3101287671013413,-1.3101287671013413,4.399650437554397,4.399650437554397,-0.8572142088238929,0.2728257756155529,-0.8572142088238929,0.2728257756155529,0,0,0,0,-1.3101287671013413,-0.8572142088238929,FALSE,3.3775134086608887,"GRT-{PI, PS, DS}"
205,FALSE,0.06734490394592285,ERROR: x appears to be not positive definite,NA,NA,NA,NA,NA,NA,NA,NA,NA,NA,NA,NA,NA,NA,NA,NA,NA,NA,NA,NA,NA,NA,NA,NA,TRUE,32.11743235588074,"GRT-{PI, PS(A), DS}",-0.11712241237888275,-0.11712241237888275,2.465688088879093,2.465688088879093,-0.11410303215651668,0.21679470444425253,-2.0860735141682105,2.7112248911386545,0,0,0,0,-0.11712241237888275,-0.11410303215651668,FALSE,3.22379469871521,"GRT-{PI, PS(A), DS}"
206,FALSE,0.05688047409057617,ERROR: x appears to be not positive definite,NA,NA,NA,NA,NA,NA,NA,NA,NA,NA,NA,NA,NA,NA,NA,NA,NA,NA,NA,NA,NA,NA,NA,NA,FALSE,27.25650715827942,"GRT-{PI, PS(A), DS}",-2.9916427863540136,-2.9916427863540136,2.860722772237291,2.860722772237291,-1.2539763294061743,-0.08099181673460931,-3.0845276884527477,3.481945064301784,0,0,0,0,-2.9916427863540136,-1.2539763294061743,FALSE,4.204823017120361,"GRT-{PI, PS(A), DS}"
207,TRUE,0.10505390167236328,"{PI, PS(A), DS}",-1.096803562093057,-1.096803562093057,1.2206403118464753,1.2206403118464753,-1.359737383938606,0.7124430323894891,-0.3584587932511942,1.0364333894937896,0,0,0,0,-1.1243382315686392,-1.0675705238781419,1.4050715603096327,1.0364333894937894,-1.3597373839386058,0.712443032389489,-0.35845879325119356,1.0364333894937894,0.620549611829673,-0.6719402796827009,-0.19295204509092811,0.40997645684254314,FALSE,38.085028886795044,"GRT-{PI, PS(A), DS}",-1.578562628102793,-1.578562628102793,1.8618724425539261,1.8618724425539261,-2.6061231124918613,0.899307179506752,-0.4282076388955982,1.539121385546217,0,0,0,0,-1.578562628102793,-2.6061231124918613,FALSE,3.326812505722046,"GRT-{PI, PS(A), DS}"
208,TRUE,0.07065916061401367,"{PI, PS, DS}",-0.36610635680056985,-0.36610635680056985,0.4307272992954576,0.4307272992954576,-0.5024022233619309,0.2933812320931578,-0.5024022233619309,0.2933812320931578,0,0,0,0,-0.565948821932863,-0.18001236979270524,0.43072729929545767,0.43072729929545756,-0.565948821932863,0.18001236979270516,-0.4307272992954575,0.43072729929545756,0.4785763326077399,0.263155638961282,-0.3966907824503664,0.3966907824503665,TRUE,31.01933455467224,"GRT-{PI, PS, DS}",-0.9691737074850749,-0.9691737074850749,2.8989418110050487,2.8989418110050487,-2.703629652352988,0.8406149874804068,-2.703629652352988,0.8406149874804068,0,0,0,0,-0.9691737074850749,-2.703629652352988,FALSE,3.2717905044555664,"GRT-{PI, PS, DS}"
209,TRUE,0.11556720733642578,"{PS(A), DS}",-1.2596595074740697,-1.2596595074740697,0.5244005127252194,0.5244005127252194,-0.9490837377613806,1.1080098499368967,-0.10883464040718817,1.4128760304806636,0.1624086908337513,-0.8759777994862591,-0.43975771844691536,0.02608004812903059,-1.2955749870976876,-1.2206403488473498,0.5659488219328633,0.47950565333095047,-0.9512777187290918,1.0853249080767589,-0.11964811303984209,1.4121875789061642,0.1608295278790361,-0.8789915091741158,-0.4374746467143732,0.026231226007696475,TRUE,35.902483224868774,"GRT-{1_RHO, PS, DS}",-1.7141709308475794,-1.7141709308475794,0.6991819751396109,0.6991819751396109,-0.5119069136255613,1.5847315415296435,-0.5119069136255613,1.5847315415296435,-0.6519877739384711,-0.6519877739384711,-0.6519877739384711,-0.6519877739384711,-1.7141709308475794,-0.5119069136255613,TRUE,3.233304023742676,"GRT-{1_RHO, PS, DS}"
210,TRUE,0.085357666015625,"{PI, PS, DS}",-0.33087257172066764,-0.33087257172066764,0.8172368215581344,0.8172368215581344,-1.0444087948725111,1.0896619819460576,-1.0444087948725111,1.0896619819460576,0,0,0,0,-0.5024022233733559,-0.1800123697927053,0.5659488219328631,1.1107716166367856,-1.0200762327862019,1.0675705238781417,-1.067570523878142,1.1107716166367856,0.3264445235488178,-0.11398444546570144,-0.3589084537642029,0.6939198436051145,FALSE,27.97352957725525,"GRT-{PI, PS, DS}",-0.4640103761033975,-0.4640103761033975,1.3018654086334192,1.3018654086334192,-2.7034211789700087,3.5200908126435064,-2.7034211789700087,3.5200908126435064,0,0,0,0,-0.4640103761033975,-2.7034211789700087,FALSE,4.440479516983032,"GRT-{PI, PS, DS}"
211,TRUE,0.19789958000183105,"{PI, PS, DS}",-1.2040469599480996,-1.2040469599480996,0.6959079339513106,0.6959079339513106,-1.2206403482104304,-0.13971029888181358,-1.2206403482104304,-0.13971029888181358,0,0,0,0,-1.150349380376008,-1.2521195202652196,0.5244005127080409,0.9288994916472709,-1.150349380376008,-0.1992013247892673,-1.2815515655446006,-0.07379127380827266,0.7045985761976805,0.11512187766662206,-0.29906997353873754,0.23662975492267108,TRUE,36.170960664749146,"GRT-{PI, PS, DS}",-3.516126042131541,-3.516126042131541,0.9368777974317215,0.9368777974317215,-3.234851736893866,-0.19019158145493043,-3.234851736893866,-0.19019158145493043,0,0,0,0,-3.516126042131541,-3.234851736893866,FALSE,4.39070987701416,"GRT-{PI, PS, DS}"
212,FALSE,0.053507328033447266,ERROR: x appears to be not positive definite,NA,NA,NA,NA,NA,NA,NA,NA,NA,NA,NA,NA,NA,NA,NA,NA,NA,NA,NA,NA,NA,NA,NA,NA,TRUE,33.36829423904419,"GRT-{1_RHO, PS(A), DS}",-0.6374219463868404,-0.6374219463868404,2.337895044245525,2.337895044245525,-1.7804410652577574,1.2942979616145582,-2.032095514621975,2.5666589187707007,-0.134464198176166,-0.134464198176166,-0.134464198176166,-0.134464198176166,-0.6374219463868404,-1.7804410652577574,TRUE,3.715620279312134,"GRT-{1_RHO, DS}"
213,TRUE,0.10613179206848145,"{PI, PS(A), DS}",-1.7818216340241448,-1.7818216340241448,0.47397812258769045,0.47397812258769045,-0.16421077707933088,1.8413262001372355,-1.2418667918433206,1.1868314327558183,0,0,0,0,-1.7116753065097285,-1.8413262001372355,0.41441332960007643,0.5413950851290881,-0.16421077707933096,1.8413262001372352,-1.2418667918433206,1.1868314327558183,0.07744325187695128,-0.831028676558054,0.2998308390452045,-0.24023745412912673,FALSE,37.199870586395264,"GRT-{PI, PS(A), DS}",-2.7704579457332468,-2.7704579457332468,0.5195907098351804,0.5195907098351804,-0.16769123525910393,2.8685982562736925,-1.423042057556531,1.3270452879368957,0,0,0,0,-2.7704579457332468,-0.16769123525910393,TRUE,4.166330099105835,"GRT-{PI, PS(A), DS}"
214,TRUE,0.14019346237182617,"{PI, DS}",-1.4775252920188415,-0.7363159173761297,1.6198562586382697,1.501085946044025,-0.9830529168961905,1.632547965846349,-0.633640000779701,0.764709673786387,0,0,0,0,-1.4775252920188413,-0.7363159173761296,1.6198562586382697,1.5010859460440247,-0.9830529168961905,1.6325479658463489,-0.6336400007797012,0.764709673786387,0.2964402030956888,-0.3591271183701494,-0.310629677962118,0.17514078564808158,TRUE,48.253453731536865,"GRT-{PI, PS(A), DS}",-1.243045952955796,-1.243045952955796,2.394856624603516,2.394856624603516,-1.1357108638307902,2.779444154926277,-0.7209733024426064,0.8390557693623883,0,0,0,0,-1.243045952955796,-1.1357108638307902,FALSE,4.42505407333374,"GRT-{PI, PS(A), DS}"
215,TRUE,0.09701943397521973,"{PI, PS, DS}",-1.236652241519899,-1.236652241519899,0.7279132908816441,0.7279132908816441,-0.6985256762981487,0.8207920883308247,-0.6985256762981487,0.8207920883308247,0,0,0,0,-1.2206403488473498,-1.2521195202652196,0.6229257232100875,0.8416212335729142,-0.4307272992954575,0.8045963803603003,-1.1107716166367858,0.8416212335729142,0.2528590259272709,-0.46608679468057623,-0.386548406220817,0.8233199497618197,TRUE,43.977296590805054,"GRT-{1_RHO, PS, DS}",-2.3954577520230593,-2.3954577520230593,1.1257817630097966,1.1257817630097966,-0.9582000082006552,1.1453210352208176,-0.9582000082006552,1.1453210352208176,1,1,1,1,-2.3954577520230593,-0.9582000082006552,FALSE,4.188027381896973,"GRT-{1_RHO, PS, DS}"
216,TRUE,0.13724589347839355,"{1_RHO, PS(A), DS}",-0.08325920937069685,-0.08325920937069685,0.12020332517892332,0.12020332517892332,-1.8317413616878198,1.694938459748508,-0.5422928441422927,1.8499090933660822,0.550285179437945,0.550285179437945,0.550285179437945,0.550285179437945,-0.05015358346473387,-0.120170828099354,0.04949312519186418,0.19049550739750395,-1.8521798587690472,1.7116753065097288,-0.5549229427026537,1.899080011119952,0.31018715532754193,0.322011666498403,0.6963514766557938,0.36132882205303235,TRUE,32.44466805458069,"GRT-{1_RHO, PS(A), DS}",-0.0664408296258134,-0.0664408296258134,0.11434600386871903,0.11434600386871903,-2.1153460208585373,1.9451862601309489,-0.5398061606760045,2.127422262899953,0.710913549952686,0.710913549952686,0.710913549952686,0.710913549952686,-0.0664408296258134,-2.1153460208585373,TRUE,3.222705602645874,"GRT-{1_RHO, PS(A), DS}"
217,TRUE,0.09168362617492676,"{PI, PS, DS}",-0.2533471031358,-0.2533471031358,0.2533471031357999,0.2533471031357999,-0.2533471031358,4.359835622510783e-18,-0.2533471031358,4.359835622510783e-18,0,0,0,0,-0.25334710313579967,-0.25334710313579994,0.25334710313579945,0.25334710313579945,-0.25334710313579967,0.25334710313579945,-0.25334710313579994,-0.25334710313579994,0.2629251995648306,-0.2629251995648308,-0.2629251995648308,-0.2629251995648308,TRUE,19.250803470611572,"GRT-{PI, PS, DS}",-3.1876466723177894,-3.1876466723177894,2.898501083464143,2.898501083464143,-2.985125153127219,-0.0038007904143326776,-2.985125153127219,-0.0038007904143326776,0,0,0,0,-3.1876466723177894,-2.985125153127219,TRUE,2.1305766105651855,"GRT-{PI, PS, DS}"
218,TRUE,0.13080596923828125,"{PS(A), DS}",-0.6243862029929509,-0.6243862029929509,0.9129091542315315,0.9129091542315315,-0.6078628729617648,1.5027003715973215,-1.7635215317955342,1.402283955731853,0.8458597408820375,0.14179862075390753,-0.19586225450737743,0.7005057514872561,-0.712443032389489,-0.5549229427026537,0.8510585268385692,0.9759001979035626,-0.6620541667499952,1.507904591440559,-1.7568266072519052,1.4328569081865645,0.8419664394037408,0.14356607287273068,-0.19809745380273702,0.6971065926601291,TRUE,31.36760425567627,"GRT-{1_RHO, PS(A), DS}",-0.6705638220728122,-0.6705638220728122,0.981890152304315,0.981890152304315,-0.642886299985256,1.689994330871433,-2.1781236758142386,1.5751251086447673,0.8255452203534592,0.8255452203534592,0.8255452203534592,0.8255452203534592,-0.6705638220728122,-0.642886299985256,TRUE,3.1708338260650635,"GRT-{1_RHO, PS(A), DS}"
219,TRUE,0.1455676555633545,"{PI, PS(A), DS}",-1.3745946801972349,-1.3745946801972349,0.6822955329024647,0.6822955329024647,-1.2909491476822743,1.8959170463556887,-1.5341205443525465,-0.1662953461350965,0,0,0,0,-1.2016266878828095,-1.5720367482422435,0.6102946101863325,0.7507050408088634,-1.2909491476822743,1.8959170463556885,-1.5341205443525465,-0.166295346135097,0.4609298552627519,-0.6916074014678792,-0.09205273315561203,0.1942855895687538,FALSE,37.11461091041565,"GRT-{PI, PS(A), DS}",-1.5348944966601608,-1.5348944966601608,0.7428875527708583,0.7428875527708583,-1.4582345266131742,2.690492280543511,-2.141723971764154,-0.18567960018291507,0,0,0,0,-1.5348944966601608,-1.4582345266131742,TRUE,3.86832332611084,"GRT-{PI, PS(A), DS}"
220,TRUE,0.0845947265625,"{PI, PS, DS}",-0.3661063568005696,-0.3661063568005696,0.3661063568005697,0.3661063568005697,-0.5659488219328631,0.1800123697927052,-0.5659488219328631,0.1800123697927052,0,0,0,0,-0.565948821932863,-0.1800123697927051,0.5659488219328632,0.1800123697927053,-0.565948821932863,-0.1800123697927051,-0.5659488219328632,0.5659488219328633,0.4785763326077399,0.6110731352211658,-0.47857633260773985,0.1513899619904258,FALSE,34.53558921813965,"GRT-{PI, PS, DS}",-0.9620419145248638,-0.9620419145248638,0.9585356977714106,0.9585356977714106,-2.718919338754652,0.4270571845469866,-2.718919338754652,0.4270571845469866,0,0,0,0,-0.9620419145248638,-2.718919338754652,FALSE,7.326181411743164,"GRT-{PI, PS, DS}"
221,TRUE,0.16467523574829102,"{PI, PS(A), DS}",-2.045390989873287,-2.045390989873287,0.2104283942473517,0.2104283942473517,-0.9674215661017012,0.17637416478086124,-1.6010086648860757,2.0537489106318234,0,0,0,0,-2.0368341317013887,-2.0537489106318234,0.17716982099174003,0.25334710313579983,-0.9674215661017013,0.17637416478086093,-1.601008664886076,2.053748910631823,0.4024084891825638,-0.07285611865293608,0.18775562006552257,0.10465423317788125,TRUE,45.10661578178406,"GRT-{PI, PS(A), DS}",-3.3746407972760553,-3.3746407972760553,0.2231868075158121,0.2231868075158121,-1.0566715191651836,0.1776691898825531,-1.7789410058983872,3.8793649071944234,0,0,0,0,-3.3746407972760553,-1.0566715191651836,FALSE,5.121840476989746,"GRT-{PI, PS(A), DS}"
222,TRUE,0.15415000915527344,"{PS, DS}",-1.094731512122462,-1.094731512122462,1.2986585415491931,1.2986585415491931,-1.209477088826107,1.1392157640749798,-1.209477088826107,1.1392157640749798,0.5562200944951279,-0.40353830710409644,-0.7751386201310438,0.803057085706543,-0.8694237732888859,-1.3091717167857775,1.3829941271006385,1.4652337926855228,-1.0200762327862019,0.8761428492468409,-1.3829941271006387,1.4652337926855228,0.5671069525610364,-0.4940967230572044,-0.7582523705583522,0.7740834464240824,FALSE,44.801968574523926,"GRT-{PI, PS, DS}",-1.3953047943907293,-1.3953047943907293,2.885528301527364,2.885528301527364,-1.6874509788853844,1.663338054567392,-1.6874509788853844,1.663338054567392,0,0,0,0,-1.3953047943907293,-1.6874509788853844,FALSE,3.3091838359832764,"GRT-{PI, PS, DS}"
223,TRUE,0.11820411682128906,"{PS(A), DS}",-1.494591457107793,-1.494591457107793,1.7402326095239558,1.7402326095239558,-1.8497731180557446,0.23462397884506886,-0.3132037439966807,1.4651071620843108,0.5938744922617277,-0.3341361155754121,0.23666952250828385,0.39034122969008106,-1.335177736118937,-1.6721832673139116,1.7393841569195565,1.7412906000251964,-1.794538415629369,0.2492730114052109,-0.3132399607320273,1.4652337926855228,0.610649704833317,-0.31692818380475596,0.2367297038599674,0.39022087476858,TRUE,45.1075394153595,"GRT-{PI, PS(A), DS}",-1.6289876142254203,-1.6289876142254203,2.0438693475888723,2.0438693475888723,-2.0810300146328458,0.2654541562412982,-0.31816090048296863,1.6045651900474383,0,0,0,0,-1.6289876142254203,-2.0810300146328458,FALSE,4.118269681930542,"GRT-{PI, PS(A), DS}"
224,TRUE,0.09644722938537598,"{PS, DS}",-1.2267291634344943,-1.2267291634344943,1.373106659733409,1.373106659733409,-1.4903663830902725,1.341296837574242,-1.4903663830902725,1.341296837574242,0.6245784408288588,-0.7044146619410337,-0.6620258265086115,0.618696949791896,-1.17498679206609,-1.3180108973035367,1.3001534333634237,1.4260768722728472,-1.4050715603096324,1.5341205443525465,-1.5179291595942788,1.1983797023069247,0.6352650235725145,-0.6730871984168939,-0.6686472948333122,0.6418180981992133,FALSE,43.30380034446716,"GRT-{PI, PS, DS}",-1.8005523639900174,-1.8005523639900174,2.1271826315366953,2.1271826315366953,-2.985731891121301,2.064564703288553,-2.985731891121301,2.064564703288553,0,0,0,0,-1.8005523639900174,-2.985731891121301,FALSE,3.6306557655334473,"GRT-{PI, PS, DS}"
225,TRUE,0.1113133430480957,"{PS(A), DS}",-1.5292051583235882,-1.5292051583235882,1.9578189902088659,1.9578189902088659,-2.1266035560383356,1.2289627402135521,-1.6748369545385844,1.9944060860351651,0.5925015400605225,-0.2050901044030907,-0.5612839625516233,0.8613712183139036,-1.4744856551599714,-1.6040834827675028,1.8980286526220018,2.032478253088414,-2.1073446081072995,1.2334945619686917,-1.6637927858850743,2.032478253088414,0.5984261455885364,-0.2005143315086191,-0.5704337538123259,0.8525900286451826,FALSE,46.35256838798523,"GRT-{PI, PS(A), DS}",-1.6539665253669673,-1.6539665253669673,2.4228546202921013,2.4228546202921013,-2.3126580235787277,1.332587625161747,-2.0339582852843745,3.2983979236250973,0,0,0,0,-1.6539665253669673,-2.3126580235787277,FALSE,5.184123754501343,"GRT-{1_RHO, PS(A), DS}"
226,TRUE,0.09657835960388184,"{PS, DS}",-1.8231817016903935,-1.8231817016903935,0.8984476944916674,0.8984476944916674,-0.9337570542532321,1.3971964473833312,-0.9337570542532321,1.3971964473833312,0.33209228456903295,-0.5839571697259381,-0.5482697318876916,0.7050203584780331,-1.8186455928500607,-1.7506860712521704,0.9014540796736767,1.007435601287308,-0.7582925569911515,1.2815515655446004,-1.162831290200781,1.5647264713617988,0.3427847210412765,-0.5964823730814486,-0.5462343920705099,0.6759625690751861,FALSE,36.492111682891846,"GRT-{PI, PS, DS}",-2.717680561704018,-2.717680561704018,1.071698966976398,1.071698966976398,-1.0273729255828101,1.7078246998381763,-1.0273729255828101,1.7078246998381763,0,0,0,0,-2.717680561704018,-1.0273729255828101,FALSE,3.873162031173706,"GRT-{PI, PS, DS}"
227,TRUE,0.11570501327514648,"{PS, DS}",-0.8540065960091047,-0.8540065960091047,1.961377764891759,1.961377764891759,-1.8321551542000014,1.8119227556894368,-1.8321551542000014,1.8119227556894368,0.35296516962817626,-0.41986603659951627,-0.7677732251375532,0.7315641269343838,-0.7990827621351791,-0.9173211856192284,1.980752396647279,1.8696066471189026,-1.876358561894595,1.9491119969398878,-1.8027430907391906,1.6833482640036077,0.3531576025103157,-0.39430936207578693,-0.7689073317334257,0.7491508609144047,FALSE,42.585699796676636,"GRT-{PI, PS, DS}",-0.9330060135429524,-0.9330060135429524,2.7820031373068232,2.7820031373068232,-2.2577442099450136,2.443912127671068,-2.2577442099450136,2.443912127671068,0,0,0,0,-0.9330060135429524,-2.2577442099450136,TRUE,4.08992600440979,"GRT-{PI, PS, DS}"
228,TRUE,0.1506507396697998,"{PI, PS(A), DS}",-1.3350856000357838,-1.3350856000357838,1.679661185315815,1.679661185315815,-1.5792195192835745,1.4652337926855228,-0.9830529168961905,0.2654047538249757,0,0,0,0,-1.204046960026702,-1.465233792685523,1.679661185315815,1.679661185315815,-1.5792195192835747,1.465233792685523,-0.9830529168961906,0.2654047538249758,0.6021377470722956,-0.5783628863801926,-0.47048098713710806,0.12683258432701902,FALSE,51.69227719306946,"GRT-{PI, PS(A), DS}",-1.7149599275731189,-1.7149599275731189,6.246035050916758,6.246035050916758,-2.9825922251153254,1.948269551377789,-1.119424854804476,0.2979944164017283,0,0,0,0,-1.7149599275731189,-2.9825922251153254,TRUE,5.524348974227905,"GRT-{PI, PS(A), DS}"
229,TRUE,0.09725642204284668,"{PI, PS(A), DS}",-1.2040468196255099,-1.2040468196255099,0.9084430789323025,0.9084430789323025,-0.9674215661017009,0.22300783094036675,-0.08365173390712939,0.764709673786387,0,0,0,0,-1.2206403488473496,-1.1868314327558183,0.8416212335729143,0.9674215661017013,-0.9674215661017014,0.22300783094036683,-0.08365173390712927,0.764709673786387,0.5699886196440741,-0.13302635811640354,-0.35268307674843496,0.22899990146577304,FALSE,36.544044733047485,"GRT-{PI, PS, DS}",-3.952377528654431,-3.952377528654431,1.4330122111006252,1.4330122111006252,-0.7145657800838306,0.6521421775754955,-0.7145657800838306,0.6521421775754955,0,0,0,0,-3.952377528654431,-0.7145657800838306,FALSE,4.261484384536743,"GRT-{PI, PS, DS}"
230,TRUE,0.12096810340881348,"{PI, PS(A), DS}",-1.5341175337424173,-1.5341175337424173,1.4525532959206842,1.4525532959206842,-1.8718707308672458,0.50007640895015,-1.8718707308672458,1.2657363864927123,0,0,0,0,-1.6350392668017106,-1.4432993237482539,1.3295291071787327,1.5886052919228337,-1.8718707308672455,0.5000764089501498,-1.8718707308672455,1.2657363864927118,0.5625249952182048,0.2809536967818528,-0.41284451520801,0.15293882775967857,FALSE,36.79377365112305,"GRT-{PI, PS(A), DS}",-1.74891140298326,-1.74891140298326,1.5185898587734028,1.5185898587734028,-2.003405357802803,0.5012795831784049,-2.435918691022265,1.4343751808770624,0,0,0,0,-1.74891140298326,-2.003405357802803,FALSE,3.395020008087158,"GRT-{PI, PS(A), DS}"
231,FALSE,0.015542984008789062,ERROR: missing value where TRUE/FALSE needed,NA,NA,NA,NA,NA,NA,NA,NA,NA,NA,NA,NA,NA,NA,NA,NA,NA,NA,NA,NA,NA,NA,NA,NA,TRUE,28.92443060874939,"GRT-{PI, PS, DS}",-0.6684509450117071,-0.6684509450117071,2.7015884360696254,2.7015884360696254,-0.6732863517994448,0.010832878694219672,-0.6732863517994448,0.010832878694219672,0,0,0,0,-0.6684509450117071,-0.6732863517994448,TRUE,3.942370891571045,"GRT-{PI, PS, DS}"
232,TRUE,0.09595632553100586,"{PI, PS, DS}",-0.2533471031358,-0.2533471031358,0.2533471031357999,0.2533471031357999,-0.2533471031358,-4.359835622510783e-18,-0.2533471031358,-4.359835622510783e-18,0,0,0,0,-0.25334710313579967,-0.25334710313579967,0.25334710313579945,0.2533471031357995,-0.25334710313579967,-0.25334710313579967,-0.25334710313579994,0.2533471031357995,0.2629251995648306,0.2629251995648306,-0.2629251995648308,0.2629251995648308,TRUE,17.230196952819824,"GRT-{PI, PS, DS}",-3.4540036660335782,-3.4540036660335782,2.797572191291636,2.797572191291636,-3.147601320439082,-0.003952360835839386,-3.147601320439082,-0.003952360835839386,0,0,0,0,-3.4540036660335782,-3.147601320439082,TRUE,2.190972328186035,"GRT-{PI, PS, DS}"
233,TRUE,0.0981454849243164,"{PS(A), DS}",-1.3144962914678755,-1.3144962914678755,0.640412033069072,0.640412033069072,-2.33692538850984,1.6477106003533308,-2.4297105657297426,0.8666508564929659,0.5488575337447913,0.08394194080090375,-0.21409541323465328,0.5175811453562182,-1.4563382185327742,-1.1991936009293664,0.5920066223547559,0.6894088149784471,-2.3846792709499356,1.6508684854737372,-2.4231961950085448,0.88277381551731815,0.5363929849497646,0.08670746959549057,-0.2150763338825913,0.5150204484951577,TRUE,32.66563963890076,"GRT-{1_RHO, PS(A), DS}",-1.3484663401703085,-1.3484663401703085,0.653257344429734,0.653257344429734,-3.632298164692886,1.7095840749808722,-5.883144212536247,0.8832489938105312,0.5211281890944285,0.5211281890944285,0.5211281890944285,0.5211281890944285,-1.3484663401703085,-3.632298164692886,TRUE,3.783790111541748,"GRT-{1_RHO, PS(A), DS}"
234,TRUE,0.11739611625671387,"{PI, PS, DS}",-1.5647264713617985,-1.5647264713617985,1.3829941270726298,1.3829941270726298,-1.4260768717949897,0.764709672446599,-1.4260768717949897,0.764709672446599,0,0,0,0,-1.5647264713617988,-1.5647264713617988,1.3001534333634235,1.483539859401297,-1.5647264713617988,0.6289042176321901,-1.3001534333634235,0.9446695913944759,0.791419597635264,-0.315641705230873,-0.5219520500684665,0.4918857659846587,FALSE,40.03580570220947,"GRT-{PI, PS, DS}",-3.511710211515282,-3.511710211515282,2.072298772467762,2.072298772467762,-2.310309806649795,0.9173071390990573,-2.310309806649795,0.9173071390990573,0,0,0,0,-3.511710211515282,-2.310309806649795,FALSE,4.067145824432373,"GRT-{PI, PS, DS}"
235,TRUE,0.10118436813354492,"{PI, PS, DS}",-0.9485350407619267,-0.9485350407619267,1.0491313978452654,1.0491313978452654,-0.45564031366980856,1.0099901692495823,-0.45564031366980856,1.0099901692495823,0,0,0,0,-1.0031479676625341,-0.8871465590188763,0.9674215661017014,1.150349380376008,-0.8045963803603003,0.8871465590188763,-0.13971029888186196,1.150349380376008,0.25219847595392314,-0.33175598941167167,-0.3653367758433057,0.7045985761976805,TRUE,40.688501834869385,"GRT-{PI, PS, DS}",-1.47281744004376,-1.47281744004376,1.7561197880802044,1.7561197880802044,-0.5858469815559205,1.7122274701454638,-0.5858469815559205,1.7122274701454638,0,0,0,0,-1.47281744004376,-0.5858469815559205,TRUE,4.173051118850708,"GRT-{PI, PS, DS}"
236,FALSE,0.006354331970214844,ERROR: missing value where TRUE/FALSE needed,NA,NA,NA,NA,NA,NA,NA,NA,NA,NA,NA,NA,NA,NA,NA,NA,NA,NA,NA,NA,NA,NA,NA,NA,FALSE,38.330700397491455,"GRT-{PI, PS(A), DS}",-2.0932317363874384,-2.0932317363874384,3.2519186762062056,3.2519186762062056,-0.04709353847045096,-2.793217602676812e-4,-1.4069899080174673,2.8598308312446785,0,0,0,0,-2.0932317363874384,-0.04709353847045096,FALSE,3.9719016551971436,"GRT-{PI, PS(A), DS}"
237,TRUE,0.10721850395202637,"{PI, PS(A), DS}",-1.4499897912025326,-1.4499897912025326,1.6683752700085404,1.6683752700085404,-1.3676279233156887,1.549705900736589,-0.33300509819729646,1.412187578906164,0,0,0,0,-1.5792195192835745,-1.335177736118937,1.7116753065097288,1.6198562586382697,-1.3676279233156885,1.549705900736589,-0.3330050981972964,1.4121875789061642,0.6850291984155802,-0.6772837482214645,-0.15706515705578716,0.6952793823841996,FALSE,46.35193395614624,"GRT-{PI, PS(A), DS}",-2.137492223758936,-2.137492223758936,2.9976356065452,2.9976356065452,-1.9083074356250544,2.912396616445155,-0.34896554218006903,1.9440534401748666,0,0,0,0,-2.137492223758936,-1.9083074356250544,FALSE,4.3160436153411865,"GRT-{PI, PS(A), DS}"
238,TRUE,0.08177995681762695,"{1_RHO, PS, DS}",-0.9130068294280909,-0.9130068294280909,0.07983744792698982,0.07983744792698982,-0.05429974357056535,0.7761375964940184,-0.05429974357056535,0.7761375964940184,-0.1951723184897032,-0.1951723184897032,-0.1951723184897032,-0.1951723184897032,-0.8517259806982668,-0.9878373274485257,0.0569996743583738,0.1270808544950286,0.017653228648661267,0.9474012715571221,-0.11418529432142797,0.6138327660514061,-0.13947919413011878,-0.0401388538758518,-0.345781986052922,-0.15406995509059435,FALSE,29.00520372390747,"GRT-{PI, PS, DS}",-0.9951082201653293,-0.9951082201653293,0.10433326674849763,0.10433326674849763,-0.048548035926722626,0.813829557481268,-0.048548035926722626,0.813829557481268,0,0,0,0,-0.9951082201653293,-0.048548035926722626,FALSE,2.927677631378174,"GRT-{PI, PS, DS}"
239,TRUE,0.0795433521270752,"{PI, PS, DS}",-0.5659488219328632,-0.5659488219328632,0.4307272986263241,0.4307272986263241,-0.622925723204953,0.3661063568005697,-0.622925723204953,0.3661063568005697,0,0,0,0,-0.565948821932863,-0.5659488219328632,0.6744897501960816,0.18001236979270543,-0.565948821932863,0.5659488219328632,-0.6744897501960816,0.18001236979270543,0.4785763326077399,-0.47857633260773985,-0.5342895672253395,0.6110731352211656,FALSE,37.2901566028595,"GRT-{1_RHO, PS, DS}",-2.6986427916698448,-2.6986427916698448,1.2922903249987105,1.2922903249987105,-2.998673964947631,1.2826558778071981,-2.998673964947631,1.2826558778071981,1,1,1,1,-2.6986427916698448,-2.998673964947631,FALSE,3.6779706478118896,"GRT-{1_RHO, PS, DS}"
240,TRUE,0.09717750549316406,"{PS(A), DS}",-0.1375134025159935,-0.1375134025159935,0.7511626992301133,0.7511626992301133,-1.6311444285318923,0.808430962960187,-1.838139514140869,0.20241666398321062,-0.12437139597501753,-0.8192961414004916,-0.25846425275506285,-0.7139368613368253,-0.17374106191177313,-0.10763439238310236,0.5807580840085499,0.8871465590188763,-1.6283614067169068,0.7916386077433746,-1.8107766086044805,0.15731068461017098,-0.12406256086597327,-0.8181706403966069,-0.26327474371629744,-0.6993695819411351,FALSE,34.93351888656616,"GRT-{1_RHO, PS, DS}",-0.002494851891667942,-0.002494851891667942,0.6928381982254338,0.6928381982254338,-2.221546760844022,0.5180483465169083,-2.221546760844022,0.5180483465169083,-1,-1,-1,-1,-0.002494851891667942,-2.221546760844022,FALSE,3.7242465019226074,"GRT-{1_RHO, PS, DS}"
241,TRUE,0.12986016273498535,"{PS(A), DS}",-1.33009722903398,-1.33009722903398,1.1448959730880477,1.1448959730880477,-1.8171044929786728,1.0101144731888327,-1.657910543951921,1.7504060390645193,0.5451009961076223,-0.8162987739438607,-0.694278871682201,0.5579364748903686,-1.2096451263823649,-1.4652337926855228,1.1003344194590818,1.1983797023069247,-1.7775870750733933,1.0675705238781419,-1.6366916466733992,1.7688250385187063,0.5566647008339726,-0.8001801822966543,-0.6972351062174493,0.5534125471700373,TRUE,46.38449716567993,"GRT-{1_RHO, PS, DS}",-1.7414201010575723,-1.7414201010575723,1.3549801489211761,1.3549801489211761,-2.3573000944432234,1.4328343136393817,-2.3573000944432234,1.4328343136393817,-0.961592727232185,-0.961592727232185,-0.961592727232185,-0.961592727232185,-1.7414201010575723,-2.3573000944432234,FALSE,4.045156955718994,"GRT-{1_RHO, PS, DS}"
242,TRUE,0.10759091377258301,"{PI, PS(A), DS}",-1.1066089140299027,-1.1066089140299027,1.905325811107082,1.905325811107082,-1.2743719014183903,0.8416212335729142,-0.5722329328416387,1.2366522415199068,0,0,0,0,-1.0283239508024653,-1.204046960026702,1.8829917018355982,1.926403152963982,-1.2743719014183903,0.8416212335729142,-0.5722329328416383,1.2366522415199066,-0.06848513318586692,-0.3176203720582227,-0.2521650767925542,0.5366752815526088,FALSE,40.28725337982178,"GRT-{PI, PS(A), DS}",-1.2062280221466417,-1.2062280221466417,2.7294827188663655,2.7294827188663655,-1.4274186739855874,0.9100974515633855,-0.6069808389120099,1.355026291013319,0,0,0,0,-1.2062280221466417,-1.4274186739855874,FALSE,4.645630359649658,"GRT-{PI, PS(A), DS}"
243,FALSE,0.014449119567871094,ERROR: missing value where TRUE/FALSE needed,NA,NA,NA,NA,NA,NA,NA,NA,NA,NA,NA,NA,NA,NA,NA,NA,NA,NA,NA,NA,NA,NA,NA,NA,FALSE,35.13591933250427,"GRT-{1_RHO, PS, DS}",-1.7805956648834385,-1.7805956648834385,0.24794946895368808,0.24794946895368808,-2.9673772104843925,0.2557526216486816,-2.9673772104843925,0.2557526216486816,1,1,1,1,-1.7805956648834385,-2.9673772104843925,FALSE,3.467212200164795,"GRT-{1_RHO, PS, DS}"
244,TRUE,0.0956580638885498,"{PI, PS(A), DS}",-0.5024022221757436,-0.5024022221757436,0.2268854445243385,0.2268854445243385,-1.679661185315815,0.5659488219328633,-0.5659488219328631,0.2654047538249755,0,0,0,0,-0.6563049908667616,-0.3280721075316511,0.32807210753165117,0.14625393380431004,-1.679661185315815,0.5659488219328633,-0.5659488219328632,0.26540475382497547,0.3138058389385247,-0.06313190767465965,0.16084020208851657,0.2249190950732831,TRUE,29.011712551116943,"GRT-{PI, PS(A), DS}",-0.5488019934639851,-0.5488019934639851,0.2622379317392012,0.2622379317392012,-2.6825565306476036,0.6518299170162081,-0.6413824775496022,0.29988700286328385,0,0,0,0,-0.5488019934639851,-2.6825565306476036,FALSE,2.973867893218994,"GRT-{PI, PS(A), DS}"
245,TRUE,0.07718706130981445,"{1_RHO, PS, DS}",-0.5174777694193092,-0.5174777694193092,0.48732564940781914,0.48732564940781914,-1.298432027587086,0.5615778171057352,-1.298432027587086,0.5615778171057352,-0.3164451090766788,-0.3164451090766788,-0.3164451090766788,-0.3164451090766788,-0.5244005127080408,-0.4795056533309504,0.6744897501960816,0.25334710313579945,-1.2815515655446004,0.33603814037182306,-1.3829941271006385,0.8416212335729144,0.29906997353873754,-0.6272234810868009,-0.36707166078565373,-0.2854442743351827,TRUE,30.12480092048645,"GRT-{1_RHO, PS, DS}",-0.7231987806956198,-0.7231987806956198,0.6528391876219023,0.6528391876219023,-3.6609592535753097,0.6986001635756067,-3.6609592535753097,0.6986001635756067,-0.7674434327705674,-0.7674434327705674,-0.7674434327705674,-0.7674434327705674,-0.7231987806956198,-3.6609592535753097,FALSE,3.4125843048095703,"GRT-{1_RHO, PS, DS}"
246,FALSE,0.006126880645751953,ERROR: missing value where TRUE/FALSE needed,NA,NA,NA,NA,NA,NA,NA,NA,NA,NA,NA,NA,NA,NA,NA,NA,NA,NA,NA,NA,NA,NA,NA,NA,FALSE,28.395249128341675,"GRT-{PI, PS, DS}",-1.212504933503182,-1.212504933503182,3.1059018384481774,3.1059018384481774,-0.683322521705307,3.1122964456440214,-0.683322521705307,3.1122964456440214,0,0,0,0,-1.212504933503182,-0.683322521705307,FALSE,2.8642542362213135,"GRT-{PI, PS, DS}"
247,TRUE,0.08399057388305664,"{PI, PS, DS}",-1.465233792685523,-1.465233792685523,0.6102946097876065,0.6102946097876065,-1.446103592918071,1.4050715590325589,-1.446103592918071,1.4050715590325589,0,0,0,0,-1.4652337926855228,-1.4652337926855228,0.7363159173761298,0.472789120992267,-1.4652337926855228,1.4652337926855228,-1.4260768722728474,1.3351777361189368,0.7740834464240824,-0.7740834464240824,-0.3930200509588858,0.2628731410789338,FALSE,28.045872449874878,"GRT-{PI, PS, DS}",-3.0721626780860807,-3.0721626780860807,0.7459445392075517,0.7459445392075517,-2.9716212908560973,4.290981148871784,-2.9716212908560973,4.290981148871784,0,0,0,0,-3.0721626780860807,-2.9716212908560973,TRUE,3.124746561050415,"GRT-{PI, PS, DS}"
248,FALSE,0.038227081298828125,ERROR: x appears to be not positive definite,NA,NA,NA,NA,NA,NA,NA,NA,NA,NA,NA,NA,NA,NA,NA,NA,NA,NA,NA,NA,NA,NA,NA,NA,FALSE,40.2699613571167,"GRT-{1_RHO, PS(B), DS}",-2.311303911968569,-1.1952972149308778,1.4639576098675984,2.400503581260931,-0.3126227009913456,2.859732271617628,-0.3126227009913456,2.859732271617628,0.48187062759970933,0.48187062759970933,0.48187062759970933,0.48187062759970933,-2.311303911968569,-0.3126227009913456,FALSE,3.2227184772491455,"GRT-{1_RHO, PS(B), DS}"
249,TRUE,0.09307098388671875,"{PI, PS, DS}",-0.6336400007293314,-0.6336400007293314,0.7124430320911244,0.7124430320911244,-0.8416212335729144,0.25334709522621374,-0.8416212335729144,0.25334709522621374,0,0,0,0,-0.5244005127080407,-0.7647096737863872,0.5244005127080407,0.908457868537385,-0.8416212335729144,0.7647096737863873,-0.8416212335729144,-0.11418529432142803,0.37553706679072146,-0.5748985383077923,-0.37553706679072146,-0.078629697957196,FALSE,32.78720283508301,"GRT-{PI, PS, DS}",-1.3485102654241958,-1.3485102654241958,1.3894743384239632,1.3894743384239632,-2.6683146718609136,0.4421046621061149,-2.6683146718609136,0.4421046621061149,0,0,0,0,-1.3485102654241958,-2.6683146718609136,FALSE,2.895932912826538,"GRT-{PI, PS, DS}"
250,TRUE,0.10209059715270996,"{PI, PS, DS}",-1.309171716785033,-1.309171716785033,0.7764217611479277,0.7764217611479277,-0.35549041767017253,1.1189581340126022,-0.35549041767017253,1.1189581340126022,0,0,0,0,-1.2815515655446004,-1.335177736118937,1.150349380376008,0.48877641111466963,-0.25334710313579994,1.335177736118937,-0.4887764111146694,0.8871465590188765,0.14438673509312774,-0.7483560128963014,-0.2970988063217434,0.597775678217104,FALSE,33.25806713104248,"GRT-{PI, PS, DS}",-2.6730333106896538,-2.6730333106896538,1.1380806383551665,1.1380806383551665,-0.45385066002522895,1.9087548966058294,-0.45385066002522895,1.9087548966058294,0,0,0,0,-2.6730333106896538,-0.45385066002522895,FALSE,3.092446804046631,"GRT-{PI, PS, DS}"
251,FALSE,0.04242372512817383,ERROR: x appears to be not positive definite,NA,NA,NA,NA,NA,NA,NA,NA,NA,NA,NA,NA,NA,NA,NA,NA,NA,NA,NA,NA,NA,NA,NA,NA,TRUE,32.22064280509949,"GRT-{PI, PS(B), DS}",-2.928173257524093,-5.086951887634369,0.15817325242795244,3.186087291369482,-3.73965354255414,2.4647380069370417,-3.73965354255414,2.4647380069370417,0,0,0,0,-2.928173257524093,-3.73965354255414,FALSE,3.3389225006103516,"GRT-{1_RHO, PS(B), DS}"
252,TRUE,0.08949899673461914,"{PI, PS(B), DS}",-1.2815515655446006,-0.2533471031357998,0.9388143168769034,1.2815515655446008,-0.517723552652664,0.6744897501960818,-0.517723552652664,0.6744897501960818,0,0,0,0,-1.2815515655446006,-0.2533471031357999,0.9388143168769033,1.2815515655446006,-0.6744897501960815,0.5244005127080407,-0.39119625818947157,0.8416212335729144,0.38491924853615883,0.15002248406929933,0.18564093653339248,0.48080532277446464,FALSE,33.082213163375854,"GRT-{PI, PS(B), DS}",-2.858801361886852,-0.2998755899796075,1.2311167118959339,2.8961751425360265,-0.6518879828446696,0.8885981807939428,-0.6518879828446696,0.8885981807939428,0,0,0,0,-2.858801361886852,-0.6518879828446696,FALSE,3.0456430912017822,"GRT-{PI, PS(B), DS}"
253,TRUE,0.09394335746765137,"{PS, DS}",-0.9508345627505657,-0.9508345627505657,0.7903308250366967,0.7903308250366967,-0.9860989144417878,0.6658604990136809,-0.9860989144417878,0.6658604990136809,0.687138460800268,-0.3591260141855582,-0.6889195888609017,0.8580647631588726,-0.6744897501960819,-1.2521195202652196,1.0675705238781417,0.6229257232100877,-0.8871465590188764,0.6336400007797013,-1.0675705238781417,0.6229257232100877,0.7086518409091652,-0.36666674993101067,-0.6816752638909919,0.8723674152774984,FALSE,35.269803524017334,"GRT-{1_RHO, PS, DS}",-1.455428526380924,-1.455428526380924,1.1460855748033356,1.1460855748033356,-1.867981718429661,1.0851494062504798,-1.867981718429661,1.0851494062504798,1,1,1,1,-1.455428526380924,-1.867981718429661,FALSE,3.1683974266052246,"GRT-{1_RHO, PS, DS}"
254,TRUE,0.08623528480529785,"{PS(B), DS}",-0.609269428956564,-1.4315083931785773,1.392965041418481,0.7022541080869696,-1.3390464383732519,1.6759397227734438,-1.3390464383732519,1.6759397227734438,0.7342995654264289,-0.5038756126119895,-0.1894315721747965,0.5175129319670216,-0.6200706601124467,-1.4342001596863796,1.3904787041510978,0.700090212607567,-1.3753786498834617,1.6906216295848981,-1.3053290627311231,1.660697610554042,0.7295057691443382,-0.5018881928705445,-0.19116762080733074,0.5195907341537949,TRUE,32.00108623504639,"GRT-{1_RHO, PS(B), DS}",-0.6491717180282899,-1.692176098962356,1.553638575046987,0.7672219191689627,-1.5138933854746819,2.1462234911725586,-1.5138933854746819,2.1462234911725586,0.9717112216955306,0.9717112216955306,0.9717112216955306,0.9717112216955306,-0.6491717180282899,-1.5138933854746819,FALSE,3.0218944549560547,"GRT-{1_RHO, PS(B), DS}"
255,TRUE,0.09285259246826172,"{PI, PS(B), DS}",-1.5932188180230507,-1.7568266072519054,0.8761428492468413,1.8027430907391904,-1.701288166840097,0.33516582530741257,-1.701288166840097,0.33516582530741257,0,0,0,0,-1.5932188180230509,-1.7568266072519052,0.8761428492468409,1.8027430907391906,-1.7316643961222453,0.406724251871364,-1.6683911939470795,0.2718800053992606,0.5767232082694416,-0.3753770286737069,-0.5941872749406566,-0.0717735196962961,TRUE,45.32718753814697,"GRT-{1_RHO, PS, DS}",-2.0765231863683242,-2.0765231863683242,1.4056788484755987,1.4056788484755987,-2.334061291872525,0.38356384579263647,-2.334061291872525,0.38356384579263647,-1,-1,-1,-1,-2.0765231863683242,-2.334061291872525,TRUE,4.855372905731201,"GRT-{1_RHO, PS, DS}"
256,TRUE,0.0826408863067627,"{PI, PS, DS}",-0.6521789862598133,-0.6521789862598133,1.0099901692495823,1.0099901692495823,-0.34875569551126,1.1868314327520095,-0.34875569551126,1.1868314327520095,0,0,0,0,-0.9288994916472707,-0.4307272992954573,1.1503493803760083,0.8871465590188763,-0.541395085129088,1.2206403488473496,-0.15731068461017106,1.150349380376008,0.07603935551175012,-0.25285902592727083,-0.09553281135281899,0.5408794566145192,FALSE,34.74927067756653,"GRT-{PI, PS, DS}",-0.8868605099238044,-0.8868605099238044,1.781784501810709,1.781784501810709,-0.4583717829422862,2.8186945628388083,-0.4583717829422862,2.8186945628388083,0,0,0,0,-0.8868605099238044,-0.4583717829422862,TRUE,3.4275195598602295,"GRT-{PI, PS, DS}"
257,TRUE,0.08103656768798828,"{1_RHO, PS(A), DS}",-0.9482323898564007,-0.9482323898564007,1.5537886063557511,1.5537886063557511,-0.10108128676756815,0.5069986326585927,-0.27822281485134837,1.2250982392790188,0.280582371057797,0.280582371057797,0.280582371057797,0.280582371057797,-0.7764217611479277,-1.1503493803760083,1.5179291595942788,1.5932188180230507,-0.07841241273311185,0.48877641111466946,-0.28689391692303917,1.2206403488473498,0.44513754809734707,0.11072007814215903,-0.14685110619083933,0.6068197821941377,TRUE,31.303191900253296,"GRT-{1_RHO, PS, DS}",-1.1319815899686279,-1.1319815899686279,2.8053489278208867,2.8053489278208867,-0.2310823554721663,0.9856351595161758,-0.2310823554721663,0.9856351595161758,0.5812988986661837,0.5812988986661837,0.5812988986661837,0.5812988986661837,-1.1319815899686279,-0.2310823554721663,TRUE,3.052793264389038,"GRT-{1_RHO, PS, DS}"
258,FALSE,0.05850529670715332,ERROR: x appears to be not positive definite,NA,NA,NA,NA,NA,NA,NA,NA,NA,NA,NA,NA,NA,NA,NA,NA,NA,NA,NA,NA,NA,NA,NA,NA,FALSE,36.698824644088745,"GRT-{PI, PS(B), DS}",0.20246535616590774,-2.331198073339845,1.8810124808146262,0.683754662403491,-2.3258101353318086,2.9541473057913707,-2.3258101353318086,2.9541473057913707,0,0,0,0,0.20246535616590774,-2.3258101353318086,TRUE,3.837064266204834,"GRT-{PI, PS(B), DS}"
259,TRUE,0.10708975791931152,"{PI, PS(B), DS}",0.3773919438285541,-0.7916386077433746,0.36610635680056974,1.1868314327558183,-1.1309588382732423,0.7527244603003298,-1.1309588382732423,0.7527244603003298,0,0,0,0,0.3773919438285538,-0.7916386077433746,0.3661063568005699,1.186831432755818,-1.1868314327558185,0.7916386077433747,-1.0675705238781417,0.7215222839823433,-0.22519824240436076,-0.2749182796794745,-0.23193714880402197,0.4312737097404995,FALSE,35.72930645942688,"GRT-{PI, PS(B), DS}",0.4933950310523456,-1.2717839969287916,0.5178203402124297,3.15355273855845,-2.7136464748436055,1.135855511820381,-2.7136464748436055,1.135855511820381,0,0,0,0,0.4933950310523456,-2.7136464748436055,FALSE,3.832695484161377,"GRT-{PI, PS(B), DS}"
260,TRUE,0.12540960311889648,"{PI, PS(B), DS}",-1.3517022399306615,-1.7861555612610776,1.9322120917982584,1.1926417469796105,-1.338323633472251,0.17803479192901972,-1.338323633472251,0.17803479192901972,0,0,0,0,-1.3517022399306617,-1.7861555612610776,1.9322120917982588,1.1926417469796105,-1.2928052291994159,0.29835517279388096,-1.4050715603096327,0.08527994507888434,0.30849383359692345,0.060264279690575295,-0.6088331618831498,-0.07414748662149628,FALSE,41.18176484107971,"GRT-{PI, PS(B), DS}",-1.4890659345735244,-2.4714707820957575,2.8287040162851014,1.3284321839652562,-1.5149523135055754,0.18576500501293758,-1.5149523135055754,0.18576500501293758,0,0,0,0,-1.4890659345735244,-1.5149523135055754,FALSE,4.412660598754883,"GRT-{PI, PS(B), DS}"
261,TRUE,0.0776834487915039,"{PS, DS}",-1.3000783387986612,-1.3000783387986612,1.2852545342148414,1.2852545342148414,-1.340390774105617,1.4738492132520098,-1.340390774105617,1.4738492132520098,0.7674814718549587,-0.6483944549509906,-0.7678531747508269,0.6325759296621887,-1.3829941271006385,-1.2418667918433206,1.3829941271006385,1.1983797023069247,-1.3829941271006385,1.465233792685523,-1.3829941271006387,1.4260768722728472,0.7582523705583519,-0.6536083589131083,-0.7582523705583522,0.6418180981992133,FALSE,34.233471632003784,"GRT-{PI, PS, DS}",-2.1068254482159965,-2.1068254482159965,2.0783761249541595,2.0783761249541595,-2.653648211903267,2.7670872144358434,-2.653648211903267,2.7670872144358434,0,0,0,0,-2.1068254482159965,-2.653648211903267,FALSE,3.5184521675109863,"GRT-{PI, PS, DS}"
262,TRUE,0.10705089569091797,"{PI, PS(B), DS}",-1.2670757512664446,-1.5932188180230504,0.3554904178395308,1.679661185315815,-1.6133578956885848,1.20591976205514,-1.6133578956885848,1.20591976205514,0,0,0,0,-1.2670757512664443,-1.5932188180230504,0.35549041783953084,1.679661185315815,-1.6325479658463484,1.2206403488473498,-1.5932188180230507,1.193795072783103,0.6195657876913891,-0.6068197821941371,-0.17616889951308407,0.5719253181282665,TRUE,37.19525957107544,"GRT-{PI, PS(B), DS}",-1.5888553412370179,-3.119051957373647,0.400377610943919,3.178503122746589,-2.808439588528068,1.4758258852863024,-2.808439588528068,1.4758258852863024,0,0,0,0,-1.5888553412370179,-2.808439588528068,TRUE,3.635650157928467,"GRT-{PI, PS(B), DS}"
263,TRUE,0.10185909271240234,"{PI, PS(B), DS}",-0.19920132478926691,-1.085324908076759,0.8994349076672343,0.7764217611479276,-1.507904591440559,1.5647241091354993,-1.507904591440559,1.5647241091354993,0,0,0,0,-0.19920132478926705,-1.0853249080767589,0.8994349076672339,0.7764217611479276,-1.6198562586382697,1.5932188180230507,-1.4121875789061642,1.5341205443525465,0.09759660976345212,-0.5390510285965461,-0.2581144292028196,0.39505820320899965,FALSE,34.13149070739746,"GRT-{PI, PS, DS}",-0.6469726204732522,-0.6469726204732522,0.9842977697127286,0.9842977697127286,-2.0785041847795913,2.837921873394289,-2.0785041847795913,2.837921873394289,0,0,0,0,-0.6469726204732522,-2.0785041847795913,FALSE,3.677799940109253,"GRT-{PI, PS(B), DS}"
264,TRUE,0.12058711051940918,"{1_RHO, PS(B), DS}",-1.3286375776133228,-0.731332427453509,1.4181649745596694,1.8728264519931572,-1.382699901394792,0.9229965279174773,-1.382699901394792,0.9229965279174773,0.2800984529065935,0.2800984529065935,0.2800984529065935,0.2800984529065935,-1.343517455854033,-0.7478585947633024,1.4557760251170178,1.8895099603334302,-1.5572843681885633,0.7478585947633024,-1.2313772057634214,1.1153373577337862,0.35571851739275034,0.4660283416845273,-0.30757886597736106,0.49078966391210355,TRUE,35.02020239830017,"GRT-{1_RHO, PS, DS}",-1.0801645428594895,-1.0801645428594895,2.086752919922837,2.086752919922837,-1.5427971990445153,0.9542469757968091,-1.5427971990445153,0.9542469757968091,0.5837231423765523,0.5837231423765523,0.5837231423765523,0.5837231423765523,-1.0801645428594895,-1.5427971990445153,TRUE,3.730762481689453,"GRT-{1_RHO, PS, DS}"
265,TRUE,0.10256814956665039,"{PS, DS}",-0.47121407000060883,-0.47121407000060883,1.4692909953961568,1.4692909953961568,-1.4016663143198662,-0.03764141165104387,-1.4016663143198662,-0.03764141165104387,0.5778776997180141,0.8168862329808552,-0.8217899074944889,0.19078664452459618,-0.27592106310796016,-0.6744897501960818,1.5932188180230507,1.4395314709384561,-1.2334945619686914,-0.1256613468550739,-1.5932188180230507,-0.06270677794321336,0.5784910180072935,0.802789389419035,-0.7960506527643101,0.19146650164986856,FALSE,35.76971220970154,"GRT-{1_RHO, PS, DS}",-0.5201873900536885,-0.5201873900536885,2.2941894914098517,2.2941894914098517,-1.7864635541132787,-0.02335357062249832,-1.7864635541132787,-0.02335357062249832,1,1,1,1,-0.5201873900536885,-1.7864635541132787,FALSE,3.4083640575408936,"GRT-{1_RHO, PS, DS}"
266,TRUE,0.11028409004211426,"{PS(B), DS}",-2.4810377229881624,-0.8982933844936205,2.285146555593594,2.0856703762368,-1.533237323027883,2.310991338257419,-1.533237323027883,2.310991338257419,0.5494328206200783,-0.08544646607401889,-0.43118304917290545,0.7906128409781109,-2.4829669937414605,-0.8972880762875778,2.283718846728577,2.128045234184985,-1.5391056676676533,2.1836835788854256,-1.5265792435336731,2.4747396492194844,0.5488349342494354,-0.08876566519366093,-0.4318729148036804,0.7623730876837758,FALSE,42.45024061203003,"GRT-{PI, PS(B), DS}",-2.7664940790695027,-0.9235746934798799,2.4013928183937834,2.3755523344498526,-1.5930327355756622,2.3373757019325008,-1.5930327355756622,2.3373757019325008,0,0,0,0,-2.7664940790695027,-1.5930327355756622,FALSE,3.776857614517212,"GRT-{1_RHO, PS(B), DS}"
267,TRUE,0.10500907897949219,"{1_RHO, PS(B), DS}",-2.102554734318753,-0.671234205834074,0.8486569766977219,1.639471789775662,-2.3540653242336713,0.3879999739050236,-2.3540653242336713,0.3879999739050236,0.10803363948610717,0.10803363948610717,0.10803363948610717,0.10803363948610717,-2.098347725459562,-0.6670863460374195,0.8485102866096363,1.6385197342455566,-2.2831501616308585,0.4459126040761049,-2.4231961950085443,0.3428553053903268,0.5206822438042242,0.14776891896072764,-0.0636649617221178,0.005826975683801498,FALSE,40.72138333320618,"GRT-{PI, PS(B), DS}",-2.0966561360542944,-0.6768533371666241,0.8579071830649911,1.6588860844996747,-2.389345933805447,0.3910511905203946,-2.389345933805447,0.3910511905203946,0,0,0,0,-2.0966561360542944,-2.389345933805447,FALSE,3.8618781566619873,"GRT-{PI, PS(B), DS}"
268,TRUE,0.08842182159423828,"{PI, PS, DS}",-0.7764217611363525,-0.7764217611363525,0.7527287937854334,0.7527287937854334,-1.1503493803699507,1.1309776082451286,-1.1503493803699507,1.1309776082451286,0,0,0,0,-0.7215222839823434,-0.8416212335729143,1.1107716166367858,0.48877641111466963,-1.1868314327558183,1.110771616636786,-1.110771616636786,1.1503493803760079,0.43127370974049944,-0.5232988538622285,-0.6939198436051148,0.2970988996160825,FALSE,33.15668439865112,"GRT-{PI, PS, DS}",-1.189322788901995,-1.189322788901995,1.110651501365688,1.110651501365688,-3.3787154523025777,2.959164761578178,-3.3787154523025777,2.959164761578178,0,0,0,0,-1.189322788901995,-3.3787154523025777,FALSE,3.361496925354004,"GRT-{PI, PS, DS}"
269,TRUE,0.13588643074035645,"{PI, PS(B), DS}",-2.109705610651336,-0.4718455480044186,1.8571406986830001,2.3206717128293106,-1.8339146355209663,0.3626485071838422,-1.8339146355209663,0.3626485071838422,0,0,0,0,-2.1097056106513357,-0.4718455480044185,1.8571406986829997,2.3206717128293106,-1.7426466909789802,0.29189046977390876,-1.9545779044793146,0.41218607108757455,0.5579858325655158,-0.023685016986832876,-0.5490766020519107,0.15496345420218854,TRUE,42.4303457736969,"GRT-{PI, PS(B), DS}",-2.350318540409364,-0.4974602868670699,2.0637562295513483,2.9553458416667215,-2.4174615072129635,0.39263881458993444,-2.4174615072129635,0.39263881458993444,0,0,0,0,-2.350318540409364,-2.4174615072129635,TRUE,4.179124116897583,"GRT-{1_RHO, PS(B), DS}"
270,TRUE,0.0902717113494873,"{PS(B), DS}",-1.2672383286411444,-0.7465921305539341,2.3977592121134865,1.8593257194113455,-0.518002070804898,2.140274821930234,-0.518002070804898,2.140274821930234,-0.6088903790661425,-0.6139800731085664,-0.3333532018429471,0.3031039692807406,-1.2626808172985207,-0.7507050408088636,2.3939797998185095,1.8567381551056634,-0.535681385055968,2.193076236958925,-0.5005801054667397,2.0946839713556478,-0.6072463882202506,-0.6060558633169086,-0.333499918867293,0.307606819220113,TRUE,36.46957778930664,"GRT-{1_RHO, PS(B), DS}",-1.290857684901673,-0.7554859425060191,2.3959378936593034,1.911260493936521,-0.5177202406298029,2.250789387033185,-0.5177202406298029,2.250789387033185,-0.8848438163769288,-0.8848438163769288,-0.8848438163769288,-0.8848438163769288,-1.290857684901673,-0.5177202406298029,FALSE,3.687995433807373,"GRT-{1_RHO, PS(B), DS}"
271,FALSE,0.00784444808959961,ERROR: missing value where TRUE/FALSE needed,NA,NA,NA,NA,NA,NA,NA,NA,NA,NA,NA,NA,NA,NA,NA,NA,NA,NA,NA,NA,NA,NA,NA,NA,FALSE,38.41605186462402,"GRT-{PI, PS, DS}",-3.12579248184882,-3.12579248184882,-0.09247059312254713,-0.09247059312254713,-0.20184999391070357,-0.37061032160480234,-0.20184999391070357,-0.37061032160480234,0,0,0,0,-3.12579248184882,-0.20184999391070357,TRUE,3.5898895263671875,"GRT-{PI, PS, DS}"
272,TRUE,0.13915395736694336,"{PS(B), DS}",-2.0193763466992527,-1.9091488335690632,-0.01380702676765912,2.0450708299587403,-0.8034983553210648,1.4292194242710634,-0.8034983553210648,1.4292194242710634,0.276409147192691,-0.6629051306647598,-0.7535215742959297,0.5651026816454657,-1.9956042965147929,-1.9435639888558576,0.047612190474131164,2.0236055582676937,-0.6654743776421846,1.5146142163357703,-0.9759001979035625,1.3656685790871186,0.280970395786927,-0.6538187473619869,-0.7350225048784614,0.571458533815283,FALSE,32.739360332489014,"GRT-{1_RHO, PS(B), DS}",-3.0311675401390086,-4.946950621955624,-0.019337352680826037,3.1676721742276235,-0.8419577114129038,1.5643535899156593,-0.8419577114129038,1.5643535899156593,-1,-1,-1,-1,-3.0311675401390086,-0.8419577114129038,FALSE,3.293318510055542,"GRT-{1_RHO, PS(B), DS}"
273,TRUE,0.07279157638549805,"{PI, PS, DS}",-0.09655861524657991,-0.09655861524657991,0.3661063568005699,0.3661063568005699,-0.5024022233619309,0.3661063568005698,-0.5024022233619309,0.3661063568005698,0,0,0,0,-0.43072729929545744,0.1800123697927053,0.18001236979270552,0.5659488219328633,-0.43072729929545744,0.5659488219328633,-0.5659488219328631,0.1800123697927053,0.39669078245036643,0.1513899619904258,-0.15138996199042598,0.1513899619904258,FALSE,28.994049310684204,"GRT-{PI, PS, DS}",-0.24885631561262037,-0.24885631561262037,0.9496385690474066,0.9496385690474066,-2.6994308666114697,0.9817993758657715,-2.6994308666114697,0.9817993758657715,0,0,0,0,-0.24885631561262037,-2.6994308666114697,TRUE,3.3706138134002686,"GRT-{PI, PS, DS}"
274,FALSE,0.07747864723205566,ERROR: x appears to be not positive definite,NA,NA,NA,NA,NA,NA,NA,NA,NA,NA,NA,NA,NA,NA,NA,NA,NA,NA,NA,NA,NA,NA,NA,NA,TRUE,33.614184856414795,"GRT-{1_RHO, PS(B), DS}",-0.252882299928072,-2.3298124924335077,0.012519133253912351,0.15520210631678882,-0.7610579767487162,2.0053198843052122,-0.7610579767487162,2.0053198843052122,-0.8710884055217714,-0.8710884055217714,-0.8710884055217714,-0.8710884055217714,-0.252882299928072,-0.7610579767487162,FALSE,3.9458115100860596,"GRT-{1_RHO, PS(B), DS}"
275,TRUE,0.1034245491027832,"{PI, PS, DS}",-1.2334945619090794,-1.2334945619090794,0.9238666207566922,0.9238666207566922,-1.3351777359850048,0.8724210454076349,-1.3351777359850048,0.8724210454076349,0,0,0,0,-1.1503493803760083,-1.335177736118937,0.5244005127080407,1.4050715603096327,-1.3829941271006385,0.7478585947633024,-1.2815515655446004,0.9944578832097534,0.6281985439000657,-0.4162690275702851,-0.2990697460469404,0.5367221053969778,FALSE,35.5894660949707,"GRT-{PI, PS, DS}",-2.060817915174979,-2.060817915174979,1.2489894547662441,1.2489894547662441,-2.762548333705499,1.1385476664360366,-2.762548333705499,1.1385476664360366,0,0,0,0,-2.060817915174979,-2.762548333705499,FALSE,4.018012285232544,"GRT-{PI, PS, DS}"
276,TRUE,0.07515931129455566,"{PI, PS, DS}",-1.1363168750543606,-1.1363168750543606,1.6040834827675028,1.6040834827675028,-0.8172344791379752,0.8896990619642399,-0.8172344791379752,0.8896990619642399,0,0,0,0,-1.2955749870976874,-1.0128933374446916,1.7116753065097288,1.5123895860676804,-0.7738417323372527,1.1107716166367858,-0.8572543202211785,0.7091025034090235,0.05675060106880838,-0.3770779096223425,-0.40470643747220825,0.14481379599714875,FALSE,32.002434968948364,"GRT-{PI, PS, DS}",-1.3311427598759142,-1.3311427598759142,2.32232105624154,2.32232105624154,-0.9118667361734523,0.9996856021269824,-0.9118667361734523,0.9996856021269824,0,0,0,0,-1.3311427598759142,-0.9118667361734523,FALSE,4.060680389404297,"GRT-{PI, PS, DS}"
277,TRUE,0.08194875717163086,"{PS, DS}",-1.5728533259175121,-1.5728533259175121,1.7879350425726974,1.7879350425726974,-1.4685915601491744,1.0957053475956569,-1.4685915601491744,1.0957053475956569,0.7821897305398432,-0.5719042098198869,-0.4763649686581664,0.4754652959139711,-1.8027430907391906,-1.4362071811547938,1.6606976105540419,1.9022164957820156,-1.6111691623526772,1.1166337770208405,-1.4007450611305767,1.0675705238781419,0.7361164220684372,-0.5947412231046817,-0.4907994144853773,0.46739349419231613,FALSE,45.2771692276001,"GRT-{PI, PS, DS}",-2.04290900331008,-2.04290900331008,2.34391962763818,2.34391962763818,-1.7864986557291909,1.2451657303212373,-1.7864986557291909,1.2451657303212373,0,0,0,0,-2.04290900331008,-1.7864986557291909,FALSE,3.968284845352173,"GRT-{PI, PS, DS}"
278,TRUE,0.09522604942321777,"{1_RHO, PS(B), DS}",-0.4064268230163235,-1.9380261897956932,1.9805464879202896,0.5139940092155768,-0.6457113440434353,1.8199662251751472,-0.6457113440434353,1.8199662251751472,-0.43776170933554387,-0.43776170933554387,-0.43776170933554387,-0.43776170933554387,-0.39762166127650617,-1.937931510852829,1.9907204615820322,0.5305297601890665,-0.6602538988544634,1.937931510852829,-0.6205682718075384,1.7217965324010611,-0.5479284846966397,-0.698144133622924,-0.26247746557446444,-0.06699417882336967,TRUE,34.009109020233154,"GRT-{1_RHO, PS(B), DS}",-0.41893110864228833,-2.4293030959047863,2.693967461960484,0.5542975620857059,-0.6783591946131379,2.1583945355884513,-0.6783591946131379,2.1583945355884513,-0.59053752435955,-0.59053752435955,-0.59053752435955,-0.59053752435955,-0.41893110864228833,-0.6783591946131379,TRUE,4.101691722869873,"GRT-{1_RHO, PS(B), DS}"
279,FALSE,0.04505610466003418,ERROR: x appears to be not positive definite,NA,NA,NA,NA,NA,NA,NA,NA,NA,NA,NA,NA,NA,NA,NA,NA,NA,NA,NA,NA,NA,NA,NA,NA,TRUE,37.35379886627197,"GRT-{1_RHO, PS(B), DS}",-0.8586975936574611,-2.312421075387329,1.2500754374905974,-0.04112358154418261,-2.551350510521948,0.570129477387527,-2.551350510521948,0.570129477387527,-0.2139799262520174,-0.2139799262520174,-0.2139799262520174,-0.2139799262520174,-0.8586975936574611,-2.551350510521948,FALSE,3.954847812652588,"GRT-{1_RHO, PS(B), DS}"
280,TRUE,0.11273813247680664,"{PS(B), DS}",-1.8218034236958913,-0.91044241247625,1.3052623189429091,1.852153240413389,-1.833914635812528,1.7075530935596683,-1.833914635812528,1.7075530935596683,0.8244088798822174,-0.43081597182561204,-0.5875193219248777,0.7294143453606682,-1.8107766086044805,-0.9208229763683792,1.3091717167857773,1.8186455928500604,-1.8107766086044805,1.8027430907391904,-1.8557299227201105,1.6283614067169068,0.8271879238285611,-0.41905105178893365,-0.5842092536779755,0.7393004142063954,FALSE,37.32600259780884,"GRT-{PI, PS(B), DS}",-3.2845564654195254,-1.0219433050308853,1.4534624018198476,3.0617438287211423,-6.156099435627157,2.3660940998427904,-6.156099435627157,2.3660940998427904,0,0,0,0,-3.2845564654195254,-6.156099435627157,FALSE,3.6815922260284424,"GRT-{1_RHO, PS(B), DS}"
281,TRUE,0.10655808448791504,"{PI, DS}",-1.7688250385187068,-0.1397102988818621,1.5763614436960827,1.17498679206609,-0.7363159173761296,0.8416212335729142,-0.7018725954219606,1.3407550336902163,0,0,0,0,-1.7688250385187063,-0.1397102988818621,1.5763614436960827,1.17498679206609,-0.7363159173761294,0.8416212335729142,-0.7018725954219605,1.3407550336902165,0.14259422910524414,6.123233995736766e-17,-0.22672296307014564,0.43271167384882275,FALSE,31.9525408744812,"GRT-{PI, PS(B), DS}",-2.2116699766431775,-0.15561289072433615,1.8101749211430738,1.2719152400108604,-0.7617373902285581,1.1484594261873955,-0.7617373902285581,1.1484594261873955,0,0,0,0,-2.2116699766431775,-0.7617373902285581,FALSE,3.5160038471221924,"GRT-{PI, PS(B), DS}"
282,FALSE,0.005500316619873047,ERROR: missing value where TRUE/FALSE needed,NA,NA,NA,NA,NA,NA,NA,NA,NA,NA,NA,NA,NA,NA,NA,NA,NA,NA,NA,NA,NA,NA,NA,NA,FALSE,27.93391752243042,"GRT-{PI, PS, DS}",-2.9578562953553083,-2.9578562953553083,0.6680725820390707,0.6680725820390707,-2.951660531223021,0.6875020604524313,-2.951660531223021,0.6875020604524313,0,0,0,0,-2.9578562953553083,-2.951660531223021,TRUE,2.462507724761963,"GRT-{PI, PS, DS}"
283,TRUE,0.1003873348236084,"{PS(B), DS}",-2.0517155856254403,-1.9332058668122805,0.7640337453057501,2.0586084498963206,-1.6245175268548997,1.8004166622305198,-1.6245175268548997,1.8004166622305198,0.6884136862299305,-0.8898524937521578,0.09750788807610782,0.6308644465593087,-2.0659314636974653,-2.1037732636725375,0.7647096737863871,1.9705053031703295,-1.6591410224234104,2.1037732636725375,-1.5932188180230507,1.5466352713992304,0.6843248766680021,-0.8596649081771675,0.09843997097167417,0.6608860819189002,FALSE,37.85184597969055,"GRT-{PI, PS(B), DS}",-2.6397760724721953,-5.039363271347277,0.792367355314648,6.245439506511259,-2.0715605771237895,2.4167351425957238,-2.0715605771237895,2.4167351425957238,0,0,0,0,-2.6397760724721953,-2.0715605771237895,FALSE,3.773397922515869,"GRT-{PI, PS(B), DS}"
284,TRUE,0.08639836311340332,"{PI, PS, DS}",-0.2533471031344916,-0.2533471031344916,1.2670757512323747,1.2670757512323747,-1.1349166128792352,0.5659488219126538,-1.1349166128792352,0.5659488219126538,0,0,0,0,-0.4307272992954575,-0.07379127380827266,1.3091717167857773,1.2206403488473498,-0.967421566101701,0.377391943828554,-1.3091717167857773,0.7647096737863872,-5.410064452793001e-17,0.3242672144655412,-0.7427445844618975,0.4496847132795151,TRUE,29.773340702056885,"GRT-{PI, PS, DS}",-0.32489568490270854,-0.32489568490270854,2.7606315339689864,2.7606315339689864,-1.8982564810671283,0.7826749008056653,-1.8982564810671283,0.7826749008056653,0,0,0,0,-0.32489568490270854,-1.8982564810671283,FALSE,2.6728081703186035,"GRT-{PI, PS, DS}"
285,TRUE,0.0681753158569336,"{PI, PS, DS}",-1.044408794872511,-1.044408794872511,0.6229257232100874,0.6229257232100874,-0.3072925711999258,0.9208229762094435,-0.3072925711999258,0.9208229762094435,0,0,0,0,-1.067570523878142,-1.0200762327862019,0.8416212335729143,0.43072729929545733,-0.1800123697927052,1.0200762327862016,-0.4307272992954575,0.8416212335729142,0.11398444546570145,-0.6674591272075555,-0.575339225322953,6.123233995736762e-17,FALSE,33.81369066238403,"GRT-{PI, PS, DS}",-2.689111810271794,-2.689111810271794,0.9126208423920681,0.9126208423920681,-0.43191276304948123,1.6920047443434088,-0.43191276304948123,1.6920047443434088,0,0,0,0,-2.689111810271794,-0.43191276304948123,TRUE,3.7571070194244385,"GRT-{PI, PS, DS}"
286,TRUE,0.10653209686279297,"{PI, PS(B), DS}",-1.2418667918433204,-0.19402814242392635,1.4050715603096327,0.6493239131864655,-1.314496291341617,1.2521195138370445,-1.314496291341617,1.2521195138370445,0,0,0,0,-1.2418667918433204,-0.19402814242392646,1.4050715603096327,0.6493239131864658,-1.2418667918433204,1.4260768722728472,-1.4050715603096324,1.130977608245158,0.49971514635591746,-0.10343297584945844,-0.762645370943066,-0.01538968817828977,FALSE,33.81743097305298,"GRT-{PI, PS(B), DS}",-1.7006244584609538,-0.22461542494526654,2.4332578685563915,0.7671079641503902,-2.0892966644839888,1.7528247753743464,-2.0892966644839888,1.7528247753743464,0,0,0,0,-1.7006244584609538,-2.0892966644839888,FALSE,2.956289529800415,"GRT-{PI, PS(B), DS}"
287,TRUE,0.13238811492919922,{DS},-2.3278453178961436,-1.4420078626673034,1.8851770324320445,0.18117523572323246,-0.7158182440763742,-0.009745987388815179,-0.5715058947246104,0.06411106781288814,0.5394902917285875,0.2566282517409303,0.39842975375591927,0.49609626550726754,-2.3278453178961436,-1.4420078626673034,1.8851770324320445,0.18117523572323246,-0.7158182440763742,-0.009745987388815179,-0.5715058947246104,0.06411106781288814,0.5394902917285875,0.2566282517409303,0.39842975375591927,0.49609626550726754,TRUE,35.6439688205719,"GRT-{1_RHO, PS(B), DS}",-2.44565594601316,-1.4165786790035206,1.9402424124671094,0.16473420112924586,-0.6359360400032285,0.025661449385176116,-0.6359360400032285,0.025661449385176116,0.45425316209381866,0.45425316209381866,0.45425316209381866,0.45425316209381866,-2.44565594601316,-0.6359360400032285,TRUE,3.9382710456848145,"GRT-{1_RHO, DS}"
288,FALSE,0.016675949096679688,ERROR: missing value where TRUE/FALSE needed,NA,NA,NA,NA,NA,NA,NA,NA,NA,NA,NA,NA,NA,NA,NA,NA,NA,NA,NA,NA,NA,NA,NA,NA,TRUE,22.29992914199829,"GRT-{PI, PS, DS}",-2.713013349939612,-2.713013349939612,0.008720247806283332,0.008720247806283332,7.460133660123174e-4,-3.2334119605421567,7.460133660123174e-4,-3.2334119605421567,0,0,0,0,-2.713013349939612,7.460133660123174e-4,TRUE,2.388270616531372,"GRT-{PI, PS, DS}"
289,TRUE,0.10964655876159668,"{PI, PS(B), DS}",-1.5010859460440251,-1.1309776082451581,0.23720210932878832,1.483539859401297,-0.16242937263880575,0.5244005127027351,-0.16242937263880575,0.5244005127027351,0,0,0,0,-1.501085946044025,-1.130977608245158,0.23720210932878757,1.483539859401297,-0.43072729929545756,0.6493239131864655,0.07841241273311209,0.39932306734955103,0.222151579603711,-0.39890072210189315,-0.22032599166583772,0.20754138127230565,FALSE,42.610127210617065,"GRT-{PI, PS(B), DS}",-2.8681085824993438,-1.485522798195026,0.28063510545625814,2.7177813790045433,-0.1940518079263022,0.5994658035360287,-0.1940518079263022,0.5994658035360287,0,0,0,0,-2.8681085824993438,-0.1940518079263022,TRUE,3.748359203338623,"GRT-{PI, PS(B), DS}"
290,TRUE,0.14206933975219727,"{PI, PS(B), DS}",-1.9273776389011092,-0.19495794927265686,2.5303151553332848,2.06891336847421,-1.3227165697415937,2.2068805674345495,-1.3227165697415937,2.2068805674345495,0,0,0,0,-1.9273776389011092,-0.19495794927265686,2.5303151553332848,2.06891336847421,-1.4296796316684166,2.2377617951167315,-1.2057335928411197,2.184634412590123,0.2082871984330959,-0.32375415141363795,-0.42322738454891734,0.4748387361351619,FALSE,45.68407201766968,"GRT-{PI, PS(B), DS}",-2.052912194542249,-0.1796920854951063,2.707541071984412,2.2603884556756997,-1.366250175468822,2.352545834191359,-1.366250175468822,2.352545834191359,0,0,0,0,-2.052912194542249,-1.366250175468822,TRUE,5.397256135940552,"GRT-{1_RHO, PS(B), DS}"
291,TRUE,0.09172487258911133,"{PS(B), DS}",-1.7028738623734336,-2.110986456789005,0.53433986529352,0.7610965129750648,-1.7244174106976364,1.0260287157017691,-1.7244174106976364,1.0260287157017691,0.2778741058140255,-0.6176735707895593,-0.5020900019914127,-0.4649657536040415,-1.7096195691793996,-2.0872409511890346,0.5244005127080408,0.7539002992342914,-1.8127590292821814,0.970500180424357,-1.6448536269514729,1.0721862976781926,0.27009315507951775,-0.619714193756861,-0.5125296916034683,-0.46014484358925195,TRUE,41.56567406654358,"GRT-{1_RHO, PS, DS}",-2.0555235278986865,-2.0555235278986865,0.6669251661891424,0.6669251661891424,-1.8425449755845722,1.0477190628421027,-1.8425449755845722,1.0477190628421027,-0.59470095725193,-0.59470095725193,-0.59470095725193,-0.59470095725193,-2.0555235278986865,-1.8425449755845722,FALSE,4.323626518249512,"GRT-{1_RHO, PS, DS}"
292,TRUE,0.42372751235961914,"{1_RHO, PS(B), DS}",-0.49936601168027495,-0.405172149594905,-0.1790767014187486,0.8689693647636766,-0.2757885636126744,0.9810534979701694,-0.2757885636126744,0.9810534979701694,0.3522511060698268,0.3522511060698268,0.3522511060698268,0.3522511060698268,-0.4307272992954576,-0.4307272992954575,-0.2342191939146196,0.8694237732888859,2.2953669859648562e-17,0.967421566101701,-0.5350828150863223,1.0200762327862019,0.5492309250301235,-0.28765975843909203,0.45424891926994815,0.5671069525566621,TRUE,25.72474431991577,"GRT-{1_RHO, PS, DS}",-0.5610976406523572,-0.5610976406523572,0.35259405306301383,0.35259405306301383,-0.2253153335645763,1.1646354436916302,-0.2253153335645763,1.1646354436916302,0.47163510310987977,0.47163510310987977,0.47163510310987977,0.47163510310987977,-0.5610976406523572,-0.2253153335645763,TRUE,2.279449224472046,"GRT-{1_RHO, PS, DS}"
293,TRUE,0.092212677001953125,"{PI, PS(B), DS}",-0.6469766452839718,-0.8490861916917156,1.613358394652303,0.5277092538605065,-1.5341056370674961,1.652841702909539,-1.5341056370674961,1.652841702909539,0,0,0,0,-0.6469766452839718,-0.849086191691716,1.6133583946523031,0.5277092538605063,-1.4714240601722341,1.731664396122245,-1.6133583946523031,1.5763614436960827,0.11421614851537001,-0.39757302359935437,-0.49960903156119313,0.1379687484755518,FALSE,33.089924812316895,"GRT-{PI, PS(B), DS}",-0.6647452352129104,-0.9070990516415403,1.861947068657975,0.5500213710427597,-1.7961032180253345,1.9158175568359577,-1.7961032180253345,1.9158175568359577,0,0,0,0,-0.6647452352129104,-1.7961032180253345,FALSE,3.953392744064331,"GRT-{PI, PS(B), DS}"
294,TRUE,0.05842995643615723,"{PI, PS, DS}",-0.25334710313579933,-0.25334710313579933,0.2533471031358001,0.2533471031358001,-0.25334710313579933,0.2533471031358001,-0.25334710313579933,0.2533471031358001,0,0,0,0,-0.25334710313579967,-0.25334710313579994,0.25334710313579945,0.2533471031357995,-0.25334710313579967,0.25334710313579945,-0.25334710313579994,0.2533471031357995,0.2629251995648306,-0.2629251995648308,-0.2629251995648308,0.2629251995648308,TRUE,14.545653343200684,"GRT-{PI, PS, DS}",-3.1389151517332583,-3.1389151517332583,3.736909794599376,3.736909794599376,-3.270295360105917,2.894584256486447,-3.270295360105917,2.894584256486447,0,0,0,0,-3.1389151517332583,-3.270295360105917,FALSE,1.2180805206298828,"GRT-{PI, PS, DS}"
295,TRUE,0.08541679382324219,"{PI, PS(B), DS}",-1.564726471361799,-0.03798835123028223,1.606755068969243,0.7435597568794305,-0.9036190628394684,1.5647263240064155,-0.9036190628394684,1.5647263240064155,0,0,0,0,-1.564726471361799,-0.03798835123028213,1.6067550689692431,0.7435597568794305,-0.928899491647271,1.549705900736589,-0.88088811958693,1.5792195192835747,0.4666877838935373,-0.019175902167745097,-0.4345624237080812,0.37098611746675736,TRUE,29.884981870651245,"GRT-{PI, PS(B), DS}",-2.8395551585705476,-0.04299095710733969,2.71632232671491,0.8691768791170973,-1.0680528020857725,4.742617410015277,-1.0680528020857725,4.742617410015277,0,0,0,0,-2.8395551585705476,-1.0680528020857725,FALSE,3.152355194091797,"GRT-{PI, PS(B), DS}"
296,TRUE,0.08774399757385254,"{1_RHO, PS, DS}",-1.7280968319127155,-1.7280968319127155,1.2521792066712005,1.2521792066712005,-1.456642053655541,0.4235828503362176,-1.456642053655541,0.4235828503362176,0.2664246549063872,0.2664246549063872,0.2664246549063872,0.2664246549063872,-1.9322120917982584,-1.6040834827675028,1.4260768722728472,1.1439808499181294,-1.501085946044025,0.39119625818947185,-1.4260768722728474,0.45010937263720846,0.6507777399338741,0.21391932244191042,-0.2593577275662828,0.3946217555007474,TRUE,40.48759937286377,"GRT-{1_RHO, PS, DS}",-2.0427036163948564,-2.0427036163948564,1.3513670207066015,1.3513670207066015,-1.670159881707123,0.44543924288526227,-1.670159881707123,0.44543924288526227,0.45704446890211137,0.45704446890211137,0.45704446890211137,0.45704446890211137,-2.0427036163948564,-1.670159881707123,TRUE,3.920848846435547,"GRT-{1_RHO, PS, DS}"
297,FALSE,0.010086297988891602,ERROR: missing value where TRUE/FALSE needed,NA,NA,NA,NA,NA,NA,NA,NA,NA,NA,NA,NA,NA,NA,NA,NA,NA,NA,NA,NA,NA,NA,NA,NA,TRUE,29.44317126274109,"GRT-{PI, PS, DS}",-1.67839202777112,-1.67839202777112,-0.0931634048226937,-0.0931634048226937,-1.9577643151553263,3.8502220761632224,-1.9577643151553263,3.8502220761632224,0,0,0,0,-1.67839202777112,-1.9577643151553263,TRUE,3.113359212875366,"GRT-{PI, PS, DS}"
298,TRUE,0.09000182151794434,"{PS(B), DS}",-0.8334956295655028,-1.3653437682480125,1.145458340478172,1.2836349020538451,-0.21723465618586235,0.829225695669687,-0.21723465618586235,0.829225695669687,0.8473446879870432,0.19892106590426797,0.5249740799489725,0.864978761993086,-0.7977768461252385,-1.3715204728028318,1.1270052536677486,1.3423356800772612,-0.15731068461017095,0.7607464737712614,-0.28033463697708244,0.9173211856192283,0.8453879544714928,0.20199990940685503,0.5209895435575528,0.8636921192228303,TRUE,28.065067768096924,"GRT-{1_RHO, PS, DS}",-1.1249571782314307,-1.1249571782314307,1.3347019462648664,1.3347019462648664,-0.268694781440547,0.8632169834601455,-0.268694781440547,0.8632169834601455,1,1,1,1,-1.1249571782314307,-0.268694781440547,FALSE,3.0980868339538574,"GRT-{1_RHO, PS, DS}"
299,TRUE,0.09893989562988281,"{PI, PS(B), DS}",-1.309171716785777,-1.150349380376008,-0.054518914848101195,1.4260768722728472,-0.47278912099211506,0.15096921549676534,-0.47278912099211506,0.15096921549676534,0,0,0,0,-1.3091717167857773,-1.150349380376008,-0.05451891484810114,1.4260768722728472,-0.4307272992954573,0.21042839424792495,-0.5119362138713294,0.09655861528963933,0.24239058101139185,0.13192365343238832,0.4950961675603835,0.051470439871135865,TRUE,35.67825150489807,"GRT-{PI, PS(B), DS}",-2.6737890443614885,-1.6602892933156432,-0.07971557460995626,3.7153472997016537,-0.593953535033279,0.16619385644046525,-0.593953535033279,0.16619385644046525,0,0,0,0,-2.6737890443614885,-0.593953535033279,TRUE,3.5472490787506104,"GRT-{PI, PS(B), DS}"
300,FALSE,0.06133556365966797,ERROR: x appears to be not positive definite,NA,NA,NA,NA,NA,NA,NA,NA,NA,NA,NA,NA,NA,NA,NA,NA,NA,NA,NA,NA,NA,NA,NA,NA,TRUE,32.47519588470459,"GRT-{PI, PS(B), DS}",-0.08985618949130202,-2.304151771351636,0.9175259049400238,-0.2017923607291985,-1.6882061679847775,2.456066818750167,-1.6882061679847775,2.456066818750167,0,0,0,0,-0.08985618949130202,-1.6882061679847775,FALSE,4.061532974243164,"GRT-{PI, PS(B), DS}"
301,TRUE,0.07519197463989258,"{PI, PS, DS}",-0.5413950850768677,-0.5413950850768677,0.6744897501960818,0.6744897501960818,-0.7215222839800276,0.6744897501960816,-0.7215222839800276,0.6744897501960816,0,0,0,0,-0.43072729929545767,-0.6744897501960816,0.6744897501960816,0.6744897501960816,-0.7647096737863872,0.6744897501960816,-0.6744897501960816,0.6744897501960816,0.3220275692144135,-0.5342895672253395,-0.5342895672253395,0.5342895672253396,FALSE,25.703246593475342,"GRT-{PI, PS, DS}",-1.2074161919030035,-1.2074161919030035,3.4249236672075507,3.4249236672075507,-2.7331205092242667,3.457216889783825,-2.7331205092242667,3.457216889783825,0,0,0,0,-1.2074161919030035,-2.7331205092242667,TRUE,3.0925850868225098,"GRT-{PI, PS, DS}"
302,TRUE,0.07047367095947266,"{1_RHO, PS, DS}",-0.5048812462321087,-0.5048812462321087,0.5422753405863764,0.5422753405863764,-0.2682268055222652,0.7256121423849001,-0.2682268055222652,0.7256121423849001,0.3481053510830067,0.3481053510830067,0.3481053510830067,0.3481053510830067,-1.0200762327862016,-0.157310684610171,0.3661063568005698,0.6744897501960816,-0.2933812321211935,0.8871465590188763,-0.3661063568005697,0.6744897501960816,0.19044282802285267,0.18640933722901504,0.40683172568837594,0.5342895672253396,TRUE,31.290681838989258,"GRT-{1_RHO, PS, DS}",-0.7576472295631341,-0.7576472295631341,0.8236426411241246,0.8236426411241246,-0.28154872890547117,1.0164798334678022,-0.28154872890547117,1.0164798334678022,0.7063791566708133,0.7063791566708133,0.7063791566708133,0.7063791566708133,-0.7576472295631341,-0.28154872890547117,TRUE,3.6029038429260254,"GRT-{1_RHO, PS, DS}"
303,TRUE,0.11804723739624023,"{PI, PS(B), DS}",-0.21042839424792473,-1.6683911939470795,1.501085946044025,1.303782672103487,-0.4307272992953237,1.6146662691398974,-0.4307272992953237,1.6146662691398974,0,0,0,0,-0.2104283942479248,-1.6683911939470797,1.501085946044025,1.3037826721034869,-0.37409541019772363,1.4652337926855228,-0.49270333306004155,1.7688250385187063,0.2693397065069622,-0.7069266322289199,-0.032050209640364875,0.6024304555666804,TRUE,32.94657826423645,"GRT-{PI, PS(B), DS}",-0.22084203703723468,-2.7417327632484065,2.0639393290678183,1.5346105141393693,-0.47561398835397845,2.4754318370262345,-0.47561398835397845,2.4754318370262345,0,0,0,0,-0.22084203703723468,-0.47561398835397845,FALSE,4.403921604156494,"GRT-{PI, PS(B), DS}"
304,FALSE,0.005896568298339844,ERROR: missing value where TRUE/FALSE needed,NA,NA,NA,NA,NA,NA,NA,NA,NA,NA,NA,NA,NA,NA,NA,NA,NA,NA,NA,NA,NA,NA,NA,NA,FALSE,24.24910283088684,"GRT-{PI, PS, DS}",-2.8582166571186116,-2.8582166571186116,3.263891828685553,3.263891828685553,0.061269333046943784,3.3424683431617814,0.061269333046943784,3.3424683431617814,0,0,0,0,-2.8582166571186116,0.061269333046943784,TRUE,2.3552463054656982,"GRT-{PI, PS, DS}"
305,FALSE,0.04091501235961914,ERROR: x appears to be not positive definite,NA,NA,NA,NA,NA,NA,NA,NA,NA,NA,NA,NA,NA,NA,NA,NA,NA,NA,NA,NA,NA,NA,NA,NA,TRUE,34.52829122543335,"GRT-{1_RHO, PS(B), DS}",-1.2005664611493039,-0.2708221524622145,2.2918948705817597,0.1841051355933001,-2.7091032788163716,2.52625753663445,-2.7091032788163716,2.52625753663445,-0.39840719161594546,-0.39840719161594546,-0.39840719161594546,-0.39840719161594546,-1.2005664611493039,-2.7091032788163716,FALSE,3.3929638862609863,"GRT-{1_RHO, PS(B), DS}"
306,TRUE,0.11083483695983887,"{PI, PS, DS}",-0.6744897501960818,-0.6744897501960818,0.40225006532172525,0.40225006532172525,-1.150349380376008,0.6744897501960818,-1.150349380376008,0.6744897501960818,0,0,0,0,-0.6744897501960819,-0.6744897501960818,0.4887764111146697,0.31863936396437487,-1.150349380376008,0.6744897501960818,-1.1503493803760079,0.6744897501960818,0.4104161838241972,0.12740708142038468,-0.2970988996160825,0.2509941625913529,TRUE,28.443108797073364,"GRT-{PI, PS, DS}",-0.9262478714252563,-0.9262478714252563,0.5527660815277154,0.5527660815277154,-3.048778790011794,0.9290502325987062,-3.048778790011794,0.9290502325987062,0,0,0,0,-0.9262478714252563,-3.048778790011794,FALSE,3.0026168823242188,"GRT-{PI, PS, DS}"
307,TRUE,0.11419034004211426,"{PI, DS}",-0.07557272568402977,-1.3957469929496682,1.130977608245158,0.20772584303184538,-1.6626348924568937,1.3957469929496682,-0.7527287942581701,1.4328569081865645,0,0,0,0,-0.07557272568402985,-1.3957469929496682,1.130977608245158,0.2077258430318455,-1.6626348924568937,1.3957469929496682,-0.7527287942581699,1.4328569081865645,0.036367409545623196,-0.4806469120016151,-0.20193257079183644,0.11039928137025459,FALSE,25.39244270324707,"GRT-{PI, DS}",-0.08419692891808908,-1.544630323739405,1.2276359665422023,0.2300671191133886,-1.9592904171610253,1.5218747965061403,-0.8086665064198495,1.602710924309685,0,0,0,0,-0.08419692891808908,-1.9592904171610253,FALSE,2.7322189807891846,"GRT-{PI, DS}"
308,FALSE,0.011131525039672852,ERROR: missing value where TRUE/FALSE needed,NA,NA,NA,NA,NA,NA,NA,NA,NA,NA,NA,NA,NA,NA,NA,NA,NA,NA,NA,NA,NA,NA,NA,NA,FALSE,26.474992990493774,"GRT-{PI, PS(B), DS}",0.11248836776420777,-1.6214323647398803,-0.012345712041572157,0.3251328178845231,-2.70997485620999,3.4361362172582908,-2.70997485620999,3.4361362172582908,0,0,0,0,0.11248836776420777,-2.70997485620999,TRUE,2.4933993816375732,"GRT-{PI, PS(B), DS}"
309,FALSE,0.06055331230163574,ERROR: x appears to be not positive definite,NA,NA,NA,NA,NA,NA,NA,NA,NA,NA,NA,NA,NA,NA,NA,NA,NA,NA,NA,NA,NA,NA,NA,NA,FALSE,32.186394691467285,"GRT-{PI, DS}",-2.0433392359883933,-0.7777359322861825,0.1603884053467861,2.7042752776375854,-1.8720121561865941,0.5782523468217646,-1.5044822234636888,1.9924055899018152,0,0,0,0,-2.0433392359883933,-1.8720121561865941,FALSE,3.4955122470855713,"GRT-{PI, DS}"
310,TRUE,0.09766483306884766,"{PI, PS, DS}",-0.9944578832096024,-0.9944578832096024,0.9674215660490891,0.9674215660490891,-1.0200762327862019,0.7810338113042118,-1.0200762327862019,0.7810338113042118,0,0,0,0,-1.0200762327862016,-0.9674215661017012,1.0200762327862016,0.9084578685373851,-1.0200762327862016,0.9674215661017012,-1.0200762327862019,0.6045853465832369,0.6674591272075556,-0.6507076260910911,-0.6674591272075555,0.41748118024775166,FALSE,26.057404041290283,"GRT-{PI, PS, DS}",-3.0860949485897478,-3.0860949485897478,3.0506973195429077,3.0506973195429077,-3.1886923303219925,1.4555680982216312,-3.1886923303219925,1.4555680982216312,0,0,0,0,-3.0860949485897478,-3.1886923303219925,FALSE,2.5120413303375244,"GRT-{PI, PS, DS}"
311,TRUE,0.12468099594116211,"{PS(B), DS}",-1.700591884892026,-1.503893843902605,0.7937038267519795,1.628738411463276,-1.3531741545480027,1.7961933743006322,-1.3531741545480027,1.7961933743006322,0.7779485985328384,-0.6881982097631995,0.18666744411538147,0.5784874412911818,-1.8557299227201103,-1.517929159594279,0.8075410421200767,1.6198562586382697,-1.6683911939470797,1.8485962885014087,-1.1309776082451581,1.7568266072519052,0.7465206445913188,-0.6801708352988929,0.19869945129451838,0.5842352706132203,FALSE,41.09733533859253,"GRT-{PI, PS(B), DS}",-2.3516793318744615,-1.818768794490368,0.8672731182828599,1.9154946384938438,-1.5370257069323852,2.31115482204126,-1.5370257069323852,2.31115482204126,0,0,0,0,-2.3516793318744615,-1.5370257069323852,FALSE,3.28525447845459,"GRT-{PI, PS(B), DS}"
312,FALSE,0.06319189071655273,ERROR: x appears to be not positive definite,NA,NA,NA,NA,NA,NA,NA,NA,NA,NA,NA,NA,NA,NA,NA,NA,NA,NA,NA,NA,NA,NA,NA,NA,FALSE,31.531017541885376,"GRT-{PI, DS}",-0.01585917327497212,-1.7776498111827912,0.8104789351360588,2.463023016464477,-1.601303132812828,0.5129701449743536,-2.488925279048771,1.9717212063273872,0,0,0,0,-0.01585917327497212,-1.601303132812828,FALSE,2.700746536254883,"GRT-{PI, DS}"
313,TRUE,0.097900390625,"{PI, PS(A), DS}",-0.502402140222309,-0.502402140222309,1.0271542729149998,1.0271542729149998,-0.2533471031357994,1.0031479676625341,-1.359737383938606,0.5119362138713297,0,0,0,0,-0.5244005127080407,-0.47950565333095,0.7810338115227088,1.359737383938606,-0.2533471031357997,1.0031479676625341,-1.359737383938606,0.5119362138713293,-0.15002248406929936,-0.5598918800616097,-0.4298645858734964,0.2814464670508429,FALSE,31.037769317626953,"GRT-{PI, PS(A), DS}",-0.6327532549965479,-0.6327532549965479,1.4043383251472434,1.4043383251472434,-0.34689152294533215,1.5573031478199468,-2.713313440507285,0.6451632653063251,0,0,0,0,-0.6327532549965479,-0.34689152294533215,FALSE,3.074918031692505,"GRT-{PI, PS(A), DS}"
314,FALSE,0.04955887794494629,ERROR: x appears to be not positive definite,NA,NA,NA,NA,NA,NA,NA,NA,NA,NA,NA,NA,NA,NA,NA,NA,NA,NA,NA,NA,NA,NA,NA,NA,TRUE,28.458545684814453,"GRT-{PI, PS(B), DS}",-0.9083834466585557,-3.0880359154768766,2.7130385681780735,0.16917842600287158,-2.41947267994988,0.8413271138127785,-2.41947267994988,0.8413271138127785,0,0,0,0,-0.9083834466585557,-2.41947267994988,FALSE,2.521944284439087,"GRT-{PI, PS(B), DS}"
315,FALSE,0.05802512168884277,ERROR: x appears to be not positive definite,NA,NA,NA,NA,NA,NA,NA,NA,NA,NA,NA,NA,NA,NA,NA,NA,NA,NA,NA,NA,NA,NA,NA,NA,FALSE,34.649269342422485,"GRT-{PI, DS}",-1.6877692760374021,-3.3533590428827837,0.27438836468754824,0.9944828120153679,-2.038651434179794,2.8754746118362995,-2.4121007036817064,0.5158804849533749,0,0,0,0,-1.6877692760374021,-2.038651434179794,FALSE,3.7562570571899414,"GRT-{PI, DS}"
316,TRUE,0.11956787109375,"{PI, PS(B), DS}",-1.791764287378516,-1.4835398594012972,0.4688522382507188,1.644853626951473,-1.4565109866538042,1.800027554057511,-1.4565109866538042,1.800027554057511,0,0,0,0,-1.791764287378516,-1.4835398594012972,0.46885223825071887,1.644853626951473,-1.2278262613112727,1.6851790955097232,-1.7365070052471265,1.9599639845400545,0.37681692940841766,-0.4103700835286415,-0.21894324043668334,0.706186831182551,FALSE,36.064645290374756,"GRT-{PI, PS(B), DS}",-2.193577022237174,-1.6637090364473055,0.4862716965875147,1.9001198537394322,-1.6045703085320042,2.335489553762839,-1.6045703085320042,2.335489553762839,0,0,0,0,-2.193577022237174,-1.6045703085320042,FALSE,3.7711665630340576,"GRT-{PI, PS(B), DS}"
317,TRUE,0.07585501670837402,"{PI, PS, DS}",-0.5659488207674924,-0.5659488207674924,0.8045963803592112,0.8045963803592112,-0.5659488207674924,0.6336400003718723,-0.5659488207674924,0.6336400003718723,0,0,0,0,-0.9084578685373851,-0.25334710313579933,0.8416212335729142,0.7647096737863874,-0.9084578685373851,0.8416212335729142,-0.25334710313579933,0.43072729929545767,0.6306122827269622,-0.18108103858062588,-0.18108103858062588,0.32202756921441344,FALSE,29.434282541275024,"GRT-{PI, PS, DS}",-1.0256292313725712,-1.0256292313725712,2.7366425670535013,2.7366425670535013,-1.0372755552262993,1.3502966657726994,-1.0372755552262993,1.3502966657726994,0,0,0,0,-1.0256292313725712,-1.0372755552262993,FALSE,3.4378952980041504,"GRT-{PI, PS, DS}"
318,TRUE,0.09856438636779785,"{1_RHO, DS}",-0.433735546382265,-1.8351546535716112,1.44120174904205,1.1521688459064137,-0.28434686237422807,1.6374553388218014,-0.5483053947456346,0.4759928487615481,-0.26099367456799977,-0.26099367456799977,-0.26099367456799977,-0.26099367456799977,-0.43072729929545744,-1.8107766086044805,1.4557760251170175,1.1610685209816876,-0.28221614706250836,1.6198562586382699,-0.5507308667822142,0.47950565333095,-0.40105094250611023,-0.7377316096005554,0.06447305857098688,-0.05183738367328872,TRUE,30.90700936317444,"GRT-{PI, DS}",-0.47870561755704794,-2.7291489143854895,1.8109565417979674,1.3320546908328537,-0.27602762476039694,2.0355827988717765,-0.5815563109082722,0.5146172355109861,0,0,0,0,-0.47870561755704794,-0.27602762476039694,FALSE,2.7577357292175293,"GRT-{PI, DS}"
319,TRUE,0.10479998588562012,"{PI, PS, DS}",-0.7647096737863874,-0.7647096737863874,0.8088444040621263,0.8088444040621263,-1.0364333112919963,1.1349166128792354,-1.0364333112919963,1.1349166128792354,0,0,0,0,-1.2206403488473498,-0.4307272992954576,0.604585346583237,1.0675705238781419,-0.7647096737863872,0.967421566101701,-1.3351777361189368,1.3091717167857773,0.4496848306977347,6.12323399573677e-17,-0.3363001277874001,0.6031587808404999,TRUE,31.468753337860107,"GRT-{PI, PS, DS}",-1.0814545832384346,-1.0814545832384346,1.0665862153962309,1.0665862153962309,-1.5215058266990902,1.831177248571133,-1.5215058266990902,1.831177248571133,0,0,0,0,-1.0814545832384346,-1.5215058266990902,FALSE,2.948054075241089,"GRT-{PI, PS, DS}"
320,TRUE,0.07885146141052246,"{PS, DS}",-1.3104425006759748,-1.3104425006759748,1.2334000911088951,1.2334000911088951,-1.4255912692710682,1.4111153505527843,-1.4255912692710682,1.4111153505527843,0.8011244942214708,-0.4029857917428909,-0.6394184321003705,0.6869441066975541,-1.517929159594279,-1.130977608245158,1.1983797023069247,1.3001534333634235,-1.517929159594279,1.3001534333634235,-1.4260768722728474,1.517929159594279,0.7834984899510028,-0.4142352907128077,-0.6418180981992133,0.6686472948333122,FALSE,32.65429902076721,"GRT-{PI, PS, DS}",-1.7187154456427938,-1.7187154456427938,1.7395973079536824,1.7395973079536824,-3.530498419170604,2.065442071953345,-3.530498419170604,2.065442071953345,0,0,0,0,-1.7187154456427938,-3.530498419170604,TRUE,3.189044237136841,"GRT-{1_RHO, PS, DS}"
321,TRUE,0.12090349197387695,"{PI, DS}",-2.0004235691059797,-0.9310033102379448,-0.08755224648617958,1.4544076028560406,-0.9523705474876308,0.25814332442089527,-1.9907204615820324,1.6249807216131988,0,0,0,0,-2.00042356910598,-0.9310033102379446,-0.08755224648617985,1.4544076028560409,-0.9523705474876307,0.258143324420895,-1.9907204615820324,1.6249807216131988,0.4015468149898958,-0.0401798712671613,0.037020206605679444,0.31795164977684187,TRUE,32.54930901527405,"GRT-{PI, DS}",-3.087204974670211,-1.0019168016260709,-0.1124779575078727,1.6635805352504551,-1.0035896336102268,0.2848883272748084,-3.731326546199703,1.8282375408729812,0,0,0,0,-3.087204974670211,-1.0035896336102268,TRUE,3.015886068344116,"GRT-{PI, DS}"
322,TRUE,0.09100508689880371,{DS},-0.9319713123431903,-0.49487316356862376,0.03298793293740262,1.0255902911278718,-1.926403152963982,0.9446695913944759,-1.6198562586382697,0.06377103455763107,0.4041090642806491,0.4554881318087925,-0.33078039723027297,-0.4177635278850084,-0.9319713123431903,-0.49487316356862376,0.03298793293740262,1.0255902911278718,-1.926403152963982,0.9446695913944759,-1.6198562586382697,0.06377103455763107,0.4041090642806491,0.4554881318087925,-0.33078039723027297,-0.4177635278850084,FALSE,32.47448229789734,"GRT-{PI, PS(B), DS}",-0.9949955756684936,-0.5381504413383678,0.036080226709700236,1.1361528319932224,-2.4580822058846814,0.4937188547720268,-2.4580822058846814,0.4937188547720268,0,0,0,0,-0.9949955756684936,-2.4580822058846814,FALSE,3.07011079788208,"GRT-{PI, PS(B), DS}"
323,TRUE,0.15074419975280762,"{PI, PS, DS}",0.08365173390702535,0.08365173390702535,0.3661063568005698,0.3661063568005698,-0.25334710313489756,0.1800123697927053,-0.25334710313489756,0.1800123697927053,0,0,0,0,-1.6093725297784184e-19,0.1800123697927053,0.5659488219328633,0.18001236979270524,-0.31863936396437503,0.5659488219328633,-0.18001236979270532,-0.18001236979270527,0.40267660321446447,0.15138996198862478,-0.15138996198862487,0.26315563896117744,TRUE,29.68057942390442,"GRT-{PI, PS, DS}",0.1653869702184396,0.1653869702184396,0.9646946843075563,0.9646946843075563,-0.5679042759432033,0.4415062144005534,-0.5679042759432033,0.4415062144005534,0,0,0,0,0.1653869702184396,-0.5679042759432033,FALSE,2.86999773979187,"GRT-{PI, PS, DS}"
324,TRUE,0.08461141586303711,"{PI, PS(A), DS}",-1.7033695353217762,-1.7033695353217762,0.48308878105483755,0.48308878105483755,-0.8010945292819502,0.5385984831585303,-1.8557299227201105,0.14432238631460412,0,0,0,0,-1.7688250385187063,-1.6528536325170073,0.38746404455157935,0.5867419200763473,-0.8010945292819502,0.53859848315853,-1.8557299227201105,0.14432238631460462,0.3694471369506603,-0.4498022154149436,-0.17253303565132558,0.0586083419341107,TRUE,39.17862868309021,"GRT-{PI, PS(A), DS}",-2.349242083027771,-2.349242083027771,0.5177017844658245,0.5177017844658245,-0.9125012102564749,0.5796067341137054,-2.681488710007427,0.15590557907419988,0,0,0,0,-2.349242083027771,-0.9125012102564749,FALSE,4.247155666351318,"GRT-{PI, PS(A), DS}"
325,TRUE,0.08448505401611328,"{PI, DS}",-1.8829917018355982,-1.1183568065806968,0.7724735192649862,1.6606976105540419,-0.8100517255087525,2.179853905073575,-0.890040791271998,0.13177622742034384,0,0,0,0,-1.8829917018355984,-1.118356806580697,0.7724735192649862,1.6606976105540419,-0.8100517255087524,2.179853905073575,-0.890040791271998,0.13177622742034412,0.21953373249776373,-0.2774572585143721,-0.20012769910126038,-0.0378172343035856,FALSE,27.2872793674469,"GRT-{PI, DS}",-1.848335921338099,-1.1850941003363495,0.7633190730473263,1.7566271375112674,-0.8925978452819789,2.4455803560493607,-0.9228030391584299,0.12369311872586053,0,0,0,0,-1.848335921338099,-0.8925978452819789,FALSE,2.4513609409332275,"GRT-{PI, DS}"
326,FALSE,0.04347705841064453,ERROR: x appears to be not positive definite,NA,NA,NA,NA,NA,NA,NA,NA,NA,NA,NA,NA,NA,NA,NA,NA,NA,NA,NA,NA,NA,NA,NA,NA,FALSE,33.97292923927307,"GRT-{PI, DS}",-2.781401562337802,-0.45420650794224127,2.326819935449535,0.8617766299342708,-2.4849681789330877,1.3534322184419123,-1.1265951004745975,1.9659873394847867,0,0,0,0,-2.781401562337802,-2.4849681789330877,FALSE,3.4639134407043457,"GRT-{PI, DS}"
327,TRUE,0.09202814102172852,"{1_RHO, DS}",-0.41510203932706097,-1.549960007116318,1.335700645164224,0.9797366068730523,-1.0431990998800253,0.8072240496608176,-0.38614615695919235,1.578789774281743,0.1723415956961844,0.1723415956961844,0.1723415956961844,0.1723415956961844,-0.41524016082607146,-1.5483129779997709,1.3410809245045545,0.9771348118169758,-1.043730337909254,0.8066129633412075,-0.38746404455157935,1.5720367482422437,0.15188089707672703,0.24880078678340956,-0.005584036772795226,0.39089543046852165,FALSE,27.52034616470337,"GRT-{PI, DS}",-0.41607378644806126,-1.6623478294156557,1.3903485741487709,1.0039724018470184,-1.078696943636343,0.8280352157042512,-0.39532232828838476,1.621155377011035,0,0,0,0,-0.41607378644806126,-1.078696943636343,TRUE,2.305314064025879,"GRT-{PI, DS}"
328,TRUE,0.09574699401855469,"{PI, DS}",-0.6744897501960818,-1.3258965993182035,2.2291120310900556,1.022695979570021,-1.9302858560575817,2.1246785392542207,-0.49676491583849636,2.141198120972019,0,0,0,0,-0.6744897501960817,-1.3258965993182037,2.2291120310900556,1.022695979570021,-1.9302858560575817,2.124678539254221,-0.4967649158384965,2.141198120972019,0.1063875523344997,-0.5344872269824671,-0.1927461897316893,0.40955390163225835,FALSE,31.92436194419861,"GRT-{PI, DS}",-0.692337409825855,-1.3940976923297785,3.8511929534824096,1.079498933629663,-2.442127825516591,2.698268078928155,-0.5109037788849329,2.6474518148909083,0,0,0,0,-0.692337409825855,-2.442127825516591,FALSE,3.4272007942199707,"GRT-{PI, DS}"
329,TRUE,0.1271984577178955,"{PI, DS}",-1.0067611115486144,-1.0532526779599236,0.10118577952215446,2.518087213390052,-1.8605346748050675,0.639053384429137,-2.5139038415775903,0.39050225015661144,0,0,0,0,-1.0067611115486144,-1.0532526779599236,0.10118577952215455,2.518087213390052,-1.8605346748050675,0.6390533844291367,-2.51390384157759,0.3905022501566118,0.0016061435570906126,-0.07899596507122265,0.19791757668630103,0.1375446763544451,FALSE,32.14736366271973,"GRT-{PI, DS}",-1.038577798518088,-1.071599026130279,0.11043532735659278,2.43345608668546,-1.735511744148214,0.6088722323557647,-2.4219107158324267,0.4123190652121327,0,0,0,0,-1.038577798518088,-1.735511744148214,FALSE,3.214479684829712,"GRT-{PI, DS}"
330,TRUE,0.10166049003601074,"{PI, DS}",-1.7861555612610778,-1.2521195202652196,1.7827508752023606,1.3941732088691248,-2.0098747721953854,0.17682083519044198,-1.0080450494765445,0.5361762663658064,0,0,0,0,-1.7861555612610773,-1.2521195202652196,1.7827508752023606,1.3941732088691248,-2.0098747721953854,0.17682083519044206,-1.0080450494765443,0.5361762663658066,0.6021367410921443,0.019401037634444777,-0.35255372372725446,-0.07395969728468346,FALSE,34.367270708084106,"GRT-{PI, PS(A), DS}",-1.6195361562700636,-1.6195361562700636,1.7450890436386555,1.7450890436386555,-2.3497973698493415,0.16709646604840112,-1.057742628790622,0.5634804650499081,0,0,0,0,-1.6195361562700636,-2.3497973698493415,FALSE,3.679899215698242,"GRT-{PI, PS(A), DS}"
331,TRUE,0.07692790031433105,"{PI, PS, DS}",-0.2533471031357999,-0.2533471031357999,0.25334710313579994,0.25334710313579994,-3.0814879110195774e-33,0.25334710313579994,-3.0814879110195774e-33,0.25334710313579994,0,0,0,0,-0.25334710313579994,-0.25334710313579994,0.25334710313579945,0.2533471031357995,0.25334710313579945,0.25334710313579945,-0.25334710313579994,0.2533471031357995,-0.2629251995648308,-0.2629251995648308,-0.2629251995648308,0.2629251995648308,TRUE,12.39902663230896,"GRT-{PI, PS, DS}",-4.203331607831461,-4.203331607831461,2.9217281010384992,2.9217281010384992,-0.004591837878127076,3.326943499026207,-0.004591837878127076,3.326943499026207,0,0,0,0,-4.203331607831461,-0.004591837878127076,TRUE,1.6138434410095215,"GRT-{PI, PS, DS}"
332,FALSE,0.053237199783325195,ERROR: x appears to be not positive definite,NA,NA,NA,NA,NA,NA,NA,NA,NA,NA,NA,NA,NA,NA,NA,NA,NA,NA,NA,NA,NA,NA,NA,NA,FALSE,38.21034288406372,"GRT-{PI, DS}",-2.6687305082513917,-1.6807675911114601,2.375369858153521,0.23725115515669648,-2.39531961136991,0.08249926109072225,-0.6207628348265999,0.2514239758680734,0,0,0,0,-2.6687305082513917,-2.39531961136991,FALSE,3.67471981048584,"GRT-{PI, DS}"
333,FALSE,0.013257026672363281,ERROR: missing value where TRUE/FALSE needed,NA,NA,NA,NA,NA,NA,NA,NA,NA,NA,NA,NA,NA,NA,NA,NA,NA,NA,NA,NA,NA,NA,NA,NA,FALSE,27.876073122024536,"GRT-{PI, PS(B), DS}",-0.01120952477252787,-3.226203669290517,3.106265528588378,2.9901258103853983,-1.3891930878831389,1.4071331053691354,-1.3891930878831389,1.4071331053691354,0,0,0,0,-0.01120952477252787,-1.3891930878831389,FALSE,2.7628278732299805,"GRT-{PI, PS(B), DS}"
334,TRUE,0.1308302879333496,"{1_RHO, DS}",-2.114913160127201,-0.8892267401277223,0.8286621660242302,1.5099357719207356,-1.9295794448884174,2.382200406242775,-0.35155193898633724,1.5099357719207356,0.18168263635131707,0.18168263635131707,0.18168263635131707,0.18168263635131707,-2.112829256484824,-0.8903852626239205,0.8276952016565048,1.51194323922472,-1.9280721392467053,2.392959366052215,-0.3511308347894643,1.51194323922472,0.30718642673445895,-0.17076661344240393,0.22336067879188723,0.055793524422062306,FALSE,29.520915508270264,"GRT-{PI, DS}",-2.1606434114988846,-0.9061065834137609,0.8421163406668222,1.5303894346628497,-2.0640523892706324,2.421089632871458,-0.3543515107621411,1.5564597384667076,0,0,0,0,-2.1606434114988846,-2.0640523892706324,FALSE,3.6698951721191406,"GRT-{PI, DS}"
335,TRUE,0.08684563636779785,"{PI, PS, DS}",-1.4157020637838629,-1.4157020637838629,1.4157020637838629,1.4157020637838629,-1.0803193408149563,1.020076232786202,-1.0803193408149563,1.020076232786202,0,0,0,0,-1.4050715603096324,-1.4260768722728474,1.4050715603096327,1.4260768722728472,-1.4050715603096324,1.4260768722728472,-0.8416212335729141,0.7363159173761297,0.7626453709430662,-0.7667258259559346,-0.45377663730427564,0.39302005095888587,FALSE,27.283000469207764,"GRT-{PI, PS(A), DS}",-5.069938861346965,-5.069938861346965,5.036689299008066,5.036689299008066,-2.902818278026101,3.399809575506558,-1.0666042811390928,0.9079334126434877,0,0,0,0,-5.069938861346965,-2.902818278026101,FALSE,3.017169237136841,"GRT-{PI, PS(A), DS}"
336,TRUE,0.09508705139160156,"{PI, PS(B), DS}",-1.483539859401297,-1.007435601287308,1.9205020017675463,0.4307272992954575,-0.4659917944006453,1.4744852190047746,-0.4659917944006453,1.4744852190047746,0,0,0,0,-1.483539859401297,-1.0074356012873078,1.9205020017675463,0.4307272992954575,-0.4465882045061792,1.1868314327558183,-0.4815340490357627,1.8557299227201103,0.23212642732838273,-0.02400091318243394,-0.20913361187688756,0.19180462105722407,TRUE,27.766088724136353,"GRT-{PI, PS(B), DS}",-1.766598008808191,-1.1370445099652309,2.806616257519793,0.461862207415076,-0.4954688273105669,1.798366460589203,-0.4954688273105669,1.798366460589203,0,0,0,0,-1.766598008808191,-0.4954688273105669,TRUE,2.963045358657837,"GRT-{PI, PS(B), DS}"
337,TRUE,0.1566755771636963,"{PI, DS}",-3.0428019448773227e-16,-1.501085946044025,1.0675705238781419,0.33087257172641926,-0.6744897501960818,1.501085946044025,-1.2418667918433206,0.8957798188835894,0,0,0,0,2.0037559782151675e-16,-1.501085946044025,1.067570523878142,0.3308725717264192,-0.6744897501960818,1.501085946044025,-1.2418667918433206,0.8957798188835894,0.5336156814933405,-0.7805677400736359,-0.3863141509280303,0.05395451336710272,TRUE,28.08033323287964,"GRT-{PI, PS(B), DS}",-0.009350907609179747,-2.7683301912192864,1.3852982161443423,0.38265875901040103,-1.095549739934787,1.5786042230901314,-1.095549739934787,1.5786042230901314,0,0,0,0,-0.009350907609179747,-1.095549739934787,FALSE,2.5469300746917725,"GRT-{PI, PS(B), DS}"
338,FALSE,0.01097249984741211,ERROR: missing value where TRUE/FALSE needed,NA,NA,NA,NA,NA,NA,NA,NA,NA,NA,NA,NA,NA,NA,NA,NA,NA,NA,NA,NA,NA,NA,NA,NA,FALSE,35.22710418701172,"GRT-{PI, DS}",0.009059910496265283,-1.764965394066148,1.873209185274878,2.1435674287103885,-2.700193779094072,1.831613151450457,-1.2986162689117868,0.9985333288428451,0,0,0,0,0.009059910496265283,-2.700193779094072,TRUE,4.2973363399505615,"GRT-{PI, DS}"
339,TRUE,0.09150218963623047,"{PI, DS}",-1.5341205443525465,-1.926403152963982,1.8696066471189026,1.412187578906164,-1.611169162352677,0.6959079368789585,-0.8144545217937832,0.554922942702654,0,0,0,0,-1.5341205443525465,-1.926403152963982,1.8696066471189026,1.4121875789061642,-1.6111691623526772,0.6959079368789584,-0.8144545217937833,0.5549229427026536,0.5769602163737481,-0.11600239979427503,-0.062492451140545045,-0.2113916866399517,FALSE,35.54983425140381,"GRT-{PI, PS(A), DS}",-1.9341022071203349,-1.9341022071203349,1.7094690792064329,1.7094690792064329,-1.7980844462532817,0.724057455969906,-0.8414334046740518,0.5780659035244256,0,0,0,0,-1.9341022071203349,-1.7980844462532817,FALSE,3.3071117401123047,"GRT-{PI, PS, DS}"
340,TRUE,0.0985105037689209,"{PI, DS}",-1.5179291595942788,-0.5828415072712163,0.8694237732888861,0.19402814242392638,-0.372289360465191,1.4050715603096327,-1.4260768722728472,1.4260768722728472,0,0,0,0,-1.517929159594279,-0.5828415072712164,0.8694237732888858,0.19402814242392638,-0.37228936046519107,1.4050715603096327,-1.4260768722728472,1.4260768722728472,0.19058271990666986,-0.31390402328384004,-0.4643705100798396,0.10343297584945838,FALSE,26.81886625289917,"GRT-{PI, PS(B), DS}",-2.7125001009189322,-0.7057324844114392,1.0785044348006245,0.23730483813943382,-0.916635282871609,4.252614646844015,-0.916635282871609,4.252614646844015,0,0,0,0,-2.7125001009189322,-0.916635282871609,FALSE,2.411971092224121,"GRT-{PI, PS(B), DS}"
341,TRUE,0.09933280944824219,"{PI, PS(A), DS}",-1.7552073247393907,-1.7552073247393907,0.7493998507167374,0.7493998507167374,-1.6283614067169068,0.6563049908667616,-1.5932188180230507,1.679661185315815,0,0,0,0,-1.8186455928500607,-1.679661185315815,0.7039217888285136,0.8088444041133959,-1.6283614067169068,0.6563049908667616,-1.5932188180230507,1.679661185315815,0.7393004142063954,-0.3138039066342149,-0.13710009734885364,0.3868817692905329,FALSE,32.896700859069824,"GRT-{PI, PS(A), DS}",-3.763020538766574,-3.763020538766574,0.8320948767591179,0.8320948767591179,-2.0467866311479055,0.7349729837028844,-2.4220118564598696,3.566999415025532,0,0,0,0,-3.763020538766574,-2.0467866311479055,FALSE,3.024933338165283,"GRT-{PI, PS, DS}"
342,TRUE,0.09223604202270508,{DS},-2.265477944944322,-2.531313090899451,1.8798338985001424,2.170881650222712,-2.265477944944322,2.42873708669228,-1.8427913713400297,1.839319112804286,0.5524786548664729,-0.7481224953479857,-0.22670741787404747,0.23336182869956945,-2.265477944944322,-2.531313090899451,1.8798338985001424,2.170881650222712,-2.265477944944322,2.42873708669228,-1.8427913713400297,1.839319112804286,0.5524786548664729,-0.7481224953479857,-0.22670741787404747,0.23336182869956945,TRUE,36.21476721763611,"GRT-{1_RHO, PS(A), DS}",-2.3298619425592233,-2.3298619425592233,2.0758902019913044,2.0758902019913044,-2.4306522034146543,2.5811757385568415,-1.8899582484571908,1.887152298545434,-0.14399973772018582,-0.14399973772018582,-0.14399973772018582,-0.14399973772018582,-2.3298619425592233,-2.4306522034146543,FALSE,3.9226274490356445,"GRT-{PI, PS, DS}"
343,TRUE,0.07178497314453125,"{PI, PS, DS}",-0.7164974888951201,-0.7164974888951201,0.47950564714817373,0.47950564714817373,-1.2074140502222022,0.7764217611479277,-1.2074140502222022,0.7764217611479277,0,0,0,0,-0.6045853465832371,-0.8871465590188763,0.34875569551704483,0.6744897501960818,-1.0968035620935135,0.6744897501960818,-1.335177736118937,0.8871465590188764,0.109774461089277,-0.7086518409091653,-0.19385264428485455,0.17344911626402615,TRUE,28.15360999107361,"GRT-{PI, PS, DS}",-0.9636325018948636,-0.9636325018948636,0.6153481624675164,0.6153481624675164,-1.9017517212951165,1.1437032038349542,-1.9017517212951165,1.1437032038349542,0,0,0,0,-0.9636325018948636,-1.9017517212951165,TRUE,3.079951286315918,"GRT-{PI, PS, DS}"
344,TRUE,0.060872793197631836,"{PI, PS, DS}",-0.6493239124549979,-0.6493239124549979,0.35549041783953095,0.35549041783953095,-1.1503493787989447,0.6521789863392624,-1.1503493787989447,0.6521789863392624,0,0,0,0,-0.7916386077433748,-0.5413950851290881,0.5894557978497786,0.13971029888186182,-1.0675705238781419,0.5413950851290881,-1.2206403488473498,0.7647096737863873,0.5030454531052463,0.2408036008009128,-0.3462617996416646,0.10427265868893047,FALSE,28.51002025604248,"GRT-{PI, PS, DS}",-0.9533008826862782,-0.9533008826862782,0.46853066095719076,0.46853066095719076,-2.8469116803015506,0.8958717316832479,-2.8469116803015506,0.8958717316832479,0,0,0,0,-0.9533008826862782,-2.8469116803015506,FALSE,2.6420280933380127,"GRT-{PI, PS, DS}"
345,TRUE,0.1026153564453125,{DS},-1.9572807844983915,-0.36996389006053904,2.1097056106513357,1.7688250385187063,-1.7775870750733929,1.9293189778951474,-1.679661185315815,1.3746796941879755,0.5078696579620857,-0.4276131371085584,-0.5295375902182142,0.25698869800931257,-1.9572807844983915,-0.36996389006053904,2.1097056106513357,1.7688250385187063,-1.7775870750733929,1.9293189778951474,-1.679661185315815,1.3746796941879755,0.5078696579620857,-0.4276131371085584,-0.5295375902182142,0.25698869800931257,FALSE,35.84261417388916,"GRT-{PI, PS(B), DS}",-2.0310754503625024,-0.37620785512684485,2.1991450666343058,2.0171698526197526,-1.8648929441342177,1.7174866623144607,-1.8648929441342177,1.7174866623144607,0,0,0,0,-2.0310754503625024,-1.8648929441342177,FALSE,3.3980321884155273,"GRT-{PI, PS(B), DS}"
346,TRUE,0.0754387378692627,"{PI, PS(B), DS}",-0.21779837992739895,-0.9084578685373851,1.483539859401297,1.4461035929181756,-0.8791677184445701,0.041789297816425576,-0.8791677184445701,0.041789297816425576,0,0,0,0,-0.21779837992739912,-0.9084578685373851,1.483539859401297,1.4461035929181756,-0.9446695913944761,0.11418529432142831,-0.8172368220293998,-0.04643572477052674,0.3117885656844745,0.21271767353288856,-0.42526651387836806,-0.024530820696792216,FALSE,26.206831455230713,"GRT-{PI, PS, DS}",-0.6335977965316308,-0.6335977965316308,2.775609232467686,2.775609232467686,-1.0933035217352849,0.04295064952533867,-1.0933035217352849,0.04295064952533867,0,0,0,0,-0.6335977965316308,-1.0933035217352849,FALSE,3.136392831802368,"GRT-{PI, PS, DS}"
347,TRUE,0.06693315505981445,"{PI, PS, DS}",-0.13001858330604937,-0.13001858330604937,0.6229257229008344,0.6229257229008344,-1.1309776082451284,0.9208229763683792,-1.1309776082451284,0.9208229763683792,0,0,0,0,0.08365173390712922,-0.3661063568005697,0.4887764111146697,0.7916386077433747,-1.110771616636786,0.7916386077433746,-1.1503493803760079,1.0675705238781417,-0.05181266290197173,0.04721130094898564,-0.2970988996160825,0.5030454531052463,TRUE,26.743189334869385,"GRT-{PI, PS, DS}",-0.17345896391300628,-0.17345896391300628,0.9136919230553829,0.9136919230553829,-2.821465554313989,1.6928885995604879,-2.821465554313989,1.6928885995604879,0,0,0,0,-0.17345896391300628,-2.821465554313989,FALSE,3.1718623638153076,"GRT-{PI, PS, DS}"
348,TRUE,0.08914947509765625,"{PS, DS}",-2.4231775816481753,-2.4231775816481753,0.7734031786731196,0.7734031786731196,-1.5877562271182295,1.9667841029322466,-1.5877562271182295,1.9667841029322466,0.6956293400644922,-0.5933492050990796,-0.8558998191388216,0.6554859874548895,-2.4763231702426456,-2.3663578394787064,0.769172278608315,0.7741897896244039,-1.5954149770332369,1.9782173557054163,-1.58295011099897,1.9545779044793143,0.6866567169249332,-0.6025106704515959,-0.8561589146560585,0.6575392851658021,TRUE,33.69210863113403,"GRT-{PS, DS}",-2.3563063587325823,-2.3563063587325823,0.7876069476867325,0.7876069476867325,-1.5998773426671333,2.043132057365016,-1.5998773426671333,2.043132057365016,0.9021878825888088,-0.023081475618255246,-1,0.7153295612722239,-2.3563063587325823,-1.5998773426671333,TRUE,3.486966609954834,"GRT-{PS, DS}"
349,TRUE,0.07753205299377441,"{PI, PS, DS}",-0.9216945999415775,-0.9216945999415775,0.8460667145657905,0.8460667145657905,-1.9264031529639822,0.1629113486229158,-1.9264031529639822,0.1629113486229158,0,0,0,0,-0.9944578832097533,-0.8591751295958503,0.774972068807261,0.9084578685373851,-1.9322120917982584,0.12258084388880243,-1.9205020017675463,0.20073077957564647,0.4303042424639888,0.13706901651834316,-0.3366967594356003,-0.19340226821861742,TRUE,31.101301431655884,"GRT-{PI, PS, DS}",-0.9911988246525932,-0.9911988246525932,0.901439128074034,0.901439128074034,-2.7482283666520364,0.1660880608957056,-2.7482283666520364,0.1660880608957056,0,0,0,0,-0.9911988246525932,-2.7482283666520364,TRUE,3.324308156967163,"GRT-{PI, PS, DS}"
350,TRUE,0.08527445793151855,"{PS, DS}",-1.6321301063963614,-1.6321301063963614,1.212047702392704,1.212047702392704,-1.901896743386742,1.8229073537643223,-1.901896743386742,1.8229073537643223,0.5734715028496029,-0.4425228600775644,-0.41248693712304885,0.670314781157628,-1.6508684854737372,-1.570585028567419,1.0389014441072841,1.4362071811547938,-1.7861555612610773,1.679661185315815,-1.9956042965147929,2.077712478240772,0.5927668597099751,-0.45957010818481786,-0.4389003854642363,0.5891761481691832,FALSE,34.81222367286682,"GRT-{PI, PS, DS}",-1.8798768512504727,-1.8798768512504727,1.3137459846622503,1.3137459846622503,-2.2516000951138846,2.428017243005659,-2.2516000951138846,2.428017243005659,0,0,0,0,-1.8798768512504727,-2.2516000951138846,FALSE,3.519113540649414,"GRT-{PI, PS, DS}"
351,TRUE,0.08120155334472656,"{PI, PS, DS}",0.2533471031358001,0.2533471031358001,0.2533471031358001,0.2533471031358001,-0.2533471031357994,0.25334710313580017,-0.2533471031357994,0.25334710313580017,0,0,0,0,0.25334710313579945,0.2533471031357995,0.25334710313579945,0.2533471031357995,-0.25334710313579994,0.2533471031357995,-0.25334710313579994,0.2533471031357995,-0.2629251995648308,0.2629251995648308,-0.2629251995648308,0.2629251995648308,TRUE,14.190525770187378,"GRT-{PI, PS, DS}",2.9756157371844223,2.9756157371844223,4.321715242767986,4.321715242767986,-2.774793122542169,2.7108914655508887,-2.774793122542169,2.7108914655508887,0,0,0,0,2.9756157371844223,-2.774793122542169,TRUE,1.6324491500854492,"GRT-{PI, PS, DS}"
352,TRUE,0.07949185371398926,"{PI, PS, DS}",-0.8761428456341797,-0.8761428456341797,0.9345892910657797,0.9345892910657797,-1.1503493800995914,1.3091717117685535,-1.1503493800995914,1.3091717117685535,0,0,0,0,-0.7647096737863871,-0.9674215661017013,0.9084578685373852,0.967421566101701,-1.2206403488473498,1.3829941271006385,-1.0968035620935135,1.2206403488473496,0.44968471328154086,-0.5273696620300137,-0.3089213793527406,0.5699768988578329,TRUE,28.93285346031189,"GRT-{PI, PS, DS}",-1.19047010922204,-1.19047010922204,1.335191641748086,1.335191641748086,-1.8538351829168347,2.703788182947198,-1.8538351829168347,2.703788182947198,0,0,0,0,-1.19047010922204,-1.8538351829168347,TRUE,2.7726640701293945,"GRT-{PI, PS, DS}"
353,TRUE,0.09767341613769531,"{PI, PS, DS}",-1.2896186457161039,-1.2896186457161039,1.656794765814991,1.656794765814991,-0.7363159171713741,1.6133583946521024,-0.7363159171713741,1.6133583946521024,0,0,0,0,-1.3676279233156887,-1.2206403488473498,1.679661185315815,1.6325479658463489,-0.6521789863427858,1.5932188180230507,-0.8088444041133961,1.6325479658463489,0.12272781641511571,-0.6068197821941375,-0.3868817692905329,0.8022163686191465,FALSE,32.28444790840149,"GRT-{PI, PS, DS}",-1.6662781335646535,-1.6662781335646535,3.180693538518038,3.180693538518038,-0.8505222665508296,2.82923929527627,-0.8505222665508296,2.82923929527627,0,0,0,0,-1.6662781335646535,-0.8505222665508296,FALSE,2.7767653465270996,"GRT-{PI, PS, DS}"
354,TRUE,0.06562304496765137,"{PI, PS, DS}",-1.0031479676619357,-1.0031479676619357,1.3597373839382394,1.3597373839382394,-0.7363159173369296,1.415702090021936,-0.7363159173369296,1.415702090021936,0,0,0,0,-0.9208229763683792,-1.0896619819461075,1.3829941271006385,1.335177736118937,-0.6744897501960817,1.483539859401297,-0.8122178014999129,1.335177736118937,-0.11147703149759026,-0.5679363128599322,-0.4423139374482946,0.7483560128963014,TRUE,28.557828664779663,"GRT-{PI, PS, DS}",-1.2610518653180167,-1.2610518653180167,3.025933496237675,3.025933496237675,-0.9006903196098901,3.2217938613915,-0.9006903196098901,3.2217938613915,0,0,0,0,-1.2610518653180167,-0.9006903196098901,TRUE,2.4852166175842285,"GRT-{PI, PS, DS}"
355,TRUE,0.1135554313659668,"{PS, DS}",-1.7925323202089978,-1.7925323202089978,0.01821776159924499,0.01821776159924499,-1.9309892235993371,0.3374648485655911,-1.9309892235993371,0.3374648485655911,0.7001679574754314,-0.0895335890412645,0.17342651500343412,-0.6173382790824095,-1.6906216295848981,-1.9705053031703295,0.028488265166309465,-0.036870532662080284,-2.00042356910598,0.24703899073897737,-1.8238032777788427,0.45785193101249516,0.7148993525849401,-0.1052571365911161,0.17863667847211726,-0.6105946054538145,TRUE,38.026458978652954,"GRT-{1_RHO, PS, DS}",-2.0908393681534214,-2.0908393681534214,0.0213208793003683,0.0213208793003683,-2.1925003684517987,0.3352769778100875,-2.1925003684517987,0.3352769778100875,-0.3926356227067075,-0.3926356227067075,-0.3926356227067075,-0.3926356227067075,-2.0908393681534214,-2.1925003684517987,TRUE,3.527641534805298,"GRT-{1_RHO, PS, DS}"
356,TRUE,0.07036757469177246,"{PI, PS, DS}",-0.4307272992489439,-0.4307272992489439,0.4795056533304451,0.4795056533304451,-0.12566134685507324,0.8416212335729141,-0.12566134685507324,0.8416212335729141,0,0,0,0,-0.604585346583237,-0.25334710313579933,0.43072729929545756,0.5244005127080408,-0.11418529432142828,0.8416212335729142,-0.139710298881862,0.8416212335729142,-0.2515857004925415,-0.18108103858062588,0.2575997463018164,0.37553706679072135,FALSE,26.754765510559082,"GRT-{PI, PS, DS}",-0.7490821615952263,-0.7490821615952263,0.9156256431194643,0.9156256431194643,-0.19620430587111073,2.80866944459816,-0.19620430587111073,2.80866944459816,0,0,0,0,-0.7490821615952263,-0.19620430587111073,FALSE,2.9621546268463135,"GRT-{PI, PS, DS}"
357,TRUE,0.07290339469909668,"{PI, PS, DS}",-1.2040469600266903,-1.2040469600266903,0.45785192825655757,0.45785192825655757,-1.1024403669800917,0.40225006527057866,-1.1024403669800917,0.40225006527057866,0,0,0,0,-1.2206403488473496,-1.1868314327558183,0.6336400007797013,0.25334710313579945,-0.9674215661017014,0.5413950851290881,-1.2521195202652196,0.25334710313579945,0.5699886196440741,-0.32326387389754896,-0.36666674993101067,0.26292519956483085,TRUE,33.670750856399536,"GRT-{PI, PS, DS}",-2.759699913334512,-2.759699913334512,0.6252532295135085,0.6252532295135085,-1.8805731326184858,0.5577206116094435,-1.8805731326184858,0.5577206116094435,0,0,0,0,-2.759699913334512,-1.8805731326184858,TRUE,3.27744460105896,"GRT-{PI, PS, DS}"
358,TRUE,0.06847119331359863,"{PI, PS, DS}",-1.7057732014520015,-1.7057732014520015,1.9145058249816127,1.9145058249816127,-1.0058963986989362,0.8366705486227041,-1.0058963986989362,0.8366705486227041,0,0,0,0,-1.7861555612610773,-1.6325479658463484,1.9491119969398878,1.876358561894595,-0.9430036961801062,0.7363159173761294,-1.0757227225615087,0.9674215661017012,0.23948397506593902,-0.030257730828653306,-0.4625630825330743,0.4277098937575238,TRUE,38.314958333969116,"GRT-{PI, PS, DS}",-2.0684913926813264,-2.0684913926813264,2.766821512762923,2.766821512762923,-1.0896143697167886,0.9002344940510212,-1.0896143697167886,0.9002344940510212,0,0,0,0,-2.0684913926813264,-1.0896143697167886,FALSE,3.865496873855591,"GRT-{PI, PS, DS}"
359,TRUE,0.0715794563293457,"{PS, DS}",-0.8968616323372484,-0.8968616323372484,0.07082336617662718,0.07082336617662718,-1.361812818253913,0.7722060440529311,-1.361812818253913,0.7722060440529311,-0.4176424353831379,0.16173728284358485,0.18396344877740992,-0.3494506890743917,-0.8591751295958502,-0.9330982729296341,0.09413741432353635,0.0486552613981325,-1.4100104903658415,0.7566980735568706,-1.3180108973035367,0.7894470834856016,-0.41527542149625923,0.16045010821705952,0.18510095179288155,-0.34875359700374864,TRUE,25.13632869720459,"GRT-{PS, DS}",-0.9152209702917599,-0.9152209702917599,0.06540226334474575,0.06540226334474575,-1.3951490843711258,0.7849680512431363,-1.3951490843711258,0.7849680512431363,-0.7340914764209803,0.1875573179946579,0.20299679807966722,-0.3551426615324444,-0.9152209702917599,-1.3951490843711258,FALSE,3.1873767375946045,"GRT-{PS, DS}"
360,TRUE,0.08447980880737305,"{PI, PS, DS}",-1.2670187278361829,-1.2670187278361829,1.2521195202652196,1.2521195202652196,0.3554901828968039,1.2955690141722422,0.3554901828968039,1.2955690141722422,0,0,0,0,-1.1868314327558183,-1.335177736118937,1.2521195202652196,1.2521195202652193,0.37739194382855407,1.335177736118937,0.3360381403718232,1.2521195202652193,-0.22519822484473176,-0.7483560128963014,0.19424914462133067,0.7298339461158495,FALSE,24.11110258102417,"GRT-{PI, PS, DS}",-2.998326101984175,-2.998326101984175,3.2796582490726807,3.2796582490726807,0.48080537680502394,3.814260573253036,0.48080537680502394,3.814260573253036,0,0,0,0,-2.998326101984175,0.48080537680502394,TRUE,2.5455923080444336,"GRT-{PI, PS, DS}"
361,TRUE,0.07745099067687988,"{PI, PS, DS}",-0.12441070351653885,-0.12441070351653885,0.6591430370927261,0.6591430370927261,-1.8263545135647616,1.3075934591663305,-1.8263545135647616,1.3075934591663305,0,0,0,0,-0.19402814242392644,-0.05117801111205138,0.7749720688072608,0.5607030318750834,-2.069901830895052,1.3941732088691248,-1.600043015505759,1.213339622488518,0.07967609260687024,-0.3708764324310443,-0.049999599618020196,0.07714869740432591,FALSE,26.09974694252014,"GRT-{PI, PS, DS}",-0.1362321816500877,-0.1362321816500877,0.6962407757491218,0.6962407757491218,-2.431693876811087,1.4229168849899416,-2.431693876811087,1.4229168849899416,0,0,0,0,-0.1362321816500877,-2.431693876811087,FALSE,2.657492160797119,"GRT-{PI, PS, DS}"
362,TRUE,0.07530474662780762,"{PS, DS}",-0.4558778580671177,-0.4558778580671177,0.8723968070428892,0.8723968070428892,-2.472136142628659,1.6001022493261694,-2.472136142628659,1.6001022493261694,0.0236630117411555,-0.7353116862224917,-0.0885501622620003,-0.39839943944493544,-0.5026837801499,-0.3827258078157581,0.9103801996607385,0.8223708325990267,-2.4217960516419064,1.4961468762163623,-2.537723774358958,1.7045133228822624,0.02619927755699802,-0.7425614831757106,-0.08331134140749495,-0.38982112871050734,TRUE,27.94921875,"GRT-{PS, DS}",-0.47133951910295097,-0.47133951910295097,0.8918911189902534,0.8918911189902534,-2.49013425666502,1.6259640547960217,-2.49013425666502,1.6259640547960217,0.11101696634331368,-0.7465116199960553,0.45894847872948197,-0.7961860936413503,-0.47133951910295097,-2.49013425666502,TRUE,2.936732530593872,"GRT-{1_RHO, PS, DS}"
363,TRUE,0.07130980491638184,"{PI, PS, DS}",-1.7804643253327246,-1.7804643253327246,1.9491119969308524,1.9491119969308524,-0.256968879380085,0.42543412865285635,-0.256968879380085,0.42543412865285635,0,0,0,0,-1.9022164957820156,-1.7012881668522597,1.9205020017675463,1.9756646505355229,-0.21653412444917083,0.3406948270877957,-0.2961398428402425,0.5209384652264953,0.09468864890872071,-0.1613786458748515,-0.1285988650161657,0.2215663570825774,TRUE,32.157514810562134,"GRT-{PI, PS, DS}",-2.2894849528264927,-2.2894849528264927,2.8733491248367486,2.8733491248367486,-0.27575196381172096,0.44721801430855,-0.27575196381172096,0.44721801430855,0,0,0,0,-2.2894849528264927,-0.27575196381172096,FALSE,3.99539852142334,"GRT-{PI, PS, DS}"
364,FALSE,0.014566659927368164,ERROR: x appears to be not positive definite,NA,NA,NA,NA,NA,NA,NA,NA,NA,NA,NA,NA,NA,NA,NA,NA,NA,NA,NA,NA,NA,NA,NA,NA,TRUE,35.44800424575806,"GRT-{1_RHO, PS, DS}",-2.3618795948232294,-2.3618795948232294,1.697282933105328,1.697282933105328,-2.155511714699563,2.6832617304847592,-2.155511714699563,2.6832617304847592,0.8714764804819819,0.8714764804819819,0.8714764804819819,0.8714764804819819,-2.3618795948232294,-2.155511714699563,FALSE,3.3542213439941406,"GRT-{1_RHO, PS, DS}"
365,FALSE,0.03182268142700195,ERROR: x appears to be not positive definite,NA,NA,NA,NA,NA,NA,NA,NA,NA,NA,NA,NA,NA,NA,NA,NA,NA,NA,NA,NA,NA,NA,NA,NA,TRUE,28.964375495910645,"GRT-{PS, DS}",-1.1597922037520867,-1.1597922037520867,1.7129850312739312,1.7129850312739312,-0.20041462962212117,1.3035195180277768,-0.20041462962212117,1.3035195180277768,-0.06618062326110712,0.6291998258223859,-0.9352560890770092,0.7024261501178842,-1.1597922037520867,-0.20041462962212117,TRUE,2.483182191848755,"GRT-{PS, DS}"
366,TRUE,0.0773305892944336,"{1_RHO, PS, DS}",-0.6629306909443223,-0.6629306909443223,1.893354443451376,1.893354443451376,-1.4220791612768322,0.1112400766884071,-1.4220791612768322,0.1112400766884071,-0.20919769292205373,-0.20919769292205373,-0.20919769292205373,-0.20919769292205373,-0.8603241400016763,-0.45911185185086423,1.8485962885014087,1.926403152963982,-1.5146142163357703,0.13538473551751673,-1.3001534333634235,0.06779861544123574,0.00960269431758472,-0.27969519166910206,-0.5817990845125003,0.029373145371830122,TRUE,27.664355993270874,"GRT-{PI, PS, DS}",-0.7163328069767899,-0.7163328069767899,2.9742584136510217,2.9742584136510217,-1.6018053829723888,0.09329366607707223,-1.6018053829723888,0.09329366607707223,0,0,0,0,-0.7163328069767899,-1.6018053829723888,TRUE,2.799757719039917,"GRT-{PI, PS, DS}"
367,FALSE,0.011219978332519531,ERROR: missing value where TRUE/FALSE needed,NA,NA,NA,NA,NA,NA,NA,NA,NA,NA,NA,NA,NA,NA,NA,NA,NA,NA,NA,NA,NA,NA,NA,NA,FALSE,27.28525424003601,"GRT-{PI, PS, DS}",-1.6497200437453443,-1.6497200437453443,0.18475263932712704,0.18475263932712704,-1.4019806442081044,2.6968583898618768,-1.4019806442081044,2.6968583898618768,0,0,0,0,-1.6497200437453443,-1.4019806442081044,TRUE,3.1104166507720947,"GRT-{PI, PS, DS}"
368,TRUE,0.06316041946411133,"{PS, DS}",-1.7273095921292174,-1.7273095921292174,2.0115216415630015,2.0115216415630015,-0.6662382947699499,0.18807092289613112,-0.6662382947699499,0.18807092289613112,0.4434610319380549,-0.4142693655716198,-0.46224174637411497,0.15161704832729853,-1.753187123882088,-1.6998824106780543,2.0034347812644273,2.018127525540365,-0.6660543774072403,0.21582606729704643,-0.6688942390800751,0.16459082279784568,0.44027606943395853,-0.4199521542080385,-0.46340637931754747,0.15142180934482316,TRUE,34.089913845062256,"GRT-{PS, DS}",-1.7231757689901384,-1.7231757689901384,2.086504339050018,2.086504339050018,-0.6704206048021177,0.190510760052083,-0.6704206048021177,0.190510760052083,0.4544835316829633,-0.4339166716653756,-0.47686304064925306,0.15195806602292034,-1.7231757689901384,-0.6704206048021177,FALSE,3.8722188472747803,"GRT-{PS, DS}"
369,TRUE,0.07754921913146973,"{PI, PS, DS}",-0.7460672556681849,-0.7460672556681849,1.1859305997166252,1.1859305997166252,-2.1802163804912507,2.2497497120334287,-2.1802163804912507,2.2497497120334287,0,0,0,0,-0.6701011747291375,-0.8371367180070833,1.13191847262866,1.2418667918433206,-2.2844283551198723,2.2389797664643867,-2.087867196702204,2.2601889913293753,0.2550985599639732,-0.3237784147401311,-0.2929950822166568,0.4770486730464179,FALSE,28.270891427993774,"GRT-{PI, PS, DS}",-0.7599310082454068,-0.7599310082454068,1.2457878287352884,1.2457878287352884,-2.3769531559331836,2.925734489834064,-2.3769531559331836,2.925734489834064,0,0,0,0,-0.7599310082454068,-2.3769531559331836,FALSE,2.7304108142852783,"GRT-{PI, PS, DS}"
370,FALSE,0.01418924331665039,ERROR: x appears to be not positive definite,NA,NA,NA,NA,NA,NA,NA,NA,NA,NA,NA,NA,NA,NA,NA,NA,NA,NA,NA,NA,NA,NA,NA,NA,TRUE,33.55924201011658,"GRT-{1_RHO, PS, DS}",-2.079038951866717,-2.079038951866717,2.4562762783984433,2.4562762783984433,-2.0832115839215666,2.858369444279192,-2.0832115839215666,2.858369444279192,-0.9944723173418941,-0.9944723173418941,-0.9944723173418941,-0.9944723173418941,-2.079038951866717,-2.0832115839215666,FALSE,3.78084397315979,"GRT-{1_RHO, PS, DS}"
371,TRUE,0.19632697105407715,"{PI, PS(A), DS}",0.1462539338043103,0.1462539338043103,1.252119520263602,1.252119520263602,-6.34157908728842e-17,-0.059717099785322345,-0.5244005127080407,0.5894557978497784,0,0,0,0,0.11418529432142853,0.18001236979270532,1.2815515655446004,1.2206403488473498,7.185531358288918e-17,-0.059717099785322705,-0.5244005127080408,0.5894557978497785,-0.28357556045400456,0.6458772593304574,-0.2990697460469269,0.3462613726327897,TRUE,28.370280504226685,"GRT-{PI, PS, DS}",0.16823968321930757,0.16823968321930757,2.803271784246251,2.803271784246251,-0.3083927330191852,0.2798716965979356,-0.3083927330191852,0.2798716965979356,0,0,0,0,0.16823968321930757,-0.3083927330191852,TRUE,2.784442186355591,"GRT-{PI, PS, DS}"
372,TRUE,0.07866072654724121,"{PS(B), DS}",-0.050727970250449804,-0.15869093116002772,0.7773091955087249,0.26687609132522067,-0.5573042277686654,0.7231866535009847,-0.5573042277686654,0.7231866535009847,-0.2679017111260388,0.7021816334341834,0.4008955997403409,-0.3990728147443715,-0.07680897576940836,-0.13468979400891978,0.7415940438615164,0.27976081477122955,-0.393598415796924,0.7916386077433746,-0.7415940438615164,0.6612147922013145,-0.27334544672479616,0.6952617671769855,0.38779208098277534,-0.40336731992848024,TRUE,23.35894799232483,"GRT-{PI, PS, DS}",-0.11728632099781676,-0.11728632099781676,0.5221797017381747,0.5221797017381747,-0.6084065334704487,0.7963036844038758,-0.6084065334704487,0.7963036844038758,0,0,0,0,-0.11728632099781676,-0.6084065334704487,TRUE,2.3451101779937744,"GRT-{PI, PS, DS}"
373,TRUE,0.0628507137298584,"{PI, PS, DS}",-0.5659488219328631,-0.5659488219328631,0.5659488219328632,0.5659488219328632,-0.5659488219328631,0.18001236979270524,-0.5659488219328631,0.18001236979270524,0,0,0,0,-0.565948821932863,-0.5659488219328632,0.5659488219328632,0.5659488219328633,-0.565948821932863,0.5659488219328632,-0.5659488219328632,-0.18001236979270532,0.4785763326077399,-0.47857633260773985,-0.47857633260773985,-0.1513899619904259,FALSE,24.450170516967773,"GRT-{PI, PS, DS}",-2.6424876153803223,-2.6424876153803223,2.6438679129465847,2.6438679129465847,-2.7522413312436576,0.43550909310134545,-2.7522413312436576,0.43550909310134545,0,0,0,0,-2.6424876153803223,-2.7522413312436576,TRUE,2.5947980880737305,"GRT-{PI, PS, DS}"
374,TRUE,0.0870676040649414,"{PI, PS, DS}",-1.517929159360326,-1.517929159360326,1.1024403670151648,1.1024403670151648,-0.41666549819299376,1.5862789009143499,-0.41666549819299376,1.5862789009143499,0,0,0,0,-1.4652337926855228,-1.5647264713617988,1.1024403670151646,1.1024403670151648,-0.0896423510757622,1.5647264713617988,-0.6959079368789586,1.6067550689692431,0.04695456960842076,-0.7914195976352639,-0.2806455529365216,0.5444324301775418,FALSE,32.30854105949402,"GRT-{PI, PS, DS}",-2.8910245779036874,-2.8910245779036874,1.3370454785603352,1.3370454785603352,-0.46595607507198344,2.686331681161488,-0.46595607507198344,2.686331681161488,0,0,0,0,-2.8910245779036874,-0.46595607507198344,FALSE,3.004788637161255,"GRT-{PI, PS, DS}"
375,TRUE,0.08612918853759766,"{PS, DS}",-1.6506071100256683,-1.6506071100256683,2.035191092183079,2.035191092183079,-2.048416467479558,2.1849412918707727,-2.048416467479558,2.1849412918707727,0.5344763012680581,-0.6474771838465284,-0.8679444379913872,0.7913664281705761,-1.6584720610356272,-1.641375827499914,2.092837798505774,1.9972178140451935,-2.036834131701389,2.186528274456908,-2.092837798505774,2.163088789881,0.5355357193664068,-0.6477987921525568,-0.8586104325735938,0.7968872604038031,FALSE,34.5577871799469,"GRT-{PI, PS, DS}",-1.9057893874323315,-1.9057893874323315,2.47595403249519,2.47595403249519,-2.2268164545109133,3.1424898156977945,-2.2268164545109133,3.1424898156977945,0,0,0,0,-1.9057893874323315,-2.2268164545109133,FALSE,4.0282275676727295,"GRT-{PI, PS, DS}"
376,TRUE,0.07686018943786621,"{PI, PS, DS}",-0.5524425846418505,-0.5524425846418505,1.0099901676061809,1.0099901676061809,-1.1689488445314635,0.7279132908816441,-1.1689488445314635,0.7279132908816441,0,0,0,0,-0.6744897501960819,-0.4307272992954574,1.1868314327558183,0.8416212335729142,-1.150349380376008,1.110771616636786,-1.1868314327558183,0.43072729929545733,0.4104161838241972,-0.2670033440645446,-0.7140112120983823,6.123233995736762e-17,FALSE,29.21087884902954,"GRT-{PI, PS, DS}",-0.7631860109579356,-0.7631860109579356,1.7048025711669865,1.7048025711669865,-2.755921130411127,1.0962908350470824,-2.755921130411127,1.0962908350470824,0,0,0,0,-0.7631860109579356,-2.755921130411127,FALSE,2.579516887664795,"GRT-{PI, PS, DS}"
377,TRUE,0.08621692657470703,"{PS, DS}",-0.9718440531439727,-0.9718440531439727,1.9700460093767973,1.9700460093767973,-1.6826481541379348,2.120813697768076,-1.6826481541379348,2.120813697768076,0.019717731052966637,-0.5308059835894066,-0.42218145314649036,0.7764707999169798,-1.0031479676625343,-0.9173211856192283,1.9956042965147927,1.9782173557054163,-1.7568266072519054,1.9491119969398878,-1.6283614067169068,2.2578967738622175,0.016596085809864256,-0.5527847156271577,-0.4268254287219007,0.7626291150084278,FALSE,36.3142523765564,"GRT-{1_RHO, PS, DS}",-1.002207104246812,-1.002207104246812,2.311616599466956,2.311616599466956,-1.8321805139429292,2.7513676786306673,-1.8321805139429292,2.7513676786306673,-0.29547575513344004,-0.29547575513344004,-0.29547575513344004,-0.29547575513344004,-1.002207104246812,-1.8321805139429292,FALSE,4.3631815910339355,"GRT-{PI, PS, DS}"
378,FALSE,0.005539417266845703,ERROR: missing value where TRUE/FALSE needed,NA,NA,NA,NA,NA,NA,NA,NA,NA,NA,NA,NA,NA,NA,NA,NA,NA,NA,NA,NA,NA,NA,NA,NA,TRUE,26.691737413406372,"GRT-{1_RHO, PS, DS}",-0.23569770437985837,-0.23569770437985837,0.8707311149954008,0.8707311149954008,-0.07156869600299759,1.9647748810209027,-0.07156869600299759,1.9647748810209027,-0.5717432205168113,-0.5717432205168113,-0.5717432205168113,-0.5717432205168113,-0.23569770437985837,-0.07156869600299759,TRUE,3.034298896789551,"GRT-{1_RHO, PS, DS}"
379,TRUE,0.06536269187927246,"{1_RHO, PS, DS}",-0.6521777751964588,-0.6521777751964588,0.6780008215115685,0.6780008215115685,-0.08257667268059002,2.444103614388773,-0.08257667268059002,2.444103614388773,0.11347194026228082,0.11347194026228082,0.11347194026228082,0.11347194026228082,-0.5954259959270145,-0.7225215347613813,0.686349894828356,0.6744897501960818,-0.1417339367695891,2.4166098990321574,-0.003763715003895048,2.4794668853016644,0.0900875618152321,-0.10704586335259743,0.16386505722419048,0.24057926343051053,FALSE,27.847326040267944,"GRT-{1_RHO, PS, DS}",-0.6432534877512712,-0.6432534877512712,0.6722426274536322,0.6722426274536322,-0.08125790045056325,2.6946914116623972,-0.08125790045056325,2.6946914116623972,0.12737376742808013,0.12737376742808013,0.12737376742808013,0.12737376742808013,-0.6432534877512712,-0.08125790045056325,TRUE,2.898052453994751,"GRT-{1_RHO, PS, DS}"
380,TRUE,0.0741112232208252,"{PI, PS, DS}",-0.9674215639274162,-0.9674215639274162,0.8416212315901804,0.8416212315901804,-0.9446695911606862,0.7527287894814859,-0.9446695911606862,0.7527287894814859,0,0,0,0,-1.150349380376008,-0.7916386077433748,0.7363159173761296,0.928899491647271,-0.8871465590188763,0.5659488219328632,-1.0200762327862016,0.928899491647271,0.5408794566145192,-0.10061818765550186,-0.47940350437805723,0.8386482249429461,TRUE,33.0926296710968,"GRT-{1_RHO, PS, DS}",-1.8402853125703003,-1.8402853125703003,1.1474523002410042,1.1474523002410042,-1.4773962749048204,1.1147384328765915,-1.4773962749048204,1.1147384328765915,1,1,1,1,-1.8402853125703003,-1.4773962749048204,FALSE,3.5570034980773926,"GRT-{1_RHO, PS, DS}"
381,TRUE,0.06842398643493652,"{PS, DS}",-0.3830494812010301,-0.3830494812010301,0.14957705654849004,0.14957705654849004,-2.331762591384977,1.044632199750941,-2.331762591384977,1.044632199750941,0.17283026225843107,0.22623479401301191,-0.07709854035671311,0.8090131843551521,-0.46272101017727585,-0.30096542432970574,0.20433049881260854,0.08681620055694575,-2.330078922787911,1.0341302659571425,-2.344597707470274,1.0323956851649092,0.17341166151036125,0.23121568094394113,-0.07619557090703329,0.8036574290340185,TRUE,24.09925079345703,"GRT-{1_RHO, PS, DS}",-0.3857460828334547,-0.3857460828334547,0.14361529119923988,0.14361529119923988,-3.5610402321831094,1.0687688533425161,-3.5610402321831094,1.0687688533425161,0.5174077863275831,0.5174077863275831,0.5174077863275831,0.5174077863275831,-0.3857460828334547,-3.5610402321831094,TRUE,2.8194100856781006,"GRT-{1_RHO, PS, DS}"
382,TRUE,0.06473302841186523,"{PI, PS, DS}",-0.5894557977253216,-0.5894557977253216,0.22988411757919996,0.22988411757919996,-1.4342001596177474,0.5084880590703182,-1.4342001596177474,0.5084880590703182,0,0,0,0,-0.6744897501960816,-0.5244005127080408,0.29930691046566715,0.15731068461017023,-1.3180108973035367,0.4537621901698796,-1.5647264713617985,0.5791321622555563,0.13849392725271187,0.39400871016543876,-0.150134540042942,-0.22151862150390916,TRUE,27.102850675582886,"GRT-{PI, PS, DS}",-0.6610647275899383,-0.6610647275899383,0.2571428529362022,0.2571428529362022,-2.0805963641654976,0.584949077681693,-2.0805963641654976,0.584949077681693,0,0,0,0,-0.6610647275899383,-2.0805963641654976,FALSE,2.8761022090911865,"GRT-{PI, PS, DS}"
383,FALSE,4.887580871582031e-4,ERROR: all AICs NA,NA,NA,NA,NA,NA,NA,NA,NA,NA,NA,NA,NA,NA,NA,NA,NA,NA,NA,NA,NA,NA,NA,NA,NA,TRUE,23.850847959518433,"GRT-{PI, PS, DS}",-2.7779437125547197,-2.7779437125547197,-0.43500259516137874,-0.43500259516137874,0.4272369512585003,3.3168911116029403,0.4272369512585003,3.3168911116029403,0,0,0,0,-2.7779437125547197,0.4272369512585003,FALSE,3.0466275215148926,"GRT-{PI, PS, DS}"
384,TRUE,0.0700840950012207,"{PI, PS(B), DS}",-0.9512777187290918,-1.2581615610630972,-0.24104039388602683,0.25334710313580017,-1.3024251615292497,0.3435513327771841,-1.3024251615292497,0.3435513327771841,0,0,0,0,-0.951277718729092,-1.258161561063097,-0.24104039388602672,0.25334710313579983,-1.2955749870976876,0.2641469768259238,-1.3091717167857773,0.43072729929545756,0.16082867787705984,0.3127242296910109,0.4774617473867631,-0.15908410460324646,FALSE,28.026872634887695,"GRT-{PI, PS, DS}",-1.2917795840688036,-1.2917795840688036,0.025292111584233945,0.025292111584233945,-1.6926088398064625,0.37837950906307194,-1.6926088398064625,0.37837950906307194,0,0,0,0,-1.2917795840688036,-1.6926088398064625,FALSE,2.883171558380127,"GRT-{PI, PS, DS}"
385,TRUE,0.07576322555541992,"{PS, DS}",-1.8486573458000237,-1.8486573458000237,1.1759270286656165,1.1759270286656165,-1.3542218832277246,2.046505675453121,-1.3542218832277246,2.046505675453121,0.21089913865163307,-0.7655722152167799,-0.6086696399300623,0.23540763336161366,-1.8514658442965461,-1.876358561894595,1.1260068931512623,1.2278262613112727,-1.303782672103487,2.1661067528923295,-1.396374911533912,1.9705053031703295,0.21371463162220578,-0.7470097785212051,-0.6109083880386931,0.24341870024986975,TRUE,34.08174538612366,"GRT-{1_RHO, PS, DS}",-2.0720967664704433,-2.0720967664704433,1.2323850593736845,1.2323850593736845,-1.4322027244830402,2.4237791609879986,-1.4322027244830402,2.4237791609879986,-0.6179935848312752,-0.6179935848312752,-0.6179935848312752,-0.6179935848312752,-2.0720967664704433,-1.4322027244830402,TRUE,3.710336923599243,"GRT-{1_RHO, PS, DS}"
386,TRUE,0.07183670997619629,"{PI, PS, DS}",-1.3517022398485512,-1.3517022398485512,1.335177735335118,1.335177735335118,-1.487995286248707,0.07100192123757362,-1.487995286248707,0.07100192123757362,0,0,0,0,-1.3738394673770853,-1.3223653788997205,1.1715461713027622,1.526103353763713,-1.4924041783203592,0.2054644090671241,-1.4835398594012972,-0.019895187598079702,0.38497378179352254,-0.11486382233311235,-0.2693091135477367,-0.010145928369207548,FALSE,31.154540061950684,"GRT-{PI, PS, DS}",-1.602950162265304,-1.602950162265304,1.527650960094957,1.527650960094957,-1.8087614734081707,0.08391229880625439,-1.8087614734081707,0.08391229880625439,0,0,0,0,-1.602950162265304,-1.8087614734081707,TRUE,3.261577606201172,"GRT-{PI, PS, DS}"
387,TRUE,0.08156776428222656,"{PS, DS}",-1.1476579853319993,-1.1476579853319993,2.000942509366741,2.000942509366741,-1.1724811583646122,0.9328519094452191,-1.1724811583646122,0.9328519094452191,0.671728882513627,0.29542533217876293,-0.4810903106400336,0.4213428289366815,-1.2349006812813166,-1.0946175798760684,1.9491119969398878,2.053748910631823,-1.2349006812813166,0.8798374597961204,-1.1349166179934915,0.9944578832097531,0.6586028467882359,0.306162780199443,-0.4880949837486853,0.41109704454257273,TRUE,28.774597644805908,"GRT-{1_RHO, PS, DS}",-1.2277657378077544,-1.2277657378077544,2.736498997499705,2.736498997499705,-1.272723740980751,0.9891168226884863,-1.272723740980751,0.9891168226884863,0.6935980238771376,0.6935980238771376,0.6935980238771376,0.6935980238771376,-1.2277657378077544,-1.272723740980751,TRUE,3.069821357727051,"GRT-{1_RHO, PS, DS}"
388,TRUE,0.08088803291320801,"{PS, DS}",-1.189451196336532,-1.189451196336532,0.5896820678363285,0.5896820678363285,-0.21814103828113568,1.005471186117786,-0.21814103828113568,1.005471186117786,-6.211258496854406e-4,-0.11507087166808491,-0.08449846187952156,0.7693699443826507,-0.9238670207443131,-1.4744856551599717,0.5350828150863222,0.6627937038820093,-0.3703642448067597,0.9328891732059703,-0.09297184856107403,1.1061612853105838,0.03542772007661405,-0.13764353354391146,-0.07968980437429665,0.7589535537200921,TRUE,27.034889221191406,"GRT-{PI, PS, DS}",-1.3647646223059413,-1.3647646223059413,0.652381103684647,0.652381103684647,-0.22914787870176231,1.120237873698124,-0.22914787870176231,1.120237873698124,0,0,0,0,-1.3647646223059413,-0.22914787870176231,TRUE,2.700270891189575,"GRT-{PI, PS, DS}"
389,TRUE,0.09339714050292969,"{PS, DS}",-1.7383232190075824,-1.7383232190075824,1.8633409172873023,1.8633409172873023,-1.6119405150230854,-0.03986659687298877,-1.6119405150230854,-0.03986659687298877,0.5949035157316677,0.26777762220425133,-0.4447445065252776,0.39921176013503595,-1.6551104382401518,-1.9454225913844105,2.0672598278811423,1.6833482640036077,-1.7284025205738924,-0.13001858330708446,-1.517929159594279,0.019282950895712032,0.6111309666968467,0.23659799632339693,-0.46526759203564844,0.43186345328753584,FALSE,35.6102089881897,"GRT-{1_RHO, PS, DS}",-1.9361281797161012,-1.9361281797161012,2.0683004650180083,2.0683004650180083,-1.7540087860815774,-0.03303153874157716,-1.7540087860815774,-0.03303153874157716,0.6299356432223266,0.6299356432223266,0.6299356432223266,0.6299356432223266,-1.9361281797161012,-1.7540087860815774,TRUE,3.2989752292633057,"GRT-{1_RHO, PS, DS}"
390,TRUE,0.07882428169250488,"{PI, PS, DS}",-1.3037826718674417,-1.3037826718674417,0.5867419200763194,0.5867419200763194,-1.4924041783190223,0.9674214059304256,-1.4924041783190223,0.9674214059304256,0,0,0,0,-1.2418667918433206,-1.3829941271006387,0.6493239131864658,0.5244005127080407,-1.465233792685523,1.3829941271006385,-1.5179291595942788,0.7279132908816445,0.6536083589131082,-0.7582523705583522,-0.3325976483950375,-0.36995600153262437,TRUE,30.070054054260254,"GRT-{1_RHO, PS, DS}",-1.8133159027217136,-1.8133159027217136,0.6353451655119544,0.6353451655119544,-3.5939922368143122,1.2134912260863313,-3.5939922368143122,1.2134912260863313,-1,-1,-1,-1,-1.8133159027217136,-3.5939922368143122,FALSE,3.2097208499908447,"GRT-{1_RHO, PS, DS}"
391,TRUE,0.07010555267333984,"{PI, PS, DS}",-0.43072729929545744,-0.43072729929545744,0.22300783048312256,0.22300783048312256,-0.3773919438277701,0.7647096737863874,-0.3773919438277701,0.7647096737863874,0,0,0,0,-0.43072729929545756,-0.43072729929545756,0.6744897501960819,-0.13971029888186176,-0.43072729929545756,0.7647096737863874,-0.31863936396437487,0.7647096737863873,-7.818226179414742e-17,-0.3220275692144134,-0.25099416259135277,-0.10427265868893042,FALSE,27.645639419555664,"GRT-{PI, PS, DS}",-0.8451236168942121,-0.8451236168942121,0.432081018548499,0.432081018548499,-0.7777862783113457,2.688078968544332,-0.7777862783113457,2.688078968544332,0,0,0,0,-0.8451236168942121,-0.7777862783113457,TRUE,2.7884180545806885,"GRT-{PI, PS, DS}"
392,TRUE,0.06731271743774414,"{PS, DS}",-0.396994419077564,-0.396994419077564,1.7700782624792193,1.7700782624792193,-0.3407944446577955,0.23032995414604082,-0.3407944446577955,0.23032995414604082,-0.796054335386426,-0.2234316124133651,-0.23773764400535308,0.13483912826652436,-0.3703642448067599,-0.5068716225579335,1.8027430907391904,1.7688250385187063,-0.19621173364518368,0.1800123697927052,-0.5141561007445341,0.29338123212119344,-0.8227557479774258,-0.22892513625939637,-0.23380725038157907,0.13520398945014742,TRUE,27.060673713684082,"GRT-{1_RHO, PS, DS}",-0.47155763886724583,-0.47155763886724583,3.258281742740986,3.258281742740986,-0.39836878714545615,0.23606261361980702,-0.39836878714545615,0.23606261361980702,-0.5911832890557425,-0.5911832890557425,-0.5911832890557425,-0.5911832890557425,-0.47155763886724583,-0.39836878714545615,TRUE,3.006077289581299,"GRT-{1_RHO, PS, DS}"
393,TRUE,0.08013367652893066,"{PS, DS}",-2.0200221302353856,-2.0200221302353856,1.0584877396858037,1.0584877396858037,-1.9568111620928346,0.5623972280279702,-1.9568111620928346,0.5623972280279702,0.9299709385260269,-0.23766378977126837,-0.1984024032710695,0.5017284983390297,-1.9705053031703297,-2.137955868282881,1.128774894829586,0.9976041713112966,-1.9705053031703297,0.5693690867580524,-1.8990800111199524,0.5446601733015457,0.9345833937236787,-0.22816172061246429,-0.20438723235560366,0.5075558850995076,TRUE,36.71919798851013,"GRT-{1_RHO, PS, DS}",-2.3873688728378726,-2.3873688728378726,1.0997596412214459,1.0997596412214459,-2.2470615295071794,0.5832716573735146,-2.2470615295071794,0.5832716573735146,0.577672777060445,0.577672777060445,0.577672777060445,0.577672777060445,-2.3873688728378726,-2.2470615295071794,TRUE,4.00787091255188,"GRT-{1_RHO, PS, DS}"
394,TRUE,0.08401966094970703,"{PS, DS}",-1.7678495890636357,-1.7678495890636357,1.4462584810711554,1.4462584810711554,-1.196191573676299,1.7117267654774926,-1.196191573676299,1.7117267654774926,0.2629934684184586,-0.7726193039036556,-0.3304292621930256,0.6471958114940564,-1.6508684854737372,-1.9205020017675463,1.2016266878828097,1.6906216295848981,-1.2206403488473496,1.7381080267736122,-1.120983039352697,1.8238032777788429,0.27500924585087694,-0.7584786914765328,-0.3459198774531881,0.6033764584248357,TRUE,33.12229657173157,"GRT-{PI, PS, DS}",-2.251652973109778,-2.251652973109778,1.6328529283249948,1.6328529283249948,-1.2866553271271877,2.3549321725945784,-1.2866553271271877,2.3549321725945784,0,0,0,0,-2.251652973109778,-1.2866553271271877,TRUE,4.006618022918701,"GRT-{1_RHO, PS, DS}"
395,TRUE,0.07964110374450684,"{PI, PS, DS}",-0.8591751286057325,-0.8591751286057325,1.0824113944610965,1.0824113944610965,-1.1503493800995916,1.3351777361184185,-1.1503493800995916,1.3351777361184185,0,0,0,0,-0.7647096737863871,-0.9388143168769032,1.0968035620935133,1.0675705238781419,-1.2206403488473498,1.3597373839386058,-1.0968035620935133,1.3091717167857773,0.44968471328154086,-0.5172281073405449,-0.4383303484850793,0.6031574537938991,FALSE,30.23764657974243,"GRT-{PI, PS, DS}",-1.1579219496500932,-1.1579219496500932,1.5986300284963133,1.5986300284963133,-1.8583844708534405,2.734074218045728,-1.8583844708534405,2.734074218045728,0,0,0,0,-1.1579219496500932,-1.8583844708534405,TRUE,3.150895833969116,"GRT-{PI, PS, DS}"
396,FALSE,0.017045021057128906,ERROR: x appears to be not positive definite,NA,NA,NA,NA,NA,NA,NA,NA,NA,NA,NA,NA,NA,NA,NA,NA,NA,NA,NA,NA,NA,NA,NA,NA,FALSE,35.10716271400452,"GRT-{1_RHO, PS(A), DS}",-3.492348257974579,-3.492348257974579,1.6277528000456507,1.6277528000456507,-1.6831240237537557,2.7871543950885362,-1.2453358550263118,0.9317167223340097,-1,-1,-1,-1,-3.492348257974579,-1.6831240237537557,FALSE,3.1728665828704834,"GRT-{1_RHO, PS(A), DS}"
397,TRUE,0.11155176162719727,"{PS(A), DS}",-1.4493521516802519,-1.4493521516802519,1.6394306846949833,1.6394306846949833,-0.22767887940755274,1.6453372695877588,-0.46094068828290086,0.8264991059026805,0.64071479765755,-0.6984362053560168,-0.014708876945919524,0.7420971048600923,-1.262145176622808,-1.7568266072519052,1.8339146358159146,1.489470042327941,-0.18838518473871063,1.7568266072519052,-0.4614936942181585,0.7860841629172004,0.664349507269314,-0.6583860455316971,-0.013831629260797113,0.7625648273666692,FALSE,32.68178939819336,"GRT-{1_RHO, PS(A), DS}",-1.6225501945451009,-1.6225501945451009,1.8750863144688998,1.8750863144688998,-0.25124352942517136,2.2178217385486056,-0.5014070249295003,0.8874023193161544,0.9964492415762464,0.9964492415762464,0.9964492415762464,0.9964492415762464,-1.6225501945451009,-0.25124352942517136,FALSE,3.2982423305511475,"GRT-{1_RHO, PS(A), DS}"
398,FALSE,0.015819549560546875,ERROR: x appears to be not positive definite,NA,NA,NA,NA,NA,NA,NA,NA,NA,NA,NA,NA,NA,NA,NA,NA,NA,NA,NA,NA,NA,NA,NA,NA,FALSE,33.253565073013306,"GRT-{1_RHO, DS}",-1.0990601913541476,-1.8080104334340035,1.4869021260272481,1.1857710229804812,-1.139524169734744,3.403662302677038,-2.898632560141306,2.2771826007001073,0.6203975226399119,0.6203975226399119,0.6203975226399119,0.6203975226399119,-1.0990601913541476,-1.139524169734744,FALSE,3.0841622352600098,"GRT-{1_RHO, DS}"
399,FALSE,0.06248021125793457,ERROR: x appears to be not positive definite,NA,NA,NA,NA,NA,NA,NA,NA,NA,NA,NA,NA,NA,NA,NA,NA,NA,NA,NA,NA,NA,NA,NA,NA,TRUE,32.96045279502869,"GRT-{PI, DS}",-2.0612306649803136,-4.145389748677676,2.3197613388359004,1.2565487156557555,-0.7811087108281327,0.7703467398827526,-3.2495822890540387,1.2442918869041806,0,0,0,0,-2.0612306649803136,-0.7811087108281327,FALSE,3.513288736343384,"GRT-{PI, PS(A), DS}"
400,TRUE,0.08884382247924805,"{PI, PS(A), DS}",-0.8416075583311922,-0.8416075583311922,1.1503174514558032,1.1503174514558032,-0.13971029888186193,1.465233792685523,-0.1509692154967771,0.16421077707933082,0,0,0,0,-1.2206403488473496,-0.5659488219328633,0.9944578832097533,1.3597373839386058,-0.13971029888186215,1.4652337926855228,-0.15096921549677697,0.16421077707933107,-0.1678137990671165,-0.29664739929513284,-0.09928892232335454,0.09022024387871569,FALSE,27.97165322303772,"GRT-{PI, PS(A), DS}",-1.0497630159858038,-1.0497630159858038,1.6534440472439766,1.6534440472439766,-0.12797107961415277,2.7074455950663734,-0.201548137779305,0.17707010210181484,0,0,0,0,-1.0497630159858038,-0.12797107961415277,FALSE,2.9665651321411133,"GRT-{PI, PS(A), DS}"
401,FALSE,0.00458526611328125,ERROR: missing value where TRUE/FALSE needed,NA,NA,NA,NA,NA,NA,NA,NA,NA,NA,NA,NA,NA,NA,NA,NA,NA,NA,NA,NA,NA,NA,NA,NA,TRUE,20.203704118728638,"GRT-{PI, PS, DS}",-2.881619708892897,-2.881619708892897,2.803821440872386,2.803821440872386,-0.6804254981264921,3.875738718229052,-0.6804254981264921,3.875738718229052,0,0,0,0,-2.881619708892897,-0.6804254981264921,TRUE,2.268113136291504,"GRT-{PI, PS, DS}"
402,TRUE,0.22726655006408691,"{PI, PS(B), DS}",-1.0200762327862016,-0.2533471031357995,0.8416212335729143,1.4532785408369295e-17,-0.5659488189561382,0.7647096733778735,-0.5659488189561382,0.7647096733778735,0,0,0,0,-1.0200762327862016,-0.25334710313579994,0.8416212335729143,2.570352765661602e-16,-0.2933812321211934,0.8416212335729143,-0.8416212335729143,0.6744897501960818,0.19044282642054602,0.12486152261762745,-0.30537362994314204,0.32549462106875954,TRUE,32.313897132873535,"GRT-{PI, PS(B), DS}",-2.867810095928336,-0.34184126108544843,1.3370682613740987,-0.011577945776204412,-0.8469039405574597,1.253885191742011,-0.8469039405574597,1.253885191742011,0,0,0,0,-2.867810095928336,-0.8469039405574597,TRUE,2.9631175994873047,"GRT-{PI, PS, DS}"
403,TRUE,0.12435340881347656,"{PI, DS}",-0.8185495193559922,-1.7746883070113357,0.1992013247892669,1.8437650289963357,-1.8437650289963354,1.954577904479315,-0.6995465598620082,0.6744897501960819,0,0,0,0,-0.8185495193559925,-1.7746883070113357,0.19920132478926714,1.8437650289963357,-1.8437650289963359,1.9545779044793143,-0.6995465598620083,0.6744897501960816,0.1761362045189069,-0.7644555957714011,0.14637835032847918,0.110067995473334,FALSE,33.095489740371704,"GRT-{PI, DS}",-0.8750672496476349,-2.0818372331472084,0.2321644580813459,2.4785991205302045,-2.3628473626875013,2.9075547123567476,-0.7398621994905517,0.7224325056870557,0,0,0,0,-0.8750672496476349,-2.3628473626875013,FALSE,4.108694076538086,"GRT-{PI, DS}"
404,TRUE,0.07856035232543945,"{PI, PS, DS}",-0.7018725948687609,-0.7018725948687609,0.6985256969208833,0.6985256969208833,-0.8871465482018109,1.1107716166367858,-0.8871465482018109,1.1107716166367858,0,0,0,0,-1.0675705238781417,-0.4307272992954574,0.9674215661017013,0.43072729929545744,-1.0675705238781417,1.110771616636786,-0.7647096737863871,1.1107716166367858,0.681675263890992,-0.2670033440645446,-0.2289999014657732,0.2670033440645446,FALSE,30.727224588394165,"GRT-{PI, PS, DS}",-1.0602209700165353,-1.0602209700165353,0.9909214647062248,0.9909214647062248,-1.3782330313315214,2.679044703351546,-1.3782330313315214,2.679044703351546,0,0,0,0,-1.0602209700165353,-1.3782330313315214,FALSE,2.9989848136901855,"GRT-{PI, PS, DS}"
405,FALSE,0.0667121410369873,ERROR: x appears to be not positive definite,NA,NA,NA,NA,NA,NA,NA,NA,NA,NA,NA,NA,NA,NA,NA,NA,NA,NA,NA,NA,NA,NA,NA,NA,FALSE,29.670489072799683,"GRT-{1_RHO, DS}",-0.6239679702201408,-1.4244309641589379,0.6408468577954287,2.3698804701117338,-1.0377385641874897,0.9675819862932165,-2.0731352405707253,0.9516919818975784,-0.39843210622358355,-0.39843210622358355,-0.39843210622358355,-0.39843210622358355,-0.6239679702201408,-1.0377385641874897,TRUE,3.0544090270996094,"GRT-{1_RHO, DS}"
406,TRUE,0.13706445693969727,"{PI, DS}",-1.359737383938606,-1.4050715603096324,1.2815515655446004,0.25334710313580017,-0.6406668899191051,1.4050715603096329,-1.2815515655446008,0.25334710313580017,0,0,0,0,-1.3597373839386058,-1.4050715603096324,1.2815515655446004,0.25334710313579983,-0.6406668899191049,1.4050715603096327,-1.2815515655446004,0.25334710313579983,0.3523747154570797,-0.762645370943066,-0.7365998048334199,0.2629251995643062,TRUE,29.73538565635681,"GRT-{PI, PS(A), DS}",-2.986783536660005,-2.986783536660005,0.8670534804730354,0.8670534804730354,-0.8112710079478962,2.929298942095298,-2.7841725540566937,0.2990498596292046,0,0,0,0,-2.986783536660005,-0.8112710079478962,FALSE,3.5225822925567627,"GRT-{PI, PS(A), DS}"
407,FALSE,0.08401155471801758,ERROR: x appears to be not positive definite,NA,NA,NA,NA,NA,NA,NA,NA,NA,NA,NA,NA,NA,NA,NA,NA,NA,NA,NA,NA,NA,NA,NA,NA,FALSE,37.247679233551025,"GRT-{1_RHO, PS(B), DS}",-1.5215789174930958,-0.29628511037189464,2.402366847112015,0.39325394413346126,-2.314012826179805,1.0581480219171442,-2.314012826179805,1.0581480219171442,-1,-1,-1,-1,-1.5215789174930958,-2.314012826179805,FALSE,3.7215070724487305,"GRT-{1_RHO, PS(B), DS}"
408,FALSE,0.04832911491394043,ERROR: x appears to be not positive definite,NA,NA,NA,NA,NA,NA,NA,NA,NA,NA,NA,NA,NA,NA,NA,NA,NA,NA,NA,NA,NA,NA,NA,NA,TRUE,30.04391837120056,"GRT-{PI, PS(A), DS}",-3.8584168690118585,-3.8584168690118585,0.4132726171325305,0.4132726171325305,-1.2588102402474304,3.227758557858178,0.049619846366455445,0.2360557128145171,0,0,0,0,-3.8584168690118585,-1.2588102402474304,FALSE,2.90047287940979,"GRT-{PI, PS(A), DS}"
409,FALSE,0.007344722747802734,ERROR: missing value where TRUE/FALSE needed,NA,NA,NA,NA,NA,NA,NA,NA,NA,NA,NA,NA,NA,NA,NA,NA,NA,NA,NA,NA,NA,NA,NA,NA,TRUE,18.133561849594116,"GRT-{PI, PS, DS}",-3.2563114399379858,-3.2563114399379858,3.4610992223910024,3.4610992223910024,-0.6702899847757975,3.89378367696908,-0.6702899847757975,3.89378367696908,0,0,0,0,-3.2563114399379858,-0.6702899847757975,TRUE,2.076225996017456,"GRT-{PI, PS, DS}"
410,TRUE,0.09407806396484375,"{PS(A), DS}",-1.5876763191397911,-1.5876763191397911,0.16603187187835572,0.16603187187835572,-1.3325748441518497,0.08800682676314307,-1.8573320375934894,0.6593293555425649,0.4701429955103855,-0.5113584764429451,-0.28204035977859543,-0.616790671135861,-1.8533669070077186,-1.3829941271006385,0.2214497383072017,0.10339805113889419,-1.3715204728028318,0.05971709978532263,-1.8673289134397622,0.6837743798792987,0.43644024290088507,-0.5370227635234784,-0.28234341089152293,-0.6198057535680429,TRUE,32.90662336349487,"GRT-{1_RHO, PS(A), DS}",-1.8665827352625655,-1.8665827352625655,0.1666820028907583,0.1666820028907583,-1.4928993649825069,0.10472631276933098,-2.2625425106697206,0.6981710461902675,-0.6943519011555978,-0.6943519011555978,-0.6943519011555978,-0.6943519011555978,-1.8665827352625655,-1.4928993649825069,TRUE,3.077432632446289,"GRT-{1_RHO, PS(A), DS}"
411,TRUE,0.11360836029052734,{DS},-1.0444087948725964,-1.5932188180230507,1.0491313979639716,0.08964235107576309,-0.48224821483792335,0.9674215661017009,-1.8895099603334304,1.2418667918433206,0.4934501628176166,-0.27296849776756077,-0.46156609005752064,0.5409167002663738,-1.0444087948725964,-1.5932188180230507,1.0491313979639716,0.08964235107576309,-0.48224821483792335,0.9674215661017009,-1.8895099603334304,1.2418667918433206,0.4934501628176166,-0.27296849776756077,-0.46156609005752064,0.5409167002663738,TRUE,30.467665433883667,"GRT-{PI, DS}",-1.1631384471610535,-2.091135797023429,1.1411789721953909,0.06992268141953462,-0.5886844791230391,1.132228583806718,-2.6775481402171835,1.4443978054607642,0,0,0,0,-1.1631384471610535,-0.5886844791230391,TRUE,2.5862905979156494,"GRT-{PI, DS}"
412,FALSE,0.012920141220092773,ERROR: x appears to be not positive definite,NA,NA,NA,NA,NA,NA,NA,NA,NA,NA,NA,NA,NA,NA,NA,NA,NA,NA,NA,NA,NA,NA,NA,NA,TRUE,35.53049039840698,"GRT-{1_RHO, DS}",-2.0732121923727416,-2.4713533830238035,2.423079714909764,0.21302849907401455,-1.2272859184195932,1.4044557753329319,-2.0157347552629226,0.7228661273804113,0.7648894224069119,0.7648894224069119,0.7648894224069119,0.7648894224069119,-2.0732121923727416,-1.2272859184195932,FALSE,3.9602620601654053,"GRT-{1_RHO, DS}"
413,TRUE,0.08042073249816895,"{PI, PS, DS}",-1.2334945619686914,-1.2334945619686914,1.1107716045176046,1.1107716045176046,-1.1375243554217358,0.22988411757907984,-1.1375243554217358,0.22988411757907984,0,0,0,0,-1.1243382315686392,-1.3597373839386058,1.3829941271006385,0.8761428492468409,-1.3597373839386058,0.16421077707933088,-0.9674215661017013,0.302980448056206,0.620549611829673,-0.09022024379474786,-0.5273696620300137,-0.24883820910553492,FALSE,31.00838828086853,"GRT-{PI, PS, DS}",-1.9107601717866614,-1.9107601717866614,1.6095063559249192,1.6095063559249192,-1.6799209013614895,0.27095737826504407,-1.6799209013614895,0.27095737826504407,0,0,0,0,-1.9107601717866614,-1.6799209013614895,TRUE,2.8362855911254883,"GRT-{PI, PS, DS}"
414,TRUE,0.08885550498962402,"{PI, PS(B), DS}",-0.25334710313580017,-1.110771616636786,1.2206403488473496,0.4307272992954577,-1.1689343068918656,1.110771616636786,-1.1689343068918656,1.110771616636786,0,0,0,0,-0.25334710313579967,-1.1107716166367856,1.2206403488473496,0.4307272992954577,-1.1107716166367858,1.1107716166367858,-1.2206403488473498,1.1107716166367858,0.15695887755327997,-0.6939010741266662,-0.7223382096392954,0.26700331040185965,TRUE,25.483807802200317,"GRT-{PI, PS(B), DS}",-0.3464730999948992,-3.949922990687088,3.8264296334491252,0.6016895423335631,-3.3879879799333823,3.2477169581450083,-3.3879879799333823,3.2477169581450083,0,0,0,0,-0.3464730999948992,-3.3879879799333823,TRUE,2.7827813625335693,"GRT-{PI, PS(B), DS}"
415,TRUE,0.07681465148925781,"{PI, PS, DS}",-1.134916617777484,-1.134916617777484,0.3816746447672256,0.3816746447672256,-0.876142849246841,0.6289042140765245,-0.876142849246841,0.6289042140765245,0,0,0,0,-1.0675705238781419,-1.2206403488473496,0.18001236979270466,0.6744897501960818,-0.8761428492468409,0.9674215661017014,-0.8761428492468409,0.31863936396437476,0.2918270720741097,-0.5699886196440743,0.32656238885621747,0.6810120572202188,FALSE,27.272698402404785,"GRT-{PI, PS, DS}",-1.8350093556651166,-1.8350093556651166,0.49777330770917527,0.49777330770917527,-1.200192903783157,0.8771014196222409,-1.200192903783157,0.8771014196222409,0,0,0,0,-1.8350093556651166,-1.200192903783157,TRUE,2.8799376487731934,"GRT-{PI, PS, DS}"
416,TRUE,0.07635498046875,"{1_RHO, PS, DS}",-0.8443362845624741,-0.8443362845624741,1.1230878757682612,1.1230878757682612,-0.25512772001548706,1.3349427139777281,-0.25512772001548706,1.3349427139777281,0.41130016083076615,0.41130016083076615,0.41130016083076615,0.41130016083076615,-0.8254944909292358,-0.9288994916472711,1.0200762327862019,1.2334945619686914,-0.3487556955170449,1.3517022399306615,-0.1613790427342393,1.359737383938606,0.5281460356859059,-0.28298291039926726,0.46558444919488545,0.6818335872618752,TRUE,26.31164050102234,"GRT-{1_RHO, PS, DS}",-0.9597908112975325,-0.9597908112975325,1.3546368359864962,1.3546368359864962,-0.297959646808223,1.6941153964295577,-0.297959646808223,1.6941153964295577,0.6469376085954843,0.6469376085954843,0.6469376085954843,0.6469376085954843,-0.9597908112975325,-0.297959646808223,TRUE,3.1289424896240234,"GRT-{1_RHO, PS, DS}"
417,TRUE,0.08693623542785645,"{PI, PS, DS}",-0.8010945264940997,-0.8010945264940997,1.180947040733465,1.180947040733465,-1.564726471099492,1.5696143656162171,-1.564726471099492,1.5696143656162171,0,0,0,0,-0.9915264746773306,-0.6102946101863325,1.2334945619686914,1.1393781759359911,-1.6111691623526772,1.5341205443525465,-1.5123895860676801,1.6022926552158763,0.6572932934223048,-0.09205273315561202,-0.43063615610293543,0.3624107445288672,FALSE,29.88613796234131,"GRT-{PI, PS, DS}",-0.8881394287594956,-0.8881394287594956,1.3721431360561738,1.3721431360561738,-1.9757776242800384,2.069356724088731,-1.9757776242800384,2.069356724088731,0,0,0,0,-0.8881394287594956,-1.9757776242800384,FALSE,3.077738046646118,"GRT-{PI, PS, DS}"
418,TRUE,0.08406496047973633,"{PS(A), DS}",-1.4652337926906236,-1.4652337926906236,1.4924041781819486,1.4924041781819486,-1.8370277394870047,1.6700831539110945,-1.4221295457699326,0.9658599455608404,0.6941117891845974,-0.4798112595079518,-0.5459223560009699,0.609923558856539,-1.5419862988544466,-1.3919602799625954,1.5932188180230507,1.4177971379962673,-1.8696066471189026,1.6528536325170073,-1.4461035929181754,0.946781756301046,0.6853213025425531,-0.4878376576082369,-0.5319624359159896,0.6202378610695457,TRUE,37.20120644569397,"GRT-{PI, PS(A), DS}",-1.7253082651490896,-1.7253082651490896,1.8084103700877592,1.8084103700877592,-2.8709562035611906,2.0028536212180983,-1.71017532170999,1.0503054536597567,0,0,0,0,-1.7253082651490896,-2.8709562035611906,TRUE,3.8911173343658447,"GRT-{1_RHO, PS, DS}"
419,TRUE,0.11480545997619629,{DS},-0.62890421763219,-2.114380771527561,0.7574497038543204,0.803498355321002,-1.7047809048894007,1.748024586582879,-1.2955749870976876,1.0084197154725858,0.4801975598067992,-0.5593742939646642,0.27356997697436136,0.5268515896668707,-0.62890421763219,-2.114380771527561,0.7574497038543204,0.803498355321002,-1.7047809048894007,1.748024586582879,-1.2955749870976876,1.0084197154725858,0.4801975598067992,-0.5593742939646642,0.27356997697436136,0.5268515896668707,TRUE,28.854434728622437,"GRT-{1_RHO, DS}",-0.6284361580311852,-2.4647192858031595,0.7777823953404552,0.8241722616147986,-1.8102030823804356,1.8893076323380458,-1.3413164066123762,1.052288568662031,0.4906659196991855,0.4906659196991855,0.4906659196991855,0.4906659196991855,-0.6284361580311852,-1.8102030823804356,TRUE,3.4172372817993164,"GRT-{1_RHO, DS}"
420,TRUE,0.08556771278381348,"{PI, PS, DS}",-1.2040469599480998,-1.2040469599480998,1.0675705238781419,1.0675705238781419,-1.23665223841887,1.150349380291713,-1.23665223841887,1.150349380291713,0,0,0,0,-1.150349380376008,-1.2521195202652193,0.8761428492468409,1.3091717167857773,-1.150349380376008,1.2521195202652193,-1.3091717167857775,1.0675705238781419,0.7045722710152325,-0.7298339461158496,-0.4940967230572044,0.6031574537938991,FALSE,28.61105489730835,"GRT-{PI, PS, DS}",-2.9903910356438517,-2.9903910356438517,1.5988435100848721,1.5988435100848721,-2.6807462516494605,1.8583947090421988,-2.6807462516494605,1.8583947090421988,0,0,0,0,-2.9903910356438517,-2.6807462516494605,FALSE,2.8970413208007812,"GRT-{PI, PS, DS}"
421,FALSE,0.010071516036987305,ERROR: missing value where TRUE/FALSE needed,NA,NA,NA,NA,NA,NA,NA,NA,NA,NA,NA,NA,NA,NA,NA,NA,NA,NA,NA,NA,NA,NA,NA,NA,TRUE,27.384857892990112,"GRT-{PI, PS(B), DS}",0.0019052886313847537,-1.1832648039029872,2.677691082963515,0.5417067914784386,-1.173785070556149,2.789763058064386,-1.173785070556149,2.789763058064386,0,0,0,0,0.0019052886313847537,-1.173785070556149,FALSE,2.751746654510498,"GRT-{PI, PS(B), DS}"
422,TRUE,0.10442614555358887,"{1_RHO, DS}",-0.4961268520802198,-0.7269383375778696,1.563342069236488,0.5866776124100445,-0.2890427425320762,0.7269383375778695,-1.563342069236488,0.30194880935808344,-0.44528458755837,-0.44528458755837,-0.44528458755837,-0.44528458755837,-0.5024022233733558,-0.7215222839823433,1.5341205443525465,0.5951785333332777,-0.29338123212119316,0.7215222839823431,-1.5341205443525465,0.30729257120115566,-0.31236780206575665,-0.5560544907153276,-0.7862845443803353,-0.2860787456069375,FALSE,26.609824895858765,"GRT-{PI, PS(A), DS}",-0.7238834110723368,-0.7238834110723368,1.2018882059367657,1.2018882059367657,-0.3707927676362292,0.8486935961354223,-2.7427663102088804,0.3662199906665014,0,0,0,0,-0.7238834110723368,-0.3707927676362292,TRUE,2.8276541233062744,"GRT-{PI, PS(A), DS}"
423,TRUE,0.08630514144897461,"{PI, PS(A), DS}",-1.2313771864480079,-1.2313771864480079,0.9811259961576707,0.9811259961576707,-1.1503493803760083,0.054518914848101216,-0.19402814242392585,1.359737383938606,0,0,0,0,-1.1503493803760083,-1.3597373839386058,1.0200762327862019,0.9388143168769034,-1.1503493803760083,0.054518914848101396,-0.1940281424239261,1.3597373839386058,0.3050529656692899,-0.02995180527878296,0.29619532660593495,0.5172281073405449,TRUE,29.63485550880432,"GRT-{PI, PS(A), DS}",-1.7497365278982304,-1.7497365278982304,1.3053170586200435,1.3053170586200435,-1.4877293994326097,0.0747431069940716,-0.2255156921761734,2.733525150033497,0,0,0,0,-1.7497365278982304,-1.4877293994326097,FALSE,2.531381607055664,"GRT-{PI, PS(A), DS}"
424,TRUE,0.10827970504760742,"{1_RHO, DS}",-1.2425722822798493,-0.17949285558774614,2.3277827952407484,0.6374983033403934,-0.8582279966434064,1.1266820417556114,-1.0642577449137975,2.2292605876155265,-0.4232807656979768,-0.4232807656979768,-0.4232807656979768,-0.4232807656979768,-1.2427675911940974,-0.18001236979270469,2.330078922787911,0.6443677122761386,-0.8583528142416805,1.11570071470022,-1.0644415649029646,2.2886542784925408,-0.4188283011130979,-0.5601693767664098,-0.3990976540900657,0.24494259211291755,TRUE,26.732441425323486,"GRT-{1_RHO, DS}",-1.2781619452017652,-0.18413453995238505,3.16862545237742,0.6627322656812478,-0.8859382575652532,1.1621285007446887,-1.0962412498146363,3.417563485322521,-0.6060889869756102,-0.6060889869756102,-0.6060889869756102,-0.6060889869756102,-1.2781619452017652,-0.8859382575652532,TRUE,3.126849412918091,"GRT-{1_RHO, DS}"
425,FALSE,0.04191231727600098,ERROR: x appears to be not positive definite,NA,NA,NA,NA,NA,NA,NA,NA,NA,NA,NA,NA,NA,NA,NA,NA,NA,NA,NA,NA,NA,NA,NA,NA,FALSE,25.744951248168945,"GRT-{PI, DS}",-0.33320232510831904,-2.685020106908955,0.5837270507987564,1.7036724430703352,-0.9192120396167354,2.41101312305224,-2.9579415548693344,1.6060543787781902,0,0,0,0,-0.33320232510831904,-0.9192120396167354,FALSE,2.59028959274292,"GRT-{PI, DS}"
426,TRUE,0.10922074317932129,"{PI, PS(B), DS}",-1.3091717167857773,-1.335177736118937,0.07379127380827248,1.2206403488473498,-1.252119519846114,1.0364333112919963,-1.252119519846114,1.0364333112919963,0,0,0,0,-1.3091717167857773,-1.335177736118937,0.07379127380827279,1.2206403488473498,-1.3091717167857773,1.335177736118937,-1.186831432755818,0.764709673786387,0.7427445908224026,-0.7483560128963014,-0.04401001111295839,0.4496847132815409,TRUE,27.520509958267212,"GRT-{PI, PS(B), DS}",-2.738511944292901,-5.017253182953481,0.09779630902689007,3.4029238725541435,-4.6085044856182815,1.5447846214340943,-4.6085044856182815,1.5447846214340943,0,0,0,0,-2.738511944292901,-4.6085044856182815,TRUE,2.6799635887145996,"GRT-{PI, PS(B), DS}"
427,TRUE,0.1282639503479004,{DS},-1.7267613841402003,-1.318010897303537,1.5730705667117026,0.8344270065319036,-2.032478253088414,2.036834131701389,-2.131379974984839,1.2206403488473496,0.721544806204389,-0.5487095270266926,-0.6331199984291668,-0.04302425844186733,-1.7267613841402003,-1.318010897303537,1.5730705667117026,0.8344270065319036,-2.032478253088414,2.036834131701389,-2.131379974984839,1.2206403488473496,0.721544806204389,-0.5487095270266926,-0.6331199984291668,-0.04302425844186733,FALSE,27.800666093826294,"GRT-{PI, PS(B), DS}",-1.9849415304086184,-1.431791385460147,1.7121613005977205,0.8918055153448812,-3.7319383136797564,1.6665962083526482,-3.7319383136797564,1.6665962083526482,0,0,0,0,-1.9849415304086184,-3.7319383136797564,TRUE,2.998608350753784,"GRT-{PI, PS(B), DS}"
428,TRUE,0.0926673412322998,"{PI, PS(A), DS}",-1.2955749136145387,-1.2955749136145387,1.020062711036482,1.020062711036482,-0.125661346855074,1.3091717167857775,-1.003147967662534,1.2815515655446006,0,0,0,0,-1.2815515655446004,-1.3091717167857773,1.2521195202652196,0.841621233572914,-0.12566134685507452,1.3091717167857773,-1.0031479676625343,1.2815515655446006,0.07160596651642935,-0.7427445908224026,-0.5821954198296969,0.48079963911948675,FALSE,30.623490810394287,"GRT-{PI, PS, DS}",-3.006742448934549,-3.006742448934549,1.5422163273160177,1.5422163273160177,-0.6380670444852459,3.3535807928263024,-0.6380670444852459,3.3535807928263024,0,0,0,0,-3.006742448934549,-0.6380670444852459,FALSE,3.2117698192596436,"GRT-{PI, PS, DS}"
429,FALSE,0.035948753356933594,ERROR: x appears to be not positive definite,NA,NA,NA,NA,NA,NA,NA,NA,NA,NA,NA,NA,NA,NA,NA,NA,NA,NA,NA,NA,NA,NA,NA,NA,FALSE,29.77667808532715,"GRT-{PI, DS}",-1.739919219190369,-0.5710180239849862,2.312293025415571,0.6695569602032978,-1.1728121891769465,1.4970369673629693,-3.8788529515631303,2.383909870021395,0,0,0,0,-1.739919219190369,-1.1728121891769465,TRUE,2.885972738265991,"GRT-{PI, DS}"
430,TRUE,0.09743809700012207,"{PI, PS(B), DS}",-1.2040469600267023,-0.2035442315324864,1.564726471361799,0.5157047936930385,-1.5720367395730785,1.4177866160088475,-1.5720367395730785,1.4177866160088475,0,0,0,0,-1.204046960026702,-0.20354423153248627,1.5647264713617988,0.5157047936930382,-1.5792195192835747,1.3001534333634235,-1.5647264713617988,1.549705900736589,0.6021377470722956,0.12670209505889027,-0.7914195976352639,0.2604449254254493,FALSE,28.423516988754272,"GRT-{PI, PS(B), DS}",-1.5003983183002838,-0.23457887443464864,3.069470046574504,0.5831242046764473,-3.4881102018036634,2.1075001194922702,-3.4881102018036634,2.1075001194922702,0,0,0,0,-1.5003983183002838,-3.4881102018036634,FALSE,2.825500011444092,"GRT-{PI, PS(B), DS}"
431,TRUE,0.10054135322570801,"{PI, PS, DS}",-1.2719529638170635,-1.2719529638170635,1.4924041783190225,1.4924041783190225,-1.4924041783190223,0.9561765388444726,-1.4924041783190223,0.9561765388444726,0,0,0,0,-1.517929159594279,-1.0675705238781419,1.4652337926855228,1.5179291595942788,-1.517929159594279,1.067570523878142,-1.4652337926855228,0.8648943586852832,0.7834984899510028,-0.2609195676418911,-0.7740834464240824,0.443363515960929,TRUE,32.261996030807495,"GRT-{PI, PS, DS}",-1.7904579673832128,-1.7904579673832128,3.098599625342267,3.098599625342267,-2.9128490025038043,1.1969023130877194,-2.9128490025038043,1.1969023130877194,0,0,0,0,-1.7904579673832128,-2.9128490025038043,FALSE,3.0251271724700928,"GRT-{PI, PS, DS}"
432,TRUE,0.09546995162963867,"{PI, PS(A), DS}",-0.9388135463124468,-0.9388135463124468,0.9388135463124468,0.9388135463124468,-0.9674215661017012,-0.3487556955170448,-0.9084578685373852,0.967421566101701,0,0,0,0,-0.9674215661017012,-0.9084578685373851,0.9084578685373852,0.9674215661017012,-0.9674215661017012,-0.3487556955170449,-0.9084578685373851,0.9674215661017012,0.650707626091091,0.24034401709941794,-0.6306122827269622,0.650707626091091,TRUE,23.265713453292847,"GRT-{PI, PS(A), DS}",-4.3422196594600075,-4.3422196594600075,3.7121906191369876,3.7121906191369876,-3.1381470473942072,-0.5650934874175073,-4.605575685348538,4.0939823387968435,0,0,0,0,-4.3422196594600075,-3.1381470473942072,FALSE,2.3308615684509277,"GRT-{PI, PS(A), DS}"
433,TRUE,0.08412480354309082,"{PI, DS}",-1.4525761808120043,-0.6151411045959732,1.359737383938606,1.0470381848293497,-0.27868339741721965,0.6948018523653642,-1.359737383938606,1.5095920899053838,0,0,0,0,-1.4525761808120046,-0.6151411045959733,1.359737383938606,1.0470381848293497,-0.2786833974172194,0.6948018523653642,-1.359737383938606,1.5095920899053838,0.14682027302029338,0.1424283884836859,-0.2271671073930737,0.19717570769295595,FALSE,28.158733129501343,"GRT-{PI, PS(A), DS}",-1.0546917711109791,-1.0546917711109791,1.3447031061496295,1.3447031061496295,-0.3001491453580737,0.7446327612945666,-1.5513610952049706,1.7428377188758049,0,0,0,0,-1.0546917711109791,-0.3001491453580737,FALSE,2.2154195308685303,"GRT-{PI, PS(A), DS}"
434,TRUE,0.0904386043548584,{DS},-0.3754617702355187,-0.9405436406054155,2.0190862005831423,0.768302158979812,-0.2470389907389774,0.8636956533670377,-0.575109281278438,1.2493462419630998,0.7555482629030215,0.4024538339361686,-0.24067807280245238,0.713127395465463,-0.3754617702355187,-0.9405436406054155,2.0190862005831423,0.768302158979812,-0.2470389907389774,0.8636956533670377,-0.575109281278438,1.2493462419630998,0.7555482629030215,0.4024538339361686,-0.24067807280245238,0.713127395465463,FALSE,29.979032278060913,"GRT-{1_RHO, PS(B), DS}",-0.48239543523525846,-0.9590910368445671,2.6810992618815828,0.7122901063669127,-0.4314697715185898,1.1067835201232146,-0.4314697715185898,1.1067835201232146,0.7808835398772758,0.7808835398772758,0.7808835398772758,0.7808835398772758,-0.48239543523525846,-0.4314697715185898,TRUE,2.555513381958008,"GRT-{1_RHO, PS(B), DS}"
435,FALSE,0.013153314590454102,ERROR: missing value where TRUE/FALSE needed,NA,NA,NA,NA,NA,NA,NA,NA,NA,NA,NA,NA,NA,NA,NA,NA,NA,NA,NA,NA,NA,NA,NA,NA,TRUE,30.750404834747314,"GRT-{PI, PS, DS}",-2.964298323841625,-2.964298323841625,0.17989674967667169,0.17989674967667169,-1.1436092208840258,-8.382532216171246e-4,-1.1436092208840258,-8.382532216171246e-4,0,0,0,0,-2.964298323841625,-1.1436092208840258,FALSE,2.765590190887451,"GRT-{PI, PS, DS}"
436,TRUE,0.10190629959106445,"{PI, DS}",-1.4525761808120043,-1.4894700423279408,1.7506860712521706,0.7435597568794304,0.21564010401258196,1.489470042327941,-0.9944578832097535,1.3676279233156887,0,0,0,0,-1.4525761808120046,-1.4894700423279408,1.7506860712521701,0.7435597568794309,0.21564010401258185,1.4894700423279408,-0.9944578832097534,1.3676279233156887,0.11209550919246188,-0.585900719807829,-0.4622524437442054,0.17430377360020058,FALSE,37.25653839111328,"GRT-{PI, PS(A), DS}",-1.8638649833585148,-1.8638649833585148,1.42602316603498,1.42602316603498,0.23927588881385103,1.9620133813495242,-1.1084908455063935,1.8266161349104924,0,0,0,0,-1.8638649833585148,0.23927588881385103,FALSE,3.974397659301758,"GRT-{PI, PS(A), DS}"
437,TRUE,0.09230780601501465,"{PI, PS, DS}",-1.0444087948725111,-1.0444087948725111,0.8648943585017937,0.8648943585017937,-1.0896619819460576,1.0896619816153565,-1.0896619819460576,1.0896619816153565,0,0,0,0,-1.0675705238781419,-1.0200762327862014,1.1107716166367858,0.6744897501960818,-1.0675705238781419,1.0200762327862019,-1.1107716166367856,1.1503493803760083,0.6816625362679237,-0.6674510374672261,-0.6939010741266662,0.4104153330031184,FALSE,28.693700790405273,"GRT-{PI, PS, DS}",-2.987195276050657,-2.987195276050657,1.3708354716065116,1.3708354716065116,-2.837494094677262,2.8590138760728996,-2.837494094677262,2.8590138760728996,0,0,0,0,-2.987195276050657,-2.837494094677262,FALSE,3.0715174674987793,"GRT-{PI, PS, DS}"
438,TRUE,0.0843362808227539,"{PI, PS, DS}",-1.1689488445314635,-1.1689488445314635,0.6744897448655991,0.6744897448655991,-1.0299567622085017,1.0853249078226452,-1.0299567622085017,1.0853249078226452,0,0,0,0,-1.1868314327558183,-1.150349380376008,0.4887764111146694,0.8416212335729144,-0.9288994916472709,1.150349380376008,-1.150349380376008,1.0364333894937894,0.556303499544542,-0.7045722710152325,-0.2970988063217434,0.27301715132400034,FALSE,30.75056004524231,"GRT-{PI, PS, DS}",-2.6763130978596945,-2.6763130978596945,0.9259744465740005,0.9259744465740005,-1.8846953597083025,1.814152815030341,-1.8846953597083025,1.814152815030341,0,0,0,0,-2.6763130978596945,-1.8846953597083025,TRUE,3.1026036739349365,"GRT-{PI, PS, DS}"
439,TRUE,0.10321331024169922,{DS},-1.5123895860676804,0.014745406527902743,1.6378677950692222,1.1061612853105838,-0.7267301101953673,0.22300783094036708,-2.0190862005831423,0.7344302317122144,0.5628223767836743,0.5202240347727003,-0.5298289737598845,0.6721022185761752,-1.5123895860676804,0.014745406527902743,1.6378677950692222,1.1061612853105838,-0.7267301101953673,0.22300783094036708,-2.0190862005831423,0.7344302317122144,0.5628223767836743,0.5202240347727003,-0.5298289737598845,0.6721022185761752,TRUE,28.053287744522095,"GRT-{1_RHO, DS}",-1.5724177008019355,0.015750118790048173,1.799484447865683,1.1584230783717524,-0.7397512159167912,0.22449231394527192,-2.4240403570222817,0.7626376681346678,0.5784078273980721,0.5784078273980721,0.5784078273980721,0.5784078273980721,-1.5724177008019355,-0.7397512159167912,FALSE,2.7340407371520996,"GRT-{1_RHO, DS}"
440,TRUE,0.08072876930236816,"{PI, PS, DS}",-0.34875569549538266,-0.34875569549538266,1.0299567622085015,1.0299567622085015,-1.1868314327520095,0.8871465517011271,-1.1868314327520095,0.8871465517011271,0,0,0,0,-0.43072729929545733,-0.2533471031357998,1.150349380376008,0.9288994916472706,-1.2206403488473498,0.6229257232100877,-1.150349380376008,1.1868314327558183,0.2528589769973585,-0.2057885339788495,-0.7045722710152325,0.556303499544542,FALSE,31.283922910690308,"GRT-{PI, PS, DS}",-0.46545831394912435,-0.46545831394912435,1.7660539955038228,1.7660539955038228,-2.6963723108817055,1.3900563018124528,-2.6963723108817055,1.3900563018124528,0,0,0,0,-0.46545831394912435,-2.6963723108817055,FALSE,3.1199967861175537,"GRT-{PI, PS, DS}"
441,TRUE,0.09328198432922363,"{1_RHO, DS}",-1.2370115556776538,-1.4695979320969663,1.867626274279566,0.6972995073490872,-0.7467058394566835,1.1249919483090491,-1.1592869462177873,0.3630593520293953,-0.530214807893739,-0.530214807893739,-0.530214807893739,-0.530214807893739,-1.2815515655446006,-1.4499989087404503,1.8696066471189026,0.6874435234498771,-0.7721932141886848,1.1153373577337862,-1.1597420454353518,0.356706584870012,-0.03925358269868865,-0.6943842806890687,-0.5143872518718938,-0.6650114958082933,TRUE,33.71371793746948,"GRT-{1_RHO, PS(B), DS}",-1.4622739533120277,-1.390149143345168,2.944330147513934,0.6161267928876177,-1.0887324732114148,0.7505864638812176,-1.0887324732114148,0.7505864638812176,-0.7969942224122772,-0.7969942224122772,-0.7969942224122772,-0.7969942224122772,-1.4622739533120277,-1.0887324732114148,TRUE,2.8768763542175293,"GRT-{1_RHO, PS(B), DS}"
442,TRUE,0.08585476875305176,"{PI, PS(A), DS}",-0.4307272990573665,-0.4307272990573665,1.1107716166268868,1.1107716166268868,-1.067570523878142,0.7363159173761296,-0.15731068461017095,-0.18001236979270524,0,0,0,0,-0.7916386077433748,-0.09655861528963956,1.1503493803760083,1.0675705238781417,-1.0675705238781419,0.7363159173761294,-0.15731068461017106,-0.1800123697927053,0.5030454531052463,-0.3819653527418089,-0.09553281135281899,-0.11398444546570144,TRUE,30.62546706199646,"GRT-{PI, PS(A), DS}",-0.6342635136779725,-0.6342635136779725,3.5017387051727273,3.5017387051727273,-2.829544365318002,1.237863628311895,-0.20873047568999148,-0.2535956684654166,0,0,0,0,-0.6342635136779725,-2.829544365318002,TRUE,3.1933135986328125,"GRT-{PI, PS(A), DS}"
443,TRUE,0.10566425323486328,{DS},-0.20465991857047638,-1.4557760251170173,1.636691646673399,0.3835679461489346,-0.30974253153853043,1.3351777361189368,-0.8295740369818277,0.31436115805143106,0.7955831510784713,-0.3688605096076291,-0.1976177152402954,0.7698428385454521,-0.20465991857047638,-1.4557760251170173,1.636691646673399,0.3835679461489346,-0.30974253153853043,1.3351777361189368,-0.8295740369818277,0.31436115805143106,0.7955831510784713,-0.3688605096076291,-0.1976177152402954,0.7698428385454521,TRUE,29.118342399597168,"GRT-{1_RHO, DS}",-0.21911744727145246,-1.7155057254548203,2.072569428718348,0.4160052629333334,-0.3410497450966837,1.5734504990633282,-0.8997653842339135,0.3412851935648346,0.7990515699924878,0.7990515699924878,0.7990515699924878,0.7990515699924878,-0.21911744727145246,-0.3410497450966837,TRUE,2.855034112930298,"GRT-{1_RHO, DS}"
444,TRUE,0.15648770332336426,"{1_RHO, DS}",-0.5235963307620695,-1.6232293033360945,1.701456913598664,1.0986585451122595,-0.329308025171898,0.5374170526475593,-0.42513169084705477,1.237553392391921,0.29408818525431174,0.29408818525431174,0.29408818525431174,0.29408818525431174,-0.5177235528176671,-1.6567947658159812,1.731664396122245,1.0853249080767589,-0.32631499200479436,0.5455637418225955,-0.43072729929545733,1.2206403488473498,0.5142165698129799,-0.26329065490407,-0.20152695924368041,0.6405003268837903,TRUE,27.467427730560303,"GRT-{1_RHO, PS(B), DS}",-0.6173707982891021,-2.937441741515333,2.7636655718235716,1.17511566194604,-0.4254493064488641,0.9448942428089773,-0.4254493064488641,0.9448942428089773,0.5937762532082034,0.5937762532082034,0.5937762532082034,0.5937762532082034,-0.6173707982891021,-0.4254493064488641,FALSE,2.407865524291992,"GRT-{PI, PS(B), DS}"
445,TRUE,0.09219694137573242,{DS},-1.1299355060420262,-0.4385095495586661,2.0619165008094624,2.092837798505774,-1.2700084150701356,0.1923633137225102,-0.7215222839823432,0.3487556955170448,0.5213169324287491,0.7235587860875512,-0.2972574186454912,0.14203020478120496,-1.1299355060420262,-0.4385095495586661,2.0619165008094624,2.092837798505774,-1.2700084150701356,0.1923633137225102,-0.7215222839823432,0.3487556955170448,0.5213169324287491,0.7235587860875512,-0.2972574186454912,0.14203020478120496,TRUE,26.6242196559906,"GRT-{1_RHO, PS(B), DS}",-1.068042727503009,-0.44157753154202606,2.7552019748052197,2.853978228822384,-1.05315194751,0.2772096751062756,-1.05315194751,0.2772096751062756,0.6738476851250486,0.6738476851250486,0.6738476851250486,0.6738476851250486,-1.068042727503009,-1.05315194751,FALSE,2.9706594944000244,"GRT-{1_RHO, PS(B), DS}"
446,TRUE,0.09444379806518555,"{PI, PS(A), DS}",-0.8416210460968115,-0.8416210460968115,0.7647096667888599,0.7647096667888599,-1.1243382315686392,1.1868314327558183,-0.22300783094036708,0.47950565333094997,0,0,0,0,-0.640666889919105,-1.1868314327558183,1.1868314327558183,0.47950565333094985,-1.124338231568639,1.1868314327558183,-0.223007830940367,0.47950565333094985,0.13102717481842835,-0.7140112120983823,-0.1330263581164036,0.4279944780835409,FALSE,28.48688316345215,"GRT-{PI, PS(A), DS}",-1.1468639596549204,-1.1468639596549204,1.0715441185456218,1.0715441185456218,-1.6117828028636143,2.8276327983096987,-0.29362734079998143,0.6029836551425685,0,0,0,0,-1.1468639596549204,-1.6117828028636143,FALSE,2.5616707801818848,"GRT-{PI, PS(A), DS}"
447,TRUE,0.1099858283996582,"{PS(A), DS}",-1.8027430912454576,-1.8027430912454576,1.2102304517737996,1.2102304517737996,-1.516112413268015,1.5176865807855409,-0.1610251617172945,1.9784235451404437,0.5189393715214607,-0.6935162689175004,0.5554684746445565,0.5379611328436096,-1.7568266072519052,-1.8627318674216518,1.157878603645024,1.262145176622808,-1.5079045914405589,1.5341205443525465,-0.17103336471311106,1.9956042965147927,0.5252866357812808,-0.6836489909104945,0.5620924361438104,0.5335319444412613,TRUE,34.96869397163391,"GRT-{1_RHO, PS(A), DS}",-2.422965671109302,-2.422965671109302,1.3404217145491808,1.3404217145491808,-1.7402427083470662,1.8322578128990772,-0.17000801543570976,3.603744473775668,0.6640092246413858,0.6640092246413858,0.6640092246413858,0.6640092246413858,-2.422965671109302,-1.7402427083470662,TRUE,3.478724241256714,"GRT-{1_RHO, PS(A), DS}"
448,TRUE,0.08896660804748535,"{PI, PS(A), DS}",-1.4260768722366548,-1.4260768722366548,0.8544473978002453,0.8544473978002453,-0.5659488219328631,1.3829941271006383,-1.5010859460440247,0.869423773288886,0,0,0,0,-1.4652337926855228,-1.3829941271006387,0.7279132908816446,1.0200762327862019,-0.5659488219328632,1.3829941271006385,-1.501085946044025,0.869423773288886,0.2966468288629509,-0.7582523705583522,-0.375715904613435,0.12945008381422096,FALSE,31.727050304412842,"GRT-{PI, PS(A), DS}",-3.0083895371894624,-3.0083895371894624,1.0566803522254298,1.0566803522254298,-0.6804001797217747,2.8903423316112953,-3.3094688326133106,1.096032709296362,0,0,0,0,-3.0083895371894624,-0.6804001797217747,FALSE,3.2095162868499756,"GRT-{PI, PS(A), DS}"
449,TRUE,0.12011003494262695,"{PS(A), DS}",-2.1958449303518632,-2.1958449303518632,2.3109913382560805,2.3109913382560805,-0.16126562981614834,1.5540735970857653,-0.8411702988639242,2.1423432999615217,0.06336023946913402,-0.36130889080059536,-0.31736772714134104,0.8117183721584014,-2.2844283551198723,-2.141198120972019,2.326347874040841,2.294895209243097,-0.16174282394302678,1.5507244109235792,-0.8416212335729139,2.136868414641336,0.06156083085643164,-0.36761418596939194,-0.31588298392926123,0.8142465931114024,TRUE,34.63357448577881,"GRT-{PI, PS(A), DS}",-2.3598300292567327,-2.3598300292567327,2.9644024102204716,2.9644024102204716,-0.167161280411554,1.6118165047461461,-0.8599165402877195,2.287101187543391,0,0,0,0,-2.3598300292567327,-0.167161280411554,TRUE,3.6842241287231445,"GRT-{1_RHO, PS(A), DS}"
450,TRUE,0.09133744239807129,"{PI, PS, DS}",-1.089661679808723,-1.089661679808723,1.0675649344398686,1.0675649344398686,-0.9674215661017013,1.0444083911358493,-0.9674215661017013,1.0444083911358493,0,0,0,0,-1.1107716166367858,-1.0675705238781417,1.1107716166367858,1.0200762327862019,-0.8416212335729143,1.0675705238781417,-1.1107716166367856,1.0200762327862019,0.5232955907866056,-0.6816625362679237,-0.6939010741266662,0.667451037467226,FALSE,26.07206106185913,"GRT-{PI, PS, DS}",-3.1678224838408404,-3.1678224838408404,3.1293916704838667,3.1293916704838667,-1.6931962811843575,3.0944261388755794,-1.6931962811843575,3.0944261388755794,0,0,0,0,-3.1678224838408404,-1.6931962811843575,FALSE,2.4924886226654053,"GRT-{PI, PS, DS}"
451,TRUE,0.09059309959411621,"{PS(A), DS}",-1.5986872601130406,-1.5986872601130406,0.3782254002322856,0.3782254002322856,-1.386996835907193,1.2447718592085981,-0.7152948848993302,0.6252701742648108,0.7775008138984394,-0.7126139244765081,-0.015981926384436723,0.39599653717747235,-1.6448536269514729,-1.5466352713992302,0.41190047703750454,0.34355257491007407,-1.4050715603096324,1.227826261311273,-0.7156187316026379,0.616394157264887,0.7713070259886297,-0.7197885335481263,-0.01592591957094737,0.3968123715708419,FALSE,44.21027231216431,"GRT-{PI, PS(A), DS}",-1.859838478704075,-1.859838478704075,0.3770538912135022,0.3770538912135022,-1.5227109482637682,1.3631620970976603,-0.739548738653917,0.6567889759566914,0,0,0,0,-1.859838478704075,-1.5227109482637682,FALSE,4.143986225128174,"GRT-{PI, PS(A), DS}"
452,TRUE,0.09650421142578125,"{PI, PS, DS}",-0.03798835123028126,-0.03798835123028126,0.9891686123544032,0.9891686123544032,-0.4578519310124952,1.1107716166268868,-0.4578519310124952,1.1107716166268868,0,0,0,0,0.07379127380827256,-0.15731068461017106,1.1868314327558183,0.7916386077433747,-0.07379127380827256,1.1503493803760083,-0.9288994916472707,1.0675705238781417,0.2806284185085759,-0.09553281135281899,-0.556311597848644,0.5030454531052463,TRUE,30.054760694503784,"GRT-{PI, PS, DS}",-0.06208593514897198,-0.06208593514897198,1.783624773614012,1.783624773614012,-0.6064038217371989,3.074771316838746,-0.6064038217371989,3.074771316838746,0,0,0,0,-0.06208593514897198,-0.6064038217371989,TRUE,3.019965648651123,"GRT-{PI, PS, DS}"
453,TRUE,0.079372406005859375,"{PI, PS, DS}",-0.03057339982090545,-0.03057339982090545,0.9982011248912626,0.9982011248912626,-0.576758564507706,1.3597373838439786,-0.576758564507706,1.3597373838439786,0,0,0,0,0.12566134685507427,-0.18001236979270532,0.8045963803603005,1.17498679206609,-0.5244005127080407,1.3091717167857773,-0.6336400007797013,1.4050715603096324,-0.10845413060637346,-0.10125538582394017,0.029628761871785984,0.6352650235725144,TRUE,25.051238298416138,"GRT-{PI, PS, DS}",-0.04953091684128972,-0.04953091684128972,1.3749916808287554,1.3749916808287554,-0.7495777637036248,2.704365115040271,-0.7495777637036248,2.704365115040271,0,0,0,0,-0.04953091684128972,-0.7495777637036248,TRUE,2.2749531269073486,"GRT-{PI, PS, DS}"
454,TRUE,0.07918691635131836,"{PI, PS, DS}",-0.2822161470625083,-0.2822161470625083,0.8045947351713111,0.8045947351713111,-0.8045947351713111,0.7647096737863872,-0.8045947351713111,0.7647096737863872,0,0,0,0,-0.7647096737863873,0.13971029888186182,0.8416212335729143,0.7647096737863874,-0.7647096737863873,0.7647096737863873,-0.8416212335729141,0.7647096737863874,0.5748985383077924,0.10427265868893047,-0.6059689821556407,0.5748985383077923,FALSE,24.384928464889526,"GRT-{PI, PS, DS}",-0.514558205067046,-0.514558205067046,3.4787735683313596,3.4787735683313596,-2.9870834163176534,2.780026409762037,-2.9870834163176534,2.780026409762037,0,0,0,0,-0.514558205067046,-2.9870834163176534,FALSE,2.348097085952759,"GRT-{PI, PS, DS}"
455,TRUE,0.06912970542907715,"{PI, PS, DS}",-0.2474012574163766,-0.2474012574163766,0.5147301904704321,0.5147301904704321,-1.7217965324007263,0.8591751295923765,-1.7217965324007263,0.8591751295923765,0,0,0,0,-0.08365173390712922,-0.4307272992954575,0.39359841579692356,0.6744897501960819,-1.7012881668522597,0.9674215661017013,-1.7412906000251964,0.7554150263604692,0.03961806056653453,-0.4003700254730814,-0.18342995131676507,0.599856948311707,FALSE,27.078264474868774,"GRT-{PI, PS, DS}",-0.27076669470037407,-0.27076669470037407,0.5773413835097193,0.5773413835097193,-3.011308414573959,0.9887123553700681,-3.011308414573959,0.9887123553700681,0,0,0,0,-0.27076669470037407,-3.011308414573959,FALSE,2.711911201477051,"GRT-{PI, PS, DS}"
456,TRUE,0.07048892974853516,"{PI, PS, DS}",-0.7363159173761296,-0.7363159173761296,0.8416123309977238,0.8416123309977238,-0.869423773288886,0.8416016364945987,-0.869423773288886,0.8416016364945987,0,0,0,0,-0.7363159173761297,-0.7363159173761298,0.7363159173761296,0.9674215661017013,-0.7363159173761297,1.0200762327862016,-1.0200762327862016,0.6744897501960817,0.8021333846355112,-0.4794035043780572,-0.47940350437805723,0.4513682437352343,FALSE,35.06438875198364,"GRT-{1_RHO, PS, DS}",-1.473545452834809,-1.473545452834809,1.7098226509266332,1.7098226509266332,-1.489590745052245,1.2613100689539913,-1.489590745052245,1.2613100689539913,1,1,1,1,-1.473545452834809,-1.489590745052245,FALSE,3.5567619800567627,"GRT-{1_RHO, PS, DS}"
457,TRUE,0.1626734733581543,"{PS(A), DS}",-0.8572543202211776,-0.8572543202211776,1.586520175117311,1.586520175117311,-2.4460227567240107,0.6914919312652641,-1.547779465968643,2.2569639957647776,0.0929551464306429,-0.539371528733409,-0.3457690118574145,0.3475575245670527,-0.9264658516732819,-0.7902910744987308,1.5265291754181074,1.680770891921985,-2.449354037705008,0.6701655007363667,-1.5400866557533714,2.270094398204067,0.09167861092383664,-0.5445625415758227,-0.3516010024310185,0.33803597327298723,FALSE,35.1433629989624,"GRT-{1_RHO, PS(A), DS}",-0.8739326351586104,-0.8739326351586104,1.6159642902183204,1.6159642902183204,-2.662324608752991,0.6960284749855044,-1.5743850097250263,2.437028556983382,-0.4872354177306024,-0.4872354177306024,-0.4872354177306024,-0.4872354177306024,-0.8739326351586104,-2.662324608752991,TRUE,3.1135029792785645,"GRT-{1_RHO, PS(A), DS}"
458,TRUE,0.08157134056091309,"{PI, PS, DS}",-1.031976056213824,-1.031976056213824,0.3722886789348925,0.3722886789348925,-2.0346626869611364,1.719157251287216,-2.0346626869611364,1.719157251287216,0,0,0,0,-1.0341302659571427,-1.0299567622253682,0.3388883015533143,0.4099833221873371,-2.0236055582676937,1.549705900736589,-2.045390989873288,2.00042356910598,0.43233025428846694,-0.03177742581687868,-0.14042600030117916,0.17274906474233973,FALSE,33.87426543235779,"GRT-{PI, PS, DS}",-1.1029867084018807,-1.1029867084018807,0.3862990249489042,0.3862990249489042,-2.765281568025004,2.041596157740016,-2.765281568025004,2.041596157740016,0,0,0,0,-1.1029867084018807,-2.765281568025004,FALSE,3.3227994441986084,"GRT-{1_RHO, PS, DS}"
459,FALSE,0.074031829833984375,ERROR: x appears to be not positive definite,NA,NA,NA,NA,NA,NA,NA,NA,NA,NA,NA,NA,NA,NA,NA,NA,NA,NA,NA,NA,NA,NA,NA,NA,FALSE,30.83261799812317,"GRT-{PS(A), DS}",-0.6173841218589897,-0.6173841218589897,0.9496272114954023,0.9496272114954023,-1.796464536812146,1.3154502351509356,-2.1877090082475044,0.19085318123962702,0.07201745579876691,0.9698177752073205,-0.37369162312035675,-1,-0.6173841218589897,-1.796464536812146,TRUE,2.8999404907226562,"GRT-{PS(A), DS}"
460,FALSE,0.008188486099243164,ERROR: missing value where TRUE/FALSE needed,NA,NA,NA,NA,NA,NA,NA,NA,NA,NA,NA,NA,NA,NA,NA,NA,NA,NA,NA,NA,NA,NA,NA,NA,TRUE,17.77047324180603,"GRT-{PI, PS, DS}",0.0010574862549683915,0.0010574862549683915,2.9653653195219825,2.9653653195219825,0.00865666326856769,4.207492732387735,0.00865666326856769,4.207492732387735,0,0,0,0,0.0010574862549683915,0.00865666326856769,TRUE,1.9891023635864258,"GRT-{PI, PS, DS}"
461,TRUE,0.07453727722167969,"{PI, PS, DS}",-0.8761417412376005,-0.8761417412376005,0.8415996212595379,0.8415996212595379,-0.8045947351713111,0.6045853465832371,-0.8045947351713111,0.6045853465832371,0,0,0,0,-0.841621233572914,-0.9084578685373851,0.7647096737863873,0.9084578685373852,-0.841621233572914,0.3487556955170449,-0.7647096737863872,0.9084578685373852,0.6059689821556404,-0.24034401709941802,-0.5748985383077923,0.6306122827269622,FALSE,25.780044555664062,"GRT-{PI, PS, DS}",-4.012904325511398,-4.012904325511398,4.871459772533635,4.871459772533635,-4.828077047957005,1.1022882234428302,-4.828077047957005,1.1022882234428302,0,0,0,0,-4.012904325511398,-4.828077047957005,FALSE,2.4746956825256348,"GRT-{PI, PS, DS}"
462,TRUE,0.07581162452697754,"{PI, PS, DS}",-1.4260768722366546,-1.4260768722366546,1.162831290156628,1.162831290156628,-1.3829941271006385,0.3124257529963264,-1.3829941271006385,0.3124257529963264,0,0,0,0,-1.3829941271006385,-1.4652337926855228,1.3829941271006385,0.9944578832097533,-1.3829941271006385,0.36610635680056997,-1.3829941271006387,0.25334710313580006,0.7582523705583519,-0.19181698186379556,-0.7582523705583522,-0.2644663023277346,FALSE,30.44461727142334,"GRT-{PI, PS, DS}",-2.7259975873198643,-2.7259975873198643,1.6919872307327912,1.6919872307327912,-2.6915434942034517,0.3601298831317661,-2.6915434942034517,0.3601298831317661,0,0,0,0,-2.7259975873198643,-2.6915434942034517,FALSE,2.8704371452331543,"GRT-{PI, PS, DS}"
463,TRUE,0.10977625846862793,"{PI, PS, DS}",-1.1503493803699507,-1.1503493803699507,1.0099901676061809,1.0099901676061809,-1.1503493803699507,0.6744897296523327,-1.1503493803699507,0.6744897296523327,0,0,0,0,-1.1107716166367858,-1.186831432755818,1.186831432755818,0.8416212335729142,-1.1107716166367858,1.186831432755818,-1.186831432755818,0.2533471031357998,0.6939010741266662,-0.7139758227015005,-0.7139758227015005,-0.12486152261762744,FALSE,33.05575251579285,"GRT-{PI, PS, DS}",-2.9845477174672155,-2.9845477174672155,1.784700192098164,1.784700192098164,-3.2046827210935933,0.9524716912561426,-3.2046827210935933,0.9524716912561426,0,0,0,0,-2.9845477174672155,-3.2046827210935933,FALSE,3.440718412399292,"GRT-{PI, PS, DS}"
464,TRUE,0.12718915939331055,"{PI, PS, DS}",-0.8416212335729144,-0.8416212335729144,0.43072729929545767,0.43072729929545767,-0.47950565289553,0.8045963803592113,-0.47950565289553,0.8045963803592113,0,0,0,0,-0.8416212335729144,-0.8416212335729141,0.7647096737863873,0.13971029888186182,-0.25334710313579956,0.8416212335729143,-0.7647096737863872,0.7647096737863873,0.18108103858062582,-0.6059689821556407,-0.5748985383077923,0.10427265868893047,FALSE,29.301169395446777,"GRT-{PI, PS, DS}",-2.755926274644592,-2.755926274644592,0.8416639157076489,0.8416639157076489,-0.898661542450251,3.5015304328593877,-0.898661542450251,3.5015304328593877,0,0,0,0,-2.755926274644592,-0.898661542450251,TRUE,3.303171396255493,"GRT-{PI, PS, DS}"
465,FALSE,0.06580543518066406,ERROR: x appears to be not positive definite,NA,NA,NA,NA,NA,NA,NA,NA,NA,NA,NA,NA,NA,NA,NA,NA,NA,NA,NA,NA,NA,NA,NA,NA,TRUE,34.63607168197632,"GRT-{1_RHO, PS(A), DS}",-1.8444571778229186,-1.8444571778229186,0.23447687768825198,0.23447687768825198,-2.502917401046412,2.0223262053035347,-0.3929296626589216,-0.03345263670088938,0.1654960607202839,0.1654960607202839,0.1654960607202839,0.1654960607202839,-1.8444571778229186,-2.502917401046412,TRUE,3.4042534828186035,"GRT-{1_RHO, PS(A), DS}"
466,TRUE,0.09839844703674316,"{PS, DS}",-0.5416905618256523,-0.5416905618256523,1.3191834474606778,1.3191834474606778,-1.3416931393497915,1.195014588466931,-1.3416931393497915,1.195014588466931,0.471893850013136,-0.5474815166679193,-0.7663117101418716,0.7509667659021844,-0.8694237732888859,-0.21042839424792484,1.3829941271006385,1.335177736118937,-1.4260768722728474,0.9674215661017012,-1.3829941271006387,1.335177736118937,0.4643705100798396,-0.5363608781660265,-0.7582523705583522,0.7483560128963014,FALSE,32.51488375663757,"GRT-{1_RHO, PS, DS}",-0.6896158450957061,-0.6896158450957061,2.7700053036375607,2.7700053036375607,-3.32764648775411,1.7334899725480413,-3.32764648775411,1.7334899725480413,-0.9823088315429868,-0.9823088315429868,-0.9823088315429868,-0.9823088315429868,-0.6896158450957061,-3.32764648775411,FALSE,2.713893175125122,"GRT-{1_RHO, PS, DS}"
467,TRUE,0.07356691360473633,"{PS, DS}",4.0283284665411275e-4,4.0283284665411275e-4,0.41123471661043287,0.41123471661043287,-0.3298851479288862,1.327679930207343,-0.3298851479288862,1.327679930207343,-0.7158019134590168,-0.1548213392383227,0.5483109322588658,0.14582072701356089,0.22988411757923188,-0.3029804480562066,0.5024022233733559,0.2759210631079598,-0.34875569551704483,1.3091717167857773,-0.39572529581448734,1.3597373839386058,-0.7406187548780769,-0.17045319689924648,0.5428300535619552,0.1516151344291612,FALSE,27.90106201171875,"GRT-{PI, PS, DS}",-0.028894930810334004,-0.028894930810334004,0.4540715750946438,0.4540715750946438,-0.43169069837013674,2.9018674296309186,-0.43169069837013674,2.9018674296309186,0,0,0,0,-0.028894930810334004,-0.43169069837013674,TRUE,3.473161458969116,"GRT-{PI, PS, DS}"
468,TRUE,0.09392690658569336,"{1_RHO, PS(A), DS}",-2.4831979300122855,-2.4831979300122855,2.0742160877326032,2.0742160877326032,-0.7336166003459772,1.2321919933406735,-0.7521243938923743,2.3752821401147117,0.19505469688722452,0.19505469688722452,0.19505469688722452,0.19505469688722452,-2.5688357277383953,-2.4303810455389203,1.9834372299608412,2.19284450654829,-0.734596887709209,1.23402236594659,-0.7535755988596435,2.3718533294120725,0.10607903699052341,-0.14513761036876707,0.2922599271234118,0.5445869420278893,FALSE,41.15532922744751,"GRT-{PI, PS(A), DS}",-2.443082129236339,-2.443082129236339,2.086771811431968,2.086771811431968,-0.7346522698484715,1.2394649642239055,-0.7784407186047111,2.343024410117617,0,0,0,0,-2.443082129236339,-0.7346522698484715,FALSE,3.6840767860412598,"GRT-{PI, PS(A), DS}"
469,TRUE,0.10844588279724121,"{PS(A), DS}",-2.215495718357498,-2.215495718357498,1.3844073284688747,1.3844073284688747,-2.167849135996397,1.1733142474323195,-0.8333695784665999,1.3447407488191772,0.6361378764056513,-0.4583684128426803,-0.6702307061311462,0.05106527681595975,-2.1538746940614564,-2.3129499950314987,1.4709510776212786,1.3133806146161413,-2.1538746940614564,1.179141165785536,-0.8572543202211783,1.343517455854033,0.6465928815323204,-0.44475592369893124,-0.6584566330873903,0.052099798638946884,TRUE,35.098002910614014,"GRT-{1_RHO, PS(A), DS}",-2.4490975549274796,-2.4490975549274796,1.4683872537461942,1.4683872537461942,-2.3689539330485267,1.203371084757483,-0.8711910920126253,1.382201503133079,-0.4258985020909138,-0.4258985020909138,-0.4258985020909138,-0.4258985020909138,-2.4490975549274796,-2.3689539330485267,TRUE,3.3117787837982178,"GRT-{1_RHO, PS(A), DS}"
470,FALSE,0.06508111953735352,ERROR: x appears to be not positive definite,NA,NA,NA,NA,NA,NA,NA,NA,NA,NA,NA,NA,NA,NA,NA,NA,NA,NA,NA,NA,NA,NA,NA,NA,TRUE,28.396416902542114,"GRT-{1_RHO, PS(A), DS}",-0.648307543279531,-0.648307543279531,1.410751376383529,1.410751376383529,0.09261339138541194,0.17285112780520856,-3.015431825356241,-0.19178943402234058,-0.6958404271431172,-0.6958404271431172,-0.6958404271431172,-0.6958404271431172,-0.648307543279531,0.09261339138541194,FALSE,3.5348386764526367,"GRT-{1_RHO, PS(A), DS}"
471,TRUE,0.10415863990783691,"{PS(A), DS}",-1.9104541351342932,-1.9104541351342932,-0.009016770648883893,-0.009016770648883893,-1.9661371074822998,0.468614668723865,-2.2020715875823234,1.3150246492183573,0.48060705198892695,-0.01659474212402082,-0.023701836883508073,-0.5162583715298595,-1.7568266072519052,-2.102574755575267,0.060541784141173276,-0.08491265980791544,-1.937931510852829,0.4690229182791407,-2.2031212063800028,1.3393673045608443,0.5016749942924511,-0.015558572185960868,-0.023701993867946837,-0.5191102902334549,TRUE,36.613500356674194,"GRT-{1_RHO, PS(A), DS}",-2.0961975645217725,-2.0961975645217725,0.0014158162948620934,0.0014158162948620934,-2.2223335716351573,0.4702676896176752,-4.1595459297829755,1.4017951448822412,-0.4967564869713474,-0.4967564869713474,-0.4967564869713474,-0.4967564869713474,-2.0961975645217725,-2.2223335716351573,TRUE,3.7177417278289795,"GRT-{PI, PS(A), DS}"
472,TRUE,0.14559221267700195,"{PI, PS(A), DS}",-1.4191881920900855,-1.4191881920900855,1.721786516696267,1.721786516696267,-1.4260768722728474,1.6198562586382697,-1.4157020938005063,0.7304481769981662,0,0,0,0,-1.4260768722728474,-1.4121875789061642,1.7598610279335336,1.679661185315815,-1.4260768722728474,1.6198562586382699,-1.4157020938005063,0.7304481769981662,0.565801018575226,-0.6952793823841996,-0.657053942744734,0.34931248063624426,FALSE,42.151323318481445,"GRT-{PI, PS(A), DS}",-1.9250739989392067,-1.9250739989392067,4.043510300256434,4.043510300256434,-1.964608563255424,2.792146240460295,-1.702039927797961,0.8521418167811177,0,0,0,0,-1.9250739989392067,-1.964608563255424,FALSE,4.805792331695557,"GRT-{PI, PS(A), DS}"
473,TRUE,0.08058953285217285,"{PI, PS, DS}",-1.3597373839382396,-1.3597373839382396,0.4700799854197126,0.4700799854197126,-1.2581615608046528,1.012893328851678,-1.2581615608046528,1.012893328851678,0,0,0,0,-1.335177736118937,-1.3829941271006385,0.6151411045959736,0.3029804480562061,-1.335177736118937,0.8122178014999132,-1.1983797023069247,1.3091717167857773,0.7483560128963014,-0.4423139374482945,-0.11066682204229662,0.17045319150049806,FALSE,33.87239694595337,"GRT-{PI, PS, DS}",-2.2667581089969273,-2.2667581089969273,0.5714242773658342,0.5714242773658342,-2.035360517443294,1.398081499872701,-2.035360517443294,1.398081499872701,0,0,0,0,-2.2667581089969273,-2.035360517443294,FALSE,3.6239278316497803,"GRT-{PI, PS, DS}"
474,TRUE,0.07927536964416504,"{PI, PS, DS}",-1.0200762327861972,-1.0200762327861972,0.6744897501960818,0.6744897501960818,-0.9856104166666991,0.19920132471320612,-0.9856104166666991,0.19920132471320612,0,0,0,0,-1.0031479676625341,-1.0364333894937896,0.7647096737863875,0.5894557978497785,-1.2521195202652196,0.5244005127080407,-0.7647096737863874,-0.13971029888186187,0.5822116783853888,-0.06067683803003533,-0.06823024259849814,-0.6805204730561403,TRUE,32.338189125061035,"GRT-{PI, PS, DS}",-1.564341025778701,-1.564341025778701,0.9293951698390333,0.9293951698390333,-1.496967759019551,0.2466350906618353,-1.496967759019551,0.2466350906618353,0,0,0,0,-1.564341025778701,-1.496967759019551,FALSE,3.337538480758667,"GRT-{PI, PS, DS}"
475,TRUE,0.09761214256286621,"{PS(A), DS}",-2.0247266322160344,-2.0247266322160344,1.2865512957412784,1.2865512957412784,-1.5022089121715927,0.32462711630035207,-0.2928302991046504,0.5808156331809256,0.3626744175892605,-0.13554687303671878,-0.354515217863388,0.7365148471840504,-2.045390989873288,-2.002809497005979,1.1963014391468791,1.4157020938005065,-1.5037216153296116,0.32423158413730274,-0.28069105722676924,0.6189524070777612,0.3603325050017877,-0.13648882608916948,-0.3625917467044269,0.719391850418286,TRUE,36.22926163673401,"GRT-{PI, PS(A), DS}",-2.460459979027103,-2.460459979027103,1.334716904248522,1.334716904248522,-1.561962673667874,0.3330354729617939,-0.2779602474565803,0.6435093270925678,0,0,0,0,-2.460459979027103,-1.561962673667874,FALSE,3.8574841022491455,"GRT-{PI, PS(A), DS}"
476,FALSE,0.037662506103515625,ERROR: x appears to be not positive definite,NA,NA,NA,NA,NA,NA,NA,NA,NA,NA,NA,NA,NA,NA,NA,NA,NA,NA,NA,NA,NA,NA,NA,NA,TRUE,31.682658672332764,"GRT-{1_RHO, PS(A), DS}",-2.469865010319656,-2.469865010319656,1.5977466714055928,1.5977466714055928,-1.450023194704034,2.6863088784773534,-1.5285324240241684,0.9445004118050617,-0.22021612595312806,-0.22021612595312806,-0.22021612595312806,-0.22021612595312806,-2.469865010319656,-1.450023194704034,TRUE,3.1141726970672607,"GRT-{1_RHO, PS(A), DS}"
477,TRUE,0.08213639259338379,"{PI, PS, DS}",-1.1309776082451284,-1.1309776082451284,0.4637077514566419,0.4637077514566419,-0.6229257232100875,0.7018725890871861,-0.6229257232100875,0.7018725890871861,0,0,0,0,-1.1107716166367858,-1.1503493803760083,0.43072729929545744,0.5024022233733559,-0.43072729929545756,0.8871465590188763,-0.8416212335729142,0.5024022233733559,0.2670033104018593,-0.5408741455790097,3.583540533540722e-17,-0.14599553610717358,TRUE,27.5727059841156,"GRT-{PI, PS, DS}",-2.75446941016772,-2.75446941016772,0.6754193321529365,0.6754193321529365,-0.9006546989482072,1.0625545440665787,-0.9006546989482072,1.0625545440665787,0,0,0,0,-2.75446941016772,-0.9006546989482072,FALSE,2.2293667793273926,"GRT-{PI, PS, DS}"
478,TRUE,0.08801603317260742,"{PI, PS(A), DS}",-1.5720367395730785,-1.5720367395730785,1.4557760031035962,1.4557760031035962,-0.5413950851290881,0.483738553046103,-0.23421919391461957,1.4652337926855228,0,0,0,0,-1.564726471361799,-1.5792195192835747,1.4461035929181756,1.4652337926855228,-0.5413950851290874,0.4837385530461031,-0.23421919391461954,1.4652337926855228,0.2716678300489229,-0.24120530594967243,-0.12374608466972167,0.7740834464240824,FALSE,25.802275896072388,"GRT-{PI, PS(A), DS}",-2.997307948246563,-2.997307948246563,3.3987847579300325,3.3987847579300325,-0.5988459388071593,0.5589605281764228,-0.28262193045933603,2.9873692167885175,0,0,0,0,-2.997307948246563,-0.5988459388071593,FALSE,2.3261330127716064,"GRT-{PI, PS(A), DS}"
479,TRUE,0.0668480396270752,"{PI, PS, DS}",-0.21042839333557695,-0.21042839333557695,0.47278912099226705,0.47278912099226705,-0.9674215660490891,0.9084578685373851,-0.9674215660490891,0.9084578685373851,0,0,0,0,0.09655861528963926,-0.604585346583237,0.3487556955170449,0.6045853465832369,-1.0200762327862019,0.9084578685373851,-0.9084578685373851,0.9084578685373851,-0.06265311883768934,-0.4174811802477517,-0.24034401709941802,0.41748118024775166,FALSE,25.403873443603516,"GRT-{PI, PS, DS}",-0.31350469542550924,-0.31350469542550924,0.7992241983476795,0.7992241983476795,-3.677084541189451,2.763583403033192,-3.677084541189451,2.763583403033192,0,0,0,0,-0.31350469542550924,-3.677084541189451,FALSE,2.877963066101074,"GRT-{PI, PS, DS}"
480,TRUE,0.07771587371826172,"{PS(A), DS}",-0.9674215689671494,-0.9674215689671494,1.9346740800992506,1.9346740800992506,-1.3005243003222626,1.567989866072528,-0.15025782472497232,2.036085797629265,0.6357247724553783,0.06507959254845046,-0.24617871847017733,0.8888585964183348,-1.009990169249582,-0.9345892910734802,2.00042356910598,1.876358561894595,-1.3180108973035367,1.5689196324989265,-0.15250597424624424,2.00042356910598,0.6325844399733187,0.0655890243374246,-0.2410338548699296,0.8938022881517691,TRUE,34.94097566604614,"GRT-{1_RHO, PS(A), DS}",-1.032089391278783,-1.032089391278783,2.335027955199907,2.335027955199907,-1.4380899206706903,1.730152547252999,-0.15286790891661006,2.4670713602865,0.48308491996853525,0.48308491996853525,0.48308491996853525,0.48308491996853525,-1.032089391278783,-1.4380899206706903,TRUE,3.6561012268066406,"GRT-{1_RHO, PS(A), DS}"
481,TRUE,0.09723043441772461,"{PI, PS(A), DS}",-1.3136132775546907,-1.3136132775546907,1.7197891214055359,1.7197891214055359,-1.8557299227201107,1.8627318674216515,-0.9027347916438653,1.1610685209816871,0,0,0,0,-1.3091717167857773,-1.318010897303537,1.6448536269514729,1.8107766086044805,-1.8557299227201105,1.8627318674216515,-0.9027347916438654,1.1610685209816876,0.5842092536779756,-0.5865554305580608,-0.2338808501288144,0.5271102690208143,TRUE,34.21426510810852,"GRT-{PI, PS(A), DS}",-1.4907553995145764,-1.4907553995145764,2.2992306353643865,2.2992306353643865,-2.7469603941779983,3.690417891195203,-0.9839379251602616,1.3090671847047055,0,0,0,0,-1.4907553995145764,-2.7469603941779983,FALSE,3.490173816680908,"GRT-{PI, PS(A), DS}"
482,TRUE,0.09695291519165039,"{PS(A), DS}",-1.5471486242580217,-1.5471486242580217,0.7742626093878687,0.7742626093878687,-1.7960653725349012,2.0075348316009074,-2.066786296079679,0.8023481561215969,0.466952378516535,-0.6120118043474626,-0.33277882394451347,-0.5077001317983154,-1.6198562586382697,-1.4589520223628258,0.8080746339118066,0.7363159173761296,-1.8107766086044808,1.9756646505355229,-2.073828534496725,0.8106226289783308,0.45827662480305087,-0.6218932695296522,-0.3315003130565413,-0.5113513552815641,FALSE,30.634366750717163,"GRT-{1_RHO, PS(A), DS}",-1.7274540505847227,-1.7274540505847227,0.8194525222662759,0.8194525222662759,-2.067860003138832,2.856823711166463,-4.194647167698486,0.835822554043673,-1,-1,-1,-1,-1.7274540505847227,-2.067860003138832,TRUE,3.430633068084717,"GRT-{1_RHO, PS(A), DS}"
483,TRUE,0.07692575454711914,"{1_RHO, PS(A), DS}",-1.092012470990561,-1.092012470990561,-0.1825065104789632,-0.1825065104789632,-0.15303526880924034,1.0440102530979223,-1.5307255783287161,1.9851332887592645,-0.28157280732836915,-0.28157280732836915,-0.28157280732836915,-0.28157280732836915,-1.1363408192553905,-1.042246741832409,-0.06117541103855118,-0.2933812321211937,-0.1462539338043103,1.042246741832409,-1.5466352713992306,2.0145097338143483,-0.4237788076175256,-0.08761979416507087,-0.3690327433830759,-0.12296339376191454,TRUE,25.37319254875183,"GRT-{PI, PS(A), DS}",-1.1851679353811833,-1.1851679353811833,-0.18258358252505524,-0.18258358252505524,-0.1253194722087915,1.131238608636912,-1.8611930473123641,2.7466049298097004,0,0,0,0,-1.1851679353811833,-0.1253194722087915,TRUE,2.3262133598327637,"GRT-{1_RHO, PS(A), DS}"
484,FALSE,0.014716148376464844,ERROR: missing value where TRUE/FALSE needed,NA,NA,NA,NA,NA,NA,NA,NA,NA,NA,NA,NA,NA,NA,NA,NA,NA,NA,NA,NA,NA,NA,NA,NA,FALSE,27.305429220199585,"GRT-{PI, PS(A), DS}",-1.074543159811621,-1.074543159811621,-0.18185031434621457,-0.18185031434621457,-0.8769893013179418,2.85787048915063,-2.6841468830360466,-0.38138471020587117,0,0,0,0,-1.074543159811621,-0.8769893013179418,FALSE,2.5613441467285156,"GRT-{PI, PS(A), DS}"
485,TRUE,0.08447623252868652,"{PI, PS, DS}",-0.3487556955170449,-0.3487556955170449,0.9811259961576707,0.9811259961576707,-0.8871465576243613,1.2206403488315036,-0.8871465576243613,1.2206403488315036,0,0,0,0,-0.2298841175792319,-0.47278912099226744,1.0200762327862019,0.9388143168769034,-0.7478585947633024,1.0968035620935133,-1.0200762327862019,1.3597373839386058,-0.017656686016363943,-0.026311824783931324,-0.23406691249516806,0.5172281073405449,FALSE,27.053741931915283,"GRT-{PI, PS, DS}",-0.43472133688848236,-0.43472133688848236,1.2867623993240562,1.2867623993240562,-1.1449919363434384,1.9117821139218392,-1.1449919363434384,1.9117821139218392,0,0,0,0,-0.43472133688848236,-1.1449919363434384,FALSE,3.393763780593872,"GRT-{PI, PS, DS}"
486,TRUE,0.09166836738586426,"{PI, PS(A), DS}",-0.7916386053610849,-0.7916386053610849,1.1107716166268868,1.1107716166268868,-0.25334710313579994,-0.09655861528963945,-0.8871465590188765,0.7916386077433748,0,0,0,0,-0.6229257232100877,-1.0200762327862019,1.150349380376008,1.0675705238781417,-0.2533471031357998,-0.09655861528963951,-0.8871465590188763,0.7916386077433747,-0.32057131159649604,0.06265311883768916,-0.5408794566145192,0.5030454531052463,FALSE,33.258172035217285,"GRT-{PI, PS, DS}",-1.2787302037863242,-1.2787302037863242,2.662224420896727,2.662224420896727,-0.7679289867477436,0.48128510512435085,-0.7679289867477436,0.48128510512435085,0,0,0,0,-1.2787302037863242,-0.7679289867477436,FALSE,3.1293435096740723,"GRT-{PI, PS, DS}"
487,TRUE,0.07487940788269043,"{1_RHO, PS(A), DS}",-0.2313680456101969,-0.2313680456101969,1.3686371556858035,1.3686371556858035,-0.6110934275881721,0.32472702831478006,-0.38805576317385937,1.0518142235932286,0.33353386264562,0.33353386264562,0.33353386264562,0.33353386264562,-0.26906613785431416,-0.199201324789267,1.4260768722728472,1.3517022399306613,-0.604585346583237,0.33603814037182284,-0.39572529581448734,1.0491313979639716,0.7159093277995391,0.15995754460603184,-0.21101208664162602,0.3541940529993279,TRUE,30.976834058761597,"GRT-{1_RHO, PS, DS}",-0.2069213204807497,-0.2069213204807497,1.9402456463583395,1.9402456463583395,-0.614117916368371,0.7166270611112182,-0.614117916368371,0.7166270611112182,0.3933443363577347,0.3933443363577347,0.3933443363577347,0.3933443363577347,-0.2069213204807497,-0.614117916368371,FALSE,3.580399513244629,"GRT-{1_RHO, PS, DS}"
488,FALSE,0.05273270606994629,ERROR: x appears to be not positive definite,NA,NA,NA,NA,NA,NA,NA,NA,NA,NA,NA,NA,NA,NA,NA,NA,NA,NA,NA,NA,NA,NA,NA,NA,TRUE,26.730467796325684,"GRT-{1_RHO, PS(A), DS}",-0.19927539034577632,-0.19927539034577632,0.7239116874829162,0.7239116874829162,-1.0379777920306663,3.4983264939372027,-3.954607389648415,1.955845515653537,0.6895434438296141,0.6895434438296141,0.6895434438296141,0.6895434438296141,-0.19927539034577632,-1.0379777920306663,TRUE,2.872410535812378,"GRT-{1_RHO, PS(A), DS}"
489,FALSE,0.014507532119750977,ERROR: missing value where TRUE/FALSE needed,NA,NA,NA,NA,NA,NA,NA,NA,NA,NA,NA,NA,NA,NA,NA,NA,NA,NA,NA,NA,NA,NA,NA,NA,TRUE,32.00348091125488,"GRT-{1_RHO, PS(A), DS}",-1.710415565815489,-1.710415565815489,-0.09339300140135065,-0.09339300140135065,-0.277327003752507,3.6838594473265953,-3.8955426249413225,0.04271291029045243,0.7947753910890075,0.7947753910890075,0.7947753910890075,0.7947753910890075,-1.710415565815489,-0.277327003752507,FALSE,3.0132510662078857,"GRT-{PI, PS(A), DS}"
490,TRUE,0.10282707214355469,"{PI, PS(A), DS}",-1.9053266293849083,-1.9053266293849083,1.731635109557078,1.731635109557078,-1.22871659447705,1.564726471361799,-0.33603814037182317,0.5659488219328631,0,0,0,0,-1.9205020017675463,-1.8895099603334304,1.6198562586382694,1.8557299227201103,-1.22871659447705,1.564726471361799,-0.3360381403718231,0.5659488219328632,0.5344308143880768,-0.6900930594030995,0.04619594211714318,0.2520547091858907,FALSE,34.88222908973694,"GRT-{PI, PS(A), DS}",-2.7402671772107365,-2.7402671772107365,2.3692742545702683,2.3692742545702683,-1.3199433437714656,1.821376182874866,-0.3635979184777247,0.6086979553023553,0,0,0,0,-2.7402671772107365,-1.3199433437714656,TRUE,3.2153046131134033,"GRT-{PI, PS(A), DS}"
491,TRUE,0.09930849075317383,"{PS(A), DS}",-1.0303144474193773,-1.0303144474193773,1.1886987094957593,1.1886987094957593,-2.2353874479325193,1.9029691227952539,-1.5067535266008376,1.6390156487442566,0.5714703661525413,-0.7856510551262775,-0.276864995671905,-0.3034513702858404,-0.9966192812394284,-1.0641235642788807,1.1722751941888334,1.2029762605599181,-2.222249979504755,1.922479469077981,-1.504596511143338,1.6378677950692222,0.5728571772586366,-0.7851050902108726,-0.27792906219382363,-0.3023517765179069,TRUE,35.231677770614624,"GRT-{PS(A), DS}",-1.0374758785926341,-1.0374758785926341,1.2069186045074922,1.2069186045074922,-2.332139428824199,1.9492189626620258,-1.5396308047250797,1.6576096579928143,0.6013860423177048,-0.8066895066559618,-0.25992768705453023,-0.5727557915834828,-1.0374758785926341,-2.332139428824199,FALSE,3.5142107009887695,"GRT-{PS(A), DS}"
492,TRUE,0.10608220100402832,"{PS(A), DS}",-0.41349322810792033,-0.41349322810792033,1.3091717167857773,1.3091717167857773,-0.9930248283387585,0.7592591888308889,0.059717099785323226,1.0675705238781419,0.6953715619758447,-0.4941848528656816,0.033587601697894286,0.6031574537938991,-0.5659488219328632,-0.25334710313579967,1.3091717167857773,1.3091717167857773,-1.0675705238781419,0.7063025628400876,0.059717099785323226,1.0675705238781419,0.6939832730220122,-0.4970866788899002,0.033587601697894286,0.6031574537938991,FALSE,26.578495979309082,"GRT-{PI, PS(A), DS}",-0.48377632238530105,-0.48377632238530105,3.2125230460351224,3.2125230460351224,-1.3771765656515826,0.8863089119982803,0.06687491645069654,1.5529774635890778,0,0,0,0,-0.48377632238530105,-1.3771765656515826,TRUE,2.6364715099334717,"GRT-{PI, PS(A), DS}"
493,FALSE,0.059111833572387695,ERROR: x appears to be not positive definite,NA,NA,NA,NA,NA,NA,NA,NA,NA,NA,NA,NA,NA,NA,NA,NA,NA,NA,NA,NA,NA,NA,NA,NA,TRUE,33.08817505836487,"GRT-{1_RHO, PS(A), DS}",-2.295374972182164,-2.295374972182164,0.1608716060260491,0.1608716060260491,-2.0823369385864794,1.7518653747005524,-1.3591397964746021,2.190851551680862,0.6620187690705217,0.6620187690705217,0.6620187690705217,0.6620187690705217,-2.295374972182164,-2.0823369385864794,TRUE,3.410330295562744,"GRT-{1_RHO, PS, DS}"
494,TRUE,0.12732982635498047,"{PI, PS(A), DS}",-1.718450901410764,-1.718450901410764,1.8959163945802118,1.8959163945802118,-0.16915891919847487,0.29613984284024236,-0.4692528838128023,0.9674215661017013,0,0,0,0,-1.697764393064363,-1.7381080267736126,1.9145058250555576,1.876358561894595,-0.1691589191984753,0.29613984284024253,-0.46925288381280195,0.9674215661017012,-0.12273077895857995,0.06245157573898605,-0.20426629597715829,0.4277098937575238,FALSE,31.86216425895691,"GRT-{PI, PS(A), DS}",-2.1701563650856173,-2.1701563650856173,2.928540686790141,2.928540686790141,-0.16545209988809262,0.3141167795329548,-0.48936247580634307,1.0510816336023348,0,0,0,0,-2.1701563650856173,-0.16545209988809262,TRUE,3.440751075744629,"GRT-{PI, PS(A), DS}"
495,TRUE,0.09884119033813477,"{PS(A), DS}",-1.6094092604005668,-1.6094092604005668,1.4260768722728843,1.4260768722728843,-1.6698988970262763,0.7698536358264754,-1.6028252140050676,1.6574016389480013,0.8302207801107517,-0.16972226960392492,-0.6786109511412189,0.7151689922242999,-1.731664396122245,-1.501085946044025,1.3676279233156887,1.477525292018841,-1.731664396122245,0.764709673786387,-1.5792195192835745,1.679661185315815,0.8166691993940758,-0.17514078564808153,-0.6850291984155802,0.7095427179049694,TRUE,37.75984191894531,"GRT-{PI, PS(A), DS}",-2.462581696196425,-2.462581696196425,1.8918744470363444,1.8918744470363444,-2.395111069733057,0.8545245024911181,-3.6174148217461415,2.8541070941070754,0,0,0,0,-2.462581696196425,-2.395111069733057,FALSE,3.58239483833313,"GRT-{PI, PS, DS}"
496,TRUE,0.09771943092346191,"{PI, PS(B), DS}",-2.248307063194871,-1.845843087595977,2.0970435853549345,1.507904591440559,-1.8840128814116603,2.5377916141243517,-1.8840128814116603,2.5377916141243517,0,0,0,0,-2.2483070631948707,-1.845843087595977,2.097043585354934,1.5079045914405589,-1.9010247401250502,2.501559669160428,-1.868469496243975,2.580406027859572,0.27892746509441235,-0.43666528119084214,-0.1718229773709249,0.3823680401636031,TRUE,38.036104917526245,"GRT-{1_RHO, PS(B), DS}",-2.4450602803938044,-1.8801681765313565,2.0865071252784806,1.531875609736176,-1.938807019184427,2.692875777423332,-1.938807019184427,2.692875777423332,0.2834108532570602,0.2834108532570602,0.2834108532570602,0.2834108532570602,-2.4450602803938044,-1.938807019184427,FALSE,3.6401748657226562,"GRT-{1_RHO, PS, DS}"
497,TRUE,0.07043743133544922,"{1_RHO, PS, DS}",-1.4619389688643893,-1.4619389688643893,1.1368048533117194,1.1368048533117194,-0.7402741239172752,0.7356662281030811,-0.7402741239172752,0.7356662281030811,0.24516647618827395,0.24516647618827395,0.24516647618827395,0.24516647618827395,-1.2521195202652196,-1.7116753065097285,1.0364333894937896,1.2206403488473496,-0.7164975001779915,0.7810338115227088,-0.7554150263604692,0.692077136614013,0.41480308049952047,-0.3686478661494678,0.13201092913098414,0.5374293027302083,FALSE,30.325294256210327,"GRT-{1_RHO, PS, DS}",-1.9144922374702644,-1.9144922374702644,1.3533576138144423,1.3533576138144423,-0.8544196166520939,0.8198558747871374,-0.8544196166520939,0.8198558747871374,0.522829960957171,0.522829960957171,0.522829960957171,0.522829960957171,-1.9144922374702644,-0.8544196166520939,TRUE,3.6310243606567383,"GRT-{1_RHO, PS, DS}"
498,TRUE,0.09711456298828125,"{PS(B), DS}",-0.24625723143648026,-1.590894026162173,1.8016051650012272,0.44536901018432346,-0.9349884819694261,0.8145151668216075,-0.9349884819694261,0.8145151668216075,0.7538387827467039,-0.09486788019462192,0.1203714161233225,-0.2699199929598067,-0.26725604051184154,-1.5932188180230509,1.8047672508880142,0.4510099484600836,-0.9906856905714568,0.8616341201741723,-0.8738091030329714,0.7713008403848357,0.7478314437462371,-0.0939954389998587,0.12219425100281305,-0.27228206202650523,TRUE,27.65905237197876,"GRT-{PS(B), DS}",-0.24877282824387692,-1.6951292029474545,1.9207964144755207,0.43992469895894937,-0.9544905090115463,0.8382999236519932,-0.9544905090115463,0.8382999236519932,0.7638376068065341,0.017313179793414853,0.4604910158454077,-0.2863166005694206,-0.24877282824387692,-0.9544905090115463,TRUE,3.108877182006836,"GRT-{PS(B), DS}"
499,TRUE,0.08046555519104004,"{PI, PS(B), DS}",-0.6906334541127063,-1.8263562979439063,1.818645592850061,1.8263562979439065,-1.265736317290711,1.0255902911278718,-1.265736317290711,1.0255902911278718,0,0,0,0,-0.6906334541127065,-1.8263562979439063,1.8186455928500604,1.8263562979439063,-1.2700084150701358,0.8910891300341096,-1.262145176622808,1.1817922703491184,-0.08505817206567624,-0.40170164989672263,-0.571456045332421,0.5332407060389012,FALSE,29.96614408493042,"GRT-{PI, PS(B), DS}",-0.7616100308782011,-3.3935923972783635,2.729972679876093,2.8133142971764866,-1.485838624654881,1.137871751192281,-1.485838624654881,1.137871751192281,0,0,0,0,-0.7616100308782011,-1.485838624654881,FALSE,2.827493667602539,"GRT-{PI, PS(B), DS}"
500,TRUE,0.0876779556274414,"{PI, PS(B), DS}",-0.22300783094036708,-1.1868314327558183,1.0364333894937896,1.2206403488473498,-1.2366522414687038,0.8416212330260645,-1.2366522414687038,0.8416212330260645,0,0,0,0,-0.22300783094036697,-1.1868314327558183,1.0364333894937896,1.2206403488473496,-1.1868314327558183,0.5413950851290881,-1.2815515655446004,1.2206403488473496,0.13302635766817247,-0.32326366014034413,-0.5931936972941262,0.7223382096392952,FALSE,30.370306491851807,"GRT-{PI, PS, DS}",-0.8612849847758796,-0.8612849847758796,1.9081754668142876,1.9081754668142876,-2.7747054683586594,1.211681379309963,-2.7747054683586594,1.211681379309963,0,0,0,0,-0.8612849847758796,-2.7747054683586594,TRUE,2.849069356918335,"GRT-{PI, PS, DS}"
501,TRUE,0.10713338851928711,"{PS(B), DS}",-1.7550350169537055,0.028735291139500106,2.0775304052548167,1.415595131654488,-1.4153130030514143,1.6366916466733965,-1.4153130030514143,1.6366916466733965,0.3830561880568322,0.014003673010735816,-0.7306249303606136,0.3505707829731797,-1.7453448721718041,0.02915096852312115,2.107344608107299,1.3996566480498194,-1.3613269034383981,1.784031143764651,-1.4744856551599714,1.5089438550380376,0.38812151699753067,0.013351312289015933,-0.7259442393079993,0.36287348747477344,TRUE,30.60890769958496,"GRT-{PI, PS(B), DS}",-1.895569899869245,0.032672275094803194,2.470850050557922,1.4961240026779081,-1.4874511819451368,1.7307585255626843,-1.4874511819451368,1.7307585255626843,0,0,0,0,-1.895569899869245,-1.4874511819451368,FALSE,2.7569031715393066,"GRT-{PI, PS(B), DS}"
502,FALSE,0.048252105712890625,ERROR: x appears to be not positive definite,NA,NA,NA,NA,NA,NA,NA,NA,NA,NA,NA,NA,NA,NA,NA,NA,NA,NA,NA,NA,NA,NA,NA,NA,FALSE,27.311511039733887,"GRT-{PS(B), DS}",-0.14652958371493804,-0.5021409377998454,0.17975109455658497,1.5322879575810235,-2.6877084392808634,1.3999349547250977,-2.6877084392808634,1.3999349547250977,-0.15703574006564214,1,0.5629697378716416,-0.4943790644545292,-0.14652958371493804,-2.6877084392808634,TRUE,2.387681245803833,"GRT-{PS(B), DS}"
503,TRUE,0.08554840087890625,"{PI, PS(B), DS}",-1.501085946044025,-1.5010859460440251,1.679661185315815,0.6521789863427859,-0.8222073227070624,1.4260768664245884,-0.8222073227070624,1.4260768664245884,0,0,0,0,-1.501085946044025,-1.5010859460440251,1.679661185315815,0.6521789863427858,-0.9674215661017009,1.2815515655446004,-0.7304481769981662,1.5792195192835747,0.4998829507279738,-0.6639399085177744,-0.34931248063624426,0.32531033629458456,FALSE,34.67641806602478,"GRT-{PI, PS(B), DS}",-2.6291415005490135,-4.576276861807786,3.027666537141309,0.744600258959887,-0.9415023554320336,2.4076892582893006,-0.9415023554320336,2.4076892582893006,0,0,0,0,-2.6291415005490135,-0.9415023554320336,FALSE,2.988538980484009,"GRT-{PI, PS(B), DS}"
504,TRUE,0.09107303619384766,"{1_RHO, PS(B), DS}",-0.8383064565860241,-1.136972412617503,2.001655430373084,1.04095412183143,-0.1138921414051894,1.0253563274870958,-0.1138921414051894,1.0253563274870958,0.20878216951834505,0.20878216951834505,0.20878216951834505,0.20878216951834505,-0.8271302058416301,-1.1448959732150616,2.005179879993317,1.0299567622253685,-0.051178011112051724,1.0618841348770718,-0.1841030876743348,0.9878373274485257,0.3045283781613173,-0.17031617691845044,-0.07742760411270921,0.49276498640352306,FALSE,30.02849006652832,"GRT-{PI, PS(B), DS}",-0.870879928051522,-1.2214669443119133,2.9422433508268906,1.1010866298317317,-0.12982505733163682,1.0878208219698828,-0.12982505733163682,1.0878208219698828,0,0,0,0,-0.870879928051522,-0.12982505733163682,FALSE,2.8449668884277344,"GRT-{PI, PS(B), DS}"
505,TRUE,0.096828460693359375,"{PS(B), DS}",-1.3585912027940934,-1.3222735948433826,0.4993219534287503,2.3229740003608086,-1.8595162707231534,1.041947764485658,-1.8595162707231534,1.041947764485658,0.7439445337653413,-0.5375111293627804,-0.22194977199417895,0.25191483014055877,-1.3702268036800862,-1.3081786528026182,0.4975349242820576,2.3288398832045947,-1.904292980542993,0.9985325239828542,-1.8164137294514524,1.0844942944539175,0.7368169731544181,-0.5409958555896319,-0.22502085262431024,0.24974643707804897,FALSE,34.41089701652527,"GRT-{PS(B), DS}",-1.4049860192505512,-1.348543551868415,0.500458996093649,2.318960339206601,-1.9403946172532165,1.0666398365381449,-1.9403946172532165,1.0666398365381449,0.7408991851784048,-0.5380329846677603,-0.21310744952601965,-0.20909559823786772,-1.4049860192505512,-1.9403946172532165,FALSE,3.2033212184906006,"GRT-{PS(B), DS}"
506,TRUE,0.10237765312194824,"{PI, PS(B), DS}",-1.3091717167857773,-1.3351777361189368,1.22064034884735,-0.1800123697927054,-1.134916617777484,-0.0875522464861694,-1.134916617777484,-0.0875522464861694,0,0,0,0,-1.3091717167857773,-1.335177736118937,1.2206403488473496,-0.18001236979270538,-1.067570523878142,-0.22988411757923183,-1.2206403488473498,0.059717099785322796,0.6031574537938991,0.1277545497690052,-0.7223382096392954,-0.2156874661586777,TRUE,34.38953971862793,"GRT-{PI, PS(B), DS}",-2.6236652360516293,-4.238217863849922,3.0980331768725002,-0.24006885357899055,-1.8387376453081867,-0.09045360463136398,-1.8387376453081867,-0.09045360463136398,0,0,0,0,-2.6236652360516293,-1.8387376453081867,FALSE,2.9440290927886963,"GRT-{PI, PS(B), DS}"
507,TRUE,0.09789466857910156,"{PS(B), DS}",-0.46218603202178465,-1.452937198189773,1.2445524941332369,0.1683028610992933,-0.548522290179809,0.4684598420034315,-0.548522290179809,0.4684598420034315,-0.7012243316066229,0.17564077864138167,0.3932987549939243,-0.45693374390528374,-0.4433200622037548,-1.4499989087404503,1.2521195202652196,0.1754074416213788,-0.6008420323945158,0.4991878420508769,-0.5093223194631404,0.44236120427171877,-0.696394737843036,0.1748167541741576,0.3959782183659606,-0.45834534233622304,FALSE,26.693439483642578,"GRT-{PI, PS(B), DS}",-0.48951411109783843,-1.6928138452951946,1.4006991227222463,0.1961225272008445,-0.5788378766265598,0.5046486873589275,-0.5788378766265598,0.5046486873589275,0,0,0,0,-0.48951411109783843,-0.5788378766265598,FALSE,2.6152405738830566,"GRT-{PI, PS(B), DS}"
508,TRUE,0.07072567939758301,"{PI, PS, DS}",-1.5572843648942922,-1.5572843648942922,0.32423158413730263,0.32423158413730263,-0.2993069104644637,0.8172368220293998,-0.2993069104644637,0.8172368220293998,0,0,0,0,-1.6198562586382694,-1.4835398594012972,0.340694827087796,0.30729257120115566,-0.26699412540495254,1.262145176622808,-0.340694827087796,0.4948731635686241,0.13081732933984702,-0.658937477186618,-0.2229212111655312,-0.10696727079075315,FALSE,29.291912078857422,"GRT-{PI, PS, DS}",-2.962590512810815,-2.962590512810815,0.3769532109842344,0.3769532109842344,-0.3436196675274689,1.0143691244772226,-0.3436196675274689,1.0143691244772226,0,0,0,0,-2.962590512810815,-0.3436196675274689,FALSE,3.051694631576538,"GRT-{PI, PS, DS}"
509,TRUE,0.07292914390563965,"{PI, PS, DS}",-0.3487556954953826,-0.3487556954953826,0.2533471031357994,0.2533471031357994,-0.2533471031357997,0.3487556954953826,-0.2533471031357997,0.3487556954953826,0,0,0,0,-0.25334710313579967,-0.4307272992954575,0.25334710313579945,0.2533471031357995,-0.25334710313579967,0.43072729929545767,-0.25334710313579994,0.2533471031357995,0.2629251995648306,-0.3966907824503664,-0.2629251995648308,0.2629251995648308,TRUE,16.27796745300293,"GRT-{PI, PS, DS}",-3.695796618338199,-3.695796618338199,3.5011262551069082,3.5011262551069082,-3.031367887498542,3.199591615865065,-3.031367887498542,3.199591615865065,0,0,0,0,-3.695796618338199,-3.031367887498542,TRUE,1.6060857772827148,"GRT-{PI, PS, DS}"
510,TRUE,0.07106256484985352,"{PI, PS, DS}",-1.009990169249582,-1.009990169249582,0.7764217611479276,0.7764217611479276,-1.150349380376008,0.31863936396437503,-1.150349380376008,0.31863936396437503,0,0,0,0,-1.150349380376008,-0.8871465590188763,1.150349380376008,0.4887764111146696,-1.150349380376008,0.15731068461017095,-1.150349380376008,0.4887764111146696,0.7045722710152325,0.18640933729108222,-0.7045722710152325,-0.28864750791340477,FALSE,32.54070281982422,"GRT-{PI, PS, DS}",-1.7324409428751275,-1.7324409428751275,1.1257959102999313,1.1257959102999313,-2.8190379802522636,0.4410488496876024,-2.8190379802522636,0.4410488496876024,0,0,0,0,-1.7324409428751275,-2.8190379802522636,FALSE,3.519531726837158,"GRT-{PI, PS, DS}"
511,TRUE,0.06990385055541992,"{1_RHO, PS, DS}",-1.1725599934640134,-1.1725599934640134,1.8814571978913446,1.8814571978913446,-0.18299650109143878,0.7732356684217312,-0.18299650109143878,0.7732356684217312,-0.22209469956325675,-0.22209469956325675,-0.22209469956325675,-0.22209469956325675,-1.1426966601588426,-1.1868314327558183,1.8763585618945948,1.9022164957820156,-0.2730560548712603,0.8003131056487289,-0.11418529432142832,0.7435597568794309,-0.15026927827695677,-0.4786665294608082,-0.2360073721893534,0.3253130203041002,TRUE,34.81181073188782,"GRT-{1_RHO, PS, DS}",-1.2772014868289512,-1.2772014868289512,2.297392634909714,2.297392634909714,-0.18743326298304616,0.8347409804115828,-0.18743326298304616,0.8347409804115828,-0.37729580121256956,-0.37729580121256956,-0.37729580121256956,-0.37729580121256956,-1.2772014868289512,-0.18743326298304616,FALSE,3.7119147777557373,"GRT-{1_RHO, PS, DS}"
512,FALSE,0.047307729721069336,ERROR: x appears to be not positive definite,NA,NA,NA,NA,NA,NA,NA,NA,NA,NA,NA,NA,NA,NA,NA,NA,NA,NA,NA,NA,NA,NA,NA,NA,FALSE,29.20728039741516,"GRT-{PI, PS(B), DS}",-0.41763320913448254,-2.9870740790589045,1.278291455548972,1.4138838022205704,-1.8533129676080697,2.904165483063607,-1.8533129676080697,2.904165483063607,0,0,0,0,-0.41763320913448254,-1.8533129676080697,FALSE,2.9006946086883545,"GRT-{1_RHO, PS(B), DS}"
513,TRUE,0.09955072402954102,"{PI, PS(B), DS}",-1.2521195202652196,-1.3597373839386058,1.2206403488473496,0.06601181237584106,-1.236652129651378,1.3091545671610803,-1.236652129651378,1.3091545671610803,0,0,0,0,-1.2521195202652193,-1.3597373839386058,1.2206403488473496,0.06601181237584054,-1.2521195202652193,1.3597373839386058,-1.2206403488473498,1.2521195202652196,0.7298339461158496,-0.7535056135656499,-0.7223382096392954,0.03814504622118997,TRUE,24.14491057395935,"GRT-{PI, PS(B), DS}",-3.6994635357153673,-7.30097096100741,4.1055639299018996,0.07677096614509216,-5.720737739506216,6.246615754446811,-5.720737739506216,6.246615754446811,0,0,0,0,-3.6994635357153673,-5.720737739506216,TRUE,2.330063819885254,"GRT-{PI, PS(B), DS}"
514,FALSE,0.05721879005432129,ERROR: x appears to be not positive definite,NA,NA,NA,NA,NA,NA,NA,NA,NA,NA,NA,NA,NA,NA,NA,NA,NA,NA,NA,NA,NA,NA,NA,NA,TRUE,30.091487884521484,"GRT-{PI, PS(B), DS}",-1.6055437363535643,-0.12775746454777215,0.16584496587979825,1.831109465049542,-2.4684701023016165,3.054070418099291,-2.4684701023016165,3.054070418099291,0,0,0,0,-1.6055437363535643,-2.4684701023016165,TRUE,3.3205370903015137,"GRT-{1_RHO, PS(B), DS}"
515,TRUE,0.10099601745605469,"{PI, PS, DS}",-0.9674215661017014,-0.9674215661017014,1.3091717117685537,1.3091717117685537,-0.6374841444480979,1.2206403488473498,-0.6374841444480979,1.2206403488473498,0,0,0,0,-1.2206403488473498,-0.7647096737863871,1.3829941271006385,1.2206403488473496,-0.4307272992954574,1.2206403488473498,-0.8122178014999129,1.2206403488473496,0.2528589769973585,-0.4496847132815409,-0.4423139374482946,0.7223382096392952,FALSE,28.08889365196228,"GRT-{PI, PS, DS}",-1.4651588079285143,-1.4651588079285143,2.695851337580228,2.695851337580228,-0.8070227555397217,2.829353037937363,-0.8070227555397217,2.829353037937363,0,0,0,0,-1.4651588079285143,-0.8070227555397217,FALSE,2.8355395793914795,"GRT-{PI, PS, DS}"
516,FALSE,0.01024317741394043,ERROR: missing value where TRUE/FALSE needed,NA,NA,NA,NA,NA,NA,NA,NA,NA,NA,NA,NA,NA,NA,NA,NA,NA,NA,NA,NA,NA,NA,NA,NA,FALSE,25.259681224822998,"GRT-{PI, PS(B), DS}",-2.6802670069095766,0.003899316715958001,1.115258396150431,2.897268014426614,-4.190245244709317,4.377789029332581,-4.190245244709317,4.377789029332581,0,0,0,0,-2.6802670069095766,-4.190245244709317,TRUE,3.0072596073150635,"GRT-{PI, PS(B), DS}"
517,TRUE,0.1235342025756836,"{PI, PS(B), DS}",-1.6448536269514729,-0.8648943586852832,1.9652724189717778,0.5894557978497784,-0.9388143168768874,1.557284274185797,-0.9388143168768874,1.557284274185797,0,0,0,0,-1.644853626951473,-0.8648943586852831,1.9652724189717778,0.5894557978497786,-0.8416212335729146,1.3001534333634235,-1.0444087948725962,1.9145058250555573,0.08197536331105826,0.057166206561567706,-0.44631218086261976,0.25662161267984507,FALSE,27.65126633644104,"GRT-{PI, PS(B), DS}",-1.9083868205726133,-0.9715932944549505,2.7049454833476068,0.6307983307156018,-0.9852942335012471,1.9055208335169953,-0.9852942335012471,1.9055208335169953,0,0,0,0,-1.9083868205726133,-0.9852942335012471,FALSE,2.50087833404541,"GRT-{PI, PS(B), DS}"
518,TRUE,0.09667253494262695,"{PS(B), DS}",-0.137097340742864,-1.0899074441326866,1.8933170263606447,0.9625481669491287,-1.7336086093001015,1.4499989087404501,-1.7336086093001015,1.4499989087404501,0.2596174318409159,-0.42061526500169033,-0.8970725883597506,-0.20835938065680368,-0.13285387850643174,-1.1061612853105838,1.9527649153452156,0.9674215661017009,-1.6567947658159814,1.5572843681885638,-1.8263562979439063,1.3597373839386058,0.2655370393765861,-0.408627434335298,-0.8899262388112655,-0.2135606702895751,FALSE,28.143089771270752,"GRT-{PI, PS(B), DS}",-0.12612670728233244,-1.1842906425475312,2.3219529873732765,1.0069475160707737,-1.9510721885492759,1.534766692868929,-1.9510721885492759,1.534766692868929,0,0,0,0,-0.12612670728233244,-1.9510721885492759,FALSE,3.3786561489105225,"GRT-{PI, PS(B), DS}"
519,TRUE,0.0876317024230957,"{PI, PS(B), DS}",-0.6744897501960819,-0.9944578832097535,1.198379702306925,0.16421077707933093,-1.0802664866133433,1.3829935105325293,-1.0802664866133433,1.3829935105325293,0,0,0,0,-0.6744897501960819,-0.9944578832097534,1.1983797023069247,0.16421077707933085,-1.3829941271006385,1.4050715603096327,-0.8694237732888859,1.3597373839386058,0.36707002112674514,-0.5367221053969778,-0.7141508480459531,0.09022024379474784,FALSE,27.961047172546387,"GRT-{PI, PS(B), DS}",-0.8320695735784129,-1.285636546699227,1.6960857125761284,0.18758512609635902,-1.5018397130823418,2.8254147898974606,-1.5018397130823418,2.8254147898974606,0,0,0,0,-0.8320695735784129,-1.5018397130823418,FALSE,2.967026710510254,"GRT-{PI, PS, DS}"
520,TRUE,0.06854724884033203,"{PI, PS, DS}",-1.3129814325250893,-1.3129814325250893,0.3816746537653134,0.3816746537653134,-1.2388943795809553,1.6626348924568939,-1.2388943795809553,1.6626348924568939,0,0,0,0,-1.549705900736589,-1.1652879896966823,0.40225006532172547,0.36610635680056974,-1.1689488445314817,1.6567947658159812,-1.3180108973035367,1.6683911939470792,0.5920067374895578,-0.5635640381848644,0.015925099574031883,0.17579042819950752,FALSE,33.56772565841675,"GRT-{PI, PS, DS}",-1.6568614378902657,-1.6568614378902657,0.44612595582806125,0.44612595582806125,-1.6305609125480263,2.845550737426474,-1.6305609125480263,2.845550737426474,0,0,0,0,-1.6568614378902657,-1.6305609125480263,FALSE,2.9846787452697754,"GRT-{PI, PS, DS}"
521,TRUE,0.13508105278015137,"{PI, PS(B), DS}",-0.27592106310796005,-1.124338231568639,0.3584587932511937,-1.0627099329870048e-16,-1.258161561063097,0.5856071612238593,-1.258161561063097,0.5856071612238593,0,0,0,0,-0.27592106310795994,-1.1243382315686392,0.35845879325119356,6.360076139305613e-18,-1.1243382315686392,0.6406668899191051,-1.4050715603096327,0.5244005127080407,0.415974245860929,-0.13102715574875018,-0.1929520450909281,-0.35485812166395175,TRUE,27.667561769485474,"GRT-{PI, PS, DS}",-0.7912199398877121,-0.7912199398877121,0.22543910452662896,0.22543910452662896,-1.9238131374489575,0.7333065571544872,-1.9238131374489575,0.7333065571544872,0,0,0,0,-0.7912199398877121,-1.9238131374489575,TRUE,2.2215816974639893,"GRT-{PI, PS, DS}"
522,TRUE,0.12127828598022461,"{PI, PS(B), DS}",-1.4260768722728474,-0.49487316356862393,1.5341205443525467,1.0675705238781419,-1.2621451668600496,1.4177971217695853,-1.2621451668600496,1.4177971217695853,0,0,0,0,-1.4260768722728474,-0.4948731635686241,1.5341205443525465,1.0675705238781419,-1.4260768722728474,1.262145176622808,-1.150349380376008,1.5792195192835747,0.7667258259559346,-0.037030456917985684,-0.5865100064895893,0.5333892744990573,FALSE,33.15884709358215,"GRT-{PI, PS(B), DS}",-3.0854780310232517,-0.5735063660630235,2.6834367427675954,1.2958482028167602,-1.8203046203612832,2.1355104200172317,-1.8203046203612832,2.1355104200172317,0,0,0,0,-3.0854780310232517,-1.8203046203612832,FALSE,3.2784438133239746,"GRT-{PI, PS(B), DS}"
523,TRUE,0.09219551086425781,"{PS, DS}",-0.8400004982579512,-0.8400004982579512,0.7611097019558967,0.7611097019558967,-0.8347080381230558,1.0028076142264204,-0.8347080381230558,1.0028076142264204,0.5820413138425963,-0.2904974339748576,-0.7819612600091426,0.6788399888523777,-1.1868314327558183,-0.5024022233733558,0.5413950851290882,1.0675705238781417,-0.9288994916472707,1.0200762327862016,-0.7215222839823431,1.0675705238781417,0.5563115978486439,-0.3264445235488178,-0.7915433599677203,0.6816752638909919,TRUE,31.92072367668152,"GRT-{1_RHO, PS, DS}",-1.3494010730851251,-1.3494010730851251,1.13219169724909,1.13219169724909,-1.389158391574174,2.8098241285880636,-1.389158391574174,2.8098241285880636,-1,-1,-1,-1,-1.3494010730851251,-1.389158391574174,FALSE,3.1492557525634766,"GRT-{1_RHO, PS, DS}"
524,TRUE,0.09236741065979004,"{PI, PS(B), DS}",-0.2533471031357993,-1.1983797023069247,1.3829941271006387,1.3091717167857773,-0.6744897490046472,1.3715204723232894,-0.6744897490046472,1.3715204723232894,0,0,0,0,-0.25334710313579983,-1.1983797023069247,1.3829941271006385,1.3091717167857773,-0.841621233572914,1.4260768722728472,-0.548522282698098,1.3091717167857773,-0.2854442771420665,-0.6418180981992134,-0.2983825744721165,0.7427445908224026,TRUE,29.391149282455444,"GRT-{PI, PS, DS}",-0.9062220326586224,-0.9062220326586224,2.830320958958871,2.830320958958871,-0.8629400476378547,3.2856720133983277,-0.8629400476378547,3.2856720133983277,0,0,0,0,-0.9062220326586224,-0.8629400476378547,FALSE,2.6187314987182617,"GRT-{PI, PS, DS}"
525,FALSE,0.005591630935668945,ERROR: missing value where TRUE/FALSE needed,NA,NA,NA,NA,NA,NA,NA,NA,NA,NA,NA,NA,NA,NA,NA,NA,NA,NA,NA,NA,NA,NA,NA,NA,FALSE,29.33871555328369,"GRT-{1_RHO, PS, DS}",0.030969259160100675,0.030969259160100675,1.0756593606728742,1.0756593606728742,0.12893131634027047,1.6710939647615524,0.12893131634027047,1.6710939647615524,-0.7834336857795475,-0.7834336857795475,-0.7834336857795475,-0.7834336857795475,0.030969259160100675,0.12893131634027047,TRUE,2.7838447093963623,"GRT-{1_RHO, PS, DS}"
526,FALSE,0.005437612533569336,ERROR: missing value where TRUE/FALSE needed,NA,NA,NA,NA,NA,NA,NA,NA,NA,NA,NA,NA,NA,NA,NA,NA,NA,NA,NA,NA,NA,NA,NA,NA,FALSE,25.63247585296631,"GRT-{PI, PS(B), DS}",-0.24303360948134453,-1.7125366797679815,-0.11879987272898251,2.732587207766776,-0.11810820288697171,0.23277338111846707,-0.11810820288697171,0.23277338111846707,0,0,0,0,-0.24303360948134453,-0.11810820288697171,TRUE,2.5194313526153564,"GRT-{PI, PS(B), DS}"
527,TRUE,0.12432599067687988,"{PI, PS(B), DS}",-1.5647264713617988,0.07379127380827269,-0.1092004816914316,1.6198562586382697,-1.4598551165379061,0.8122178003828767,-1.4598551165379061,0.8122178003828767,0,0,0,0,-1.5647264713617988,0.07379127380827298,-0.10920048169143169,1.6198562586382697,-1.4157020938005065,1.0491313979639716,-1.5123895860676804,0.633640000779701,0.5219751261200469,0.2063782486312885,-0.16247794179773134,0.310629677962118,TRUE,32.35922908782959,"GRT-{PI, PS(B), DS}",-2.0727971640273077,0.08785362411266373,-0.1160015226005291,2.9524725353451204,-1.8344690327280098,0.9731015865042736,-1.8344690327280098,0.9731015865042736,0,0,0,0,-2.0727971640273077,-1.8344690327280098,FALSE,2.991161823272705,"GRT-{PI, PS(B), DS}"
528,TRUE,0.09747838973999023,"{PI, PS(B), DS}",-1.4652337926855228,-0.27592106310796033,1.335177736118937,1.3091717167857775,-0.41246311990492657,1.3351777361184185,-0.41246311990492657,1.3351777361184185,0,0,0,0,-1.4652337926855228,-0.27592106310796033,1.335177736118937,1.3091717167857773,-0.6744897501960818,1.359737383938606,-0.11418529432142843,1.3091717167857773,0.3536554841422346,-0.15161513127128531,-0.06344988449334137,0.7427445908224026,FALSE,27.464816331863403,"GRT-{PI, PS(B), DS}",-2.8222059080210116,-0.33192050821445873,2.95956437161007,2.8602541120967295,-0.4930558768749929,4.700570030390748,-0.4930558768749929,4.700570030390748,0,0,0,0,-2.8222059080210116,-0.4930558768749929,FALSE,2.8268725872039795,"GRT-{PI, PS(B), DS}"
529,TRUE,0.1488020420074463,"{PI, PS, DS}",-0.7850360498754833,-0.7850360498754833,1.576361443422746,1.576361443422746,-0.5862726491059437,1.3715202029947453,-0.5862726491059437,1.3715202029947453,0,0,0,0,-0.8669582012035435,-0.7039217888285136,1.5233963507186317,1.6448536269514729,-0.688356880905426,1.2206403488473496,-0.4700799863487622,1.6448536269514729,-0.14941604734953692,0.1493412792131073,-0.441348581914483,0.8040933920820854,FALSE,32.61610007286072,"GRT-{PI, PS, DS}",-0.8665818217570951,-0.8665818217570951,2.2415063617892406,2.2415063617892406,-0.643880577335986,1.6646380321831882,-0.643880577335986,1.6646380321831882,0,0,0,0,-0.8665818217570951,-0.643880577335986,FALSE,2.797163963317871,"GRT-{PI, PS, DS}"
530,TRUE,0.0772545337677002,"{PI, PS(B), DS}",-1.067570523878142,-0.5507308667822143,0.8088444041133958,0.16629534613509678,-1.6740659041619468,1.0051647416613634,-1.6740659041619468,1.0051647416613634,0,0,0,0,-1.067570523878142,-0.5507308667822142,0.8088444041133959,0.1662953461350968,-1.6683911939470795,0.8416212335729142,-1.679661185315815,1.2096451263823647,0.5135279006681766,0.24071427057654896,-0.3868817692905329,0.34004135809140373,FALSE,26.64736843109131,"GRT-{PI, PS(B), DS}",-1.239440949050113,-0.5971528833540444,0.9250801481898814,0.1668187714462055,-2.7395335676956,1.119232403344132,-2.7395335676956,1.119232403344132,0,0,0,0,-1.239440949050113,-2.7395335676956,FALSE,2.0793163776397705,"GRT-{PI, PS(B), DS}"
531,TRUE,0.10072469711303711,"{PS(B), DS}",-0.2566548152234006,-0.9214881935429229,1.3785639431021826,1.5190540751711552,-0.05520538010864809,1.977059238968715,-0.05520538010864809,1.977059238968715,0.400020927539844,-0.03416503893435802,0.653898133225232,0.24568312442620358,-0.2533471031358001,-0.9218838820665077,1.3728103228829844,1.5141018876192838,-0.04257824736607157,2.066729074547486,-0.07100192125056813,1.8807936081512513,0.4000153448145179,-0.033166011367871194,0.6528431541116051,0.2532330804434898,FALSE,27.079864978790283,"GRT-{1_RHO, PS(B), DS}",-0.24986241172896115,-0.9542278591513962,1.4542066353983847,1.5951461872594186,-0.05806410199850702,2.1230282394158047,-0.05806410199850702,2.1230282394158047,0.44836078394754597,0.44836078394754597,0.44836078394754597,0.44836078394754597,-0.24986241172896115,-0.05806410199850702,FALSE,3.026754856109619,"GRT-{1_RHO, PS(B), DS}"
532,TRUE,0.1022806167602539,"{PI, PS(B), DS}",-0.6744897501960819,-1.236652241519907,1.5010859460440251,0.841621233572914,-1.4835395760420398,1.5572606911482432,-1.4835395760420398,1.5572606911482432,0,0,0,0,-0.6744897501960818,-1.2366522415199068,1.501085946044025,0.841621233572914,-1.4652337926855228,1.6067550689692431,-1.501085946044025,1.501085946044025,0.3536554841422347,-0.6112735848783145,-0.7805478180236297,0.43460247302096494,FALSE,27.220231294631958,"GRT-{PI, PS, DS}",-1.152545421194404,-1.152545421194404,1.4265331746861014,1.4265331746861014,-2.696686630952196,2.972945941815782,-2.696686630952196,2.972945941815782,0,0,0,0,-1.152545421194404,-2.696686630952196,FALSE,2.4666264057159424,"GRT-{PI, PS, DS}"
533,TRUE,0.10343003273010254,"{PS, DS}",-0.9245705268996063,-0.9245705268996063,1.6394194577234806,1.6394194577234806,-1.6125019617343566,1.1627086564069786,-1.6125019617343566,1.1627086564069786,0.632215252611135,-0.5490830180148181,-0.7458015518615031,0.18310360699524475,-0.9467817563010458,-0.9674215661017013,1.8107766086044805,1.4744856551599714,-1.6759397227734443,1.3829941271006385,-1.6198562586382697,1.0031479676625341,0.6225896429257782,-0.5273696620300137,-0.7377316096005553,0.17612856626508674,FALSE,31.718633890151978,"GRT-{PI, PS, DS}",-1.0687070265517282,-1.0687070265517282,2.1194066376697496,2.1194066376697496,-2.075092204179832,1.3416440197737303,-2.075092204179832,1.3416440197737303,0,0,0,0,-1.0687070265517282,-2.075092204179832,FALSE,2.840367078781128,"GRT-{PI, PS, DS}"
534,TRUE,0.12257885932922363,"{PS(B), DS}",-1.2005042279535465,-0.2793192533985908,0.2799287549356454,0.6314022858677586,-1.833914635815653,3.309497927419415e-11,-1.833914635815653,3.309497927419415e-11,0.5401023339061628,-0.3522376001622698,-0.12570996812872964,-0.5666108180046491,-1.2016266878828097,-0.29766685018639616,0.27976081477122966,0.6591430371132061,-1.8413262001372355,0.08008429579681312,-1.8263562979439063,-0.07379127380827281,0.5390220080045429,-0.35232876938768204,-0.12600888418047998,-0.5681847799368516,TRUE,29.740153551101685,"GRT-{1_RHO, PS(B), DS}",-1.3674063942385555,-0.2999787950539825,0.30313731203129346,0.6983056338031539,-3.7114422415072488,-3.3014871920356015e-4,-3.7114422415072488,-3.3014871920356015e-4,-0.5005761773729525,-0.5005761773729525,-0.5005761773729525,-0.5005761773729525,-1.3674063942385555,-3.7114422415072488,FALSE,2.9752094745635986,"GRT-{1_RHO, PS(B), DS}"
535,FALSE,0.01021432876586914,ERROR: missing value where TRUE/FALSE needed,NA,NA,NA,NA,NA,NA,NA,NA,NA,NA,NA,NA,NA,NA,NA,NA,NA,NA,NA,NA,NA,NA,NA,NA,TRUE,28.03638529777527,"GRT-{PI, PS, DS}",-2.8838384412587827,-2.8838384412587827,0.15486407807778013,0.15486407807778013,-3.608106715904286,2.3678493859604095,-3.608106715904286,2.3678493859604095,0,0,0,0,-2.8838384412587827,-3.608106715904286,TRUE,2.6734046936035156,"GRT-{PI, PS, DS}"
536,FALSE,0.005591869354248047,ERROR: missing value where TRUE/FALSE needed,NA,NA,NA,NA,NA,NA,NA,NA,NA,NA,NA,NA,NA,NA,NA,NA,NA,NA,NA,NA,NA,NA,NA,NA,FALSE,29.303483724594116,"GRT-{PI, PS(B), DS}",-2.9134346595673386,0.17751839733558183,3.1036599089481567,1.5148380715396264,-0.32275086716367196,1.2746575408860452,-0.32275086716367196,1.2746575408860452,0,0,0,0,-2.9134346595673386,-0.32275086716367196,FALSE,2.5950064659118652,"GRT-{PI, PS(B), DS}"
537,TRUE,0.1044015884399414,"{PI, PS(B), DS}",-1.110771616636786,-1.1868314327558183,1.1868314327558185,-0.139710298881862,-1.009990167606181,1.2040469600266903,-1.009990167606181,1.2040469600266903,0,0,0,0,-1.1107716166367858,-1.186831432755818,1.186831432755818,-0.13971029888186218,-0.8416212335729143,1.186831432755818,-1.186831432755818,1.2206403488473498,0.5232955907866056,-0.7139758227015005,-0.7139758227015005,-0.08196831903716688,FALSE,28.52223777770996,"GRT-{PI, PS(B), DS}",-3.3215202591485067,-5.226174603849502,2.7275273514303384,-0.2120401445780793,-1.7645331257289265,5.750052141733839,-1.7645331257289265,5.750052141733839,0,0,0,0,-3.3215202591485067,-1.7645331257289265,FALSE,3.022876024246216,"GRT-{PI, PS(B), DS}"
538,FALSE,0.04013991355895996,ERROR: x appears to be not positive definite,NA,NA,NA,NA,NA,NA,NA,NA,NA,NA,NA,NA,NA,NA,NA,NA,NA,NA,NA,NA,NA,NA,NA,NA,TRUE,27.007811546325684,"GRT-{PS, DS}",-0.8485317838049241,-0.8485317838049241,1.7172103361286992,1.7172103361286992,-0.4504690229757376,1.4129755247390139,-0.4504690229757376,1.4129755247390139,-0.6707428486766396,-0.18280382741645437,-0.9225397023805655,-0.34948092426247523,-0.8485317838049241,-0.4504690229757376,TRUE,3.133054733276367,"GRT-{PS, DS}"
539,TRUE,0.08736419677734375,"{PI, PS(B), DS}",-1.3829941271006385,-1.4835398594012972,0.21042839424792478,1.4461035929181756,-1.3829941271006385,0.4144115647187385,-1.3829941271006385,0.4144115647187385,0,0,0,0,-1.3829941271006385,-1.4835398594012972,0.21042839424792487,1.4461035929181756,-1.3829941271006385,0.49487316356862393,-1.3829941271006387,0.3308725717264191,0.7582523705583519,-0.2572490856360547,-0.1143909014221812,0.17483239827381272,TRUE,27.89863610267639,"GRT-{PI, PS(B), DS}",-2.6820972861131587,-5.269597491261636,0.2504093439098214,3.038144497413147,-3.853367167329633,0.4877158335526528,-3.853367167329633,0.4877158335526528,0,0,0,0,-2.6820972861131587,-3.853367167329633,TRUE,2.3192968368530273,"GRT-{PI, PS(B), DS}"
540,TRUE,0.07705545425415039,"{PI, PS, DS}",-0.5659488219328632,-0.5659488219328632,1.236652241519899,1.236652241519899,-0.5977601252407847,0.3612016377078445,-0.5977601252407847,0.3612016377078445,0,0,0,0,-0.7124430323894889,-0.43072729929545744,1.2521195202652196,1.2206403488473496,-0.8761428492468409,0.3029804480562064,-0.3360381403718231,0.43072729929545756,0.026732055045878854,-0.43347994128556167,-0.19424915417383243,0.25285902592727083,FALSE,31.08034586906433,"GRT-{PI, PS, DS}",-0.7081013433403699,-0.7081013433403699,2.767093772521177,2.767093772521177,-0.7881825535057624,0.4670464838468925,-0.7881825535057624,0.4670464838468925,0,0,0,0,-0.7081013433403699,-0.7881825535057624,TRUE,2.870305061340332,"GRT-{PI, PS, DS}"
541,TRUE,0.08624768257141113,"{PI, PS, DS}",-0.928899491647271,-0.928899491647271,1.2040355335272594,1.2040355335272594,-1.2206383433694294,1.16894866600339,-1.2206383433694294,1.16894866600339,0,0,0,0,-0.7215222839823433,-1.186831432755818,1.2521195202652193,1.150349380376008,-1.1868314327558183,1.186831432755818,-1.2521195202652193,1.150349380376008,0.43127218958662805,-0.7139758227015005,-0.7298339461158496,0.7045722710152325,FALSE,24.408956289291382,"GRT-{PI, PS, DS}",-1.4262965907072338,-1.4262965907072338,3.2840822815837534,3.2840822815837534,-2.9297602893954333,2.9284208503235907,-2.9297602893954333,2.9284208503235907,0,0,0,0,-1.4262965907072338,-2.9297602893954333,FALSE,2.3077352046966553,"GRT-{PI, PS, DS}"
542,TRUE,0.11192941665649414,"{PI, PS, DS}",-1.1024403670030114,-1.1024403670030114,1.1652879856511906,1.1652879856511906,-1.2815515652631624,1.2521195202652196,-1.2815515652631624,1.2521195202652196,0,0,0,0,-1.2206403488473498,-1.0031479676625343,1.335177736118937,1.0031479676625341,-1.2206403488473498,1.2521195202652196,-1.335177736118937,1.2521195202652196,0.7223382096392955,-0.5821954198296969,-0.7483560128963014,0.5821954198296968,TRUE,31.103471755981445,"GRT-{PI, PS, DS}",-1.8345927279259937,-1.8345927279259937,1.8880179911281874,1.8880179911281874,-2.743737972689766,2.9529556617613957,-2.743737972689766,2.9529556617613957,0,0,0,0,-1.8345927279259937,-2.743737972689766,FALSE,3.1774795055389404,"GRT-{PI, PS, DS}"
543,TRUE,0.09079122543334961,"{PI, PS(B), DS}",-0.46370775145717885,-1.4461035929181756,1.0675705238781417,1.4260768722728472,-1.4652337926855228,1.3144938629083873,-1.4652337926855228,1.3144938629083873,0,0,0,0,-0.4637077514571789,-1.4461035929181754,1.067570523878142,1.4260768722728472,-1.4652337926855228,1.2206403488473496,-1.4652337926855228,1.4260768722728472,0.24299743008233046,-0.6479160322606072,-0.5609248516363803,0.7667258259559345,FALSE,29.8800687789917,"GRT-{PI, PS(B), DS}",-0.549605252185,-3.1501350095298526,1.4060371509337921,2.9863086268455983,-3.229903143600121,2.036502495702327,-3.229903143600121,2.036502495702327,0,0,0,0,-0.549605252185,-3.229903143600121,FALSE,3.341420888900757,"GRT-{PI, PS(B), DS}"
544,FALSE,0.005732059478759766,ERROR: missing value where TRUE/FALSE needed,NA,NA,NA,NA,NA,NA,NA,NA,NA,NA,NA,NA,NA,NA,NA,NA,NA,NA,NA,NA,NA,NA,NA,NA,FALSE,21.88822650909424,"GRT-{PI, PS, DS}",-2.71794545522096,-2.71794545522096,0.6772297011238075,0.6772297011238075,0.5650937871042425,3.09126063812353,0.5650937871042425,3.09126063812353,0,0,0,0,-2.71794545522096,0.5650937871042425,FALSE,2.20137095451355,"GRT-{PI, PS, DS}"
545,TRUE,0.07473349571228027,"{PI, PS(B), DS}",-1.3575605292840331,-2.218950883529575,1.396374911533912,1.0618841348770718,-1.2792628567633968,0.5200136934640542,-1.2792628567633968,0.5200136934640542,0,0,0,0,-1.357560529284033,-2.218950883529575,1.3963749115339117,1.0618841348770718,-1.1034281680166924,0.5301232354626453,-1.5137813636737418,0.5063476573610783,-0.1227806700092852,-0.20642438382575648,-0.394134928922849,0.011172582742532237,TRUE,27.608189344406128,"GRT-{PI, PS(B), DS}",-1.4558768334029497,-3.247478899475098,1.477046753956345,1.1067099777136424,-1.3440889117219388,0.5348318251452362,-1.3440889117219388,0.5348318251452362,0,0,0,0,-1.4558768334029497,-1.3440889117219388,FALSE,3.416206121444702,"GRT-{PI, PS(B), DS}"
546,TRUE,0.086902618408203125,"{PS, DS}",-1.9470029800181987,-1.9470029800181987,1.7714259377953276,1.7714259377953276,-1.414487809397949,0.9296440853893417,-1.414487809397949,0.9296440853893417,0.6202824098605042,-0.36816587123766215,-0.6454824450999812,0.4780089558373614,-1.8696066471189026,-2.0051798799933174,1.650868485473737,1.949111996939888,-1.4260768722728472,0.8741758935712225,-1.3631364655496248,1.020076232786202,0.6333007407143992,-0.3678719737872237,-0.6618926830600491,0.4385750456157599,FALSE,35.5117301940918,"GRT-{PI, PS, DS}",-3.032856385998591,-3.032856385998591,2.417775431866973,2.417775431866973,-1.5787067809306163,0.9906227214962462,-1.5787067809306163,0.9906227214962462,0,0,0,0,-3.032856385998591,-1.5787067809306163,FALSE,3.4620277881622314,"GRT-{PI, PS, DS}"
547,TRUE,0.09743666648864746,"{PI, PS(A), DS}",-1.2334945619686914,-1.2334945619686914,1.1048353938795168,1.1048353938795168,-0.2759210631079599,0.16421077707933102,-1.1243382315686392,1.0896619819461077,0,0,0,0,-1.3597373839386058,-1.124338231568639,0.7810338115227089,1.483539859401297,-0.2759210631079597,0.1642107770793309,-1.124338231568639,1.0896619819461075,0.15161513127128518,0.16116760599105107,-0.2209225527979511,0.5679363128599322,FALSE,37.06321620941162,"GRT-{PI, PS(A), DS}",-1.9314085132190102,-1.9314085132190102,1.457963531864909,1.457963531864909,-0.3336180898456695,0.20154085253263848,-1.6196381915414975,1.4233502978543333,0,0,0,0,-1.9314085132190102,-0.3336180898456695,FALSE,5.272407531738281,"GRT-{PI, PS(A), DS}"
548,TRUE,0.09008622169494629,"{PI, DS}",-1.8027430907391904,-0.5147301911679583,1.8134175686740348,0.7063025628400877,-0.6374841609623771,2.0051798799933174,-1.9907204615820324,1.7506860712521704,0,0,0,0,-1.8027430907391904,-0.5147301911679586,1.8134175686740346,0.7063025628400873,-0.637484160962377,2.0051798799933174,-1.9907204615820322,1.7506860712521704,0.09476580831820934,-0.21651665558737224,-0.7705718276309895,0.12938677361337456,FALSE,32.63409733772278,"GRT-{PI, DS}",-2.060093372429357,-0.5640298668335546,2.0592750585705852,0.7470817042552729,-0.6743934563141665,2.733752441268841,-3.467579171148202,2.460418197606404,0,0,0,0,-2.060093372429357,-0.6743934563141665,TRUE,3.8828518390655518,"GRT-{1_RHO, DS}"
549,FALSE,0.06308174133300781,ERROR: x appears to be not positive definite,NA,NA,NA,NA,NA,NA,NA,NA,NA,NA,NA,NA,NA,NA,NA,NA,NA,NA,NA,NA,NA,NA,NA,NA,FALSE,39.524288177490234,"GRT-{PI, PS(A), DS}",-2.221026518554045,-2.221026518554045,1.2597959620357373,1.2597959620357373,-1.063570781281615,1.875111689785517,-2.45983361023592,0.3634437194278308,0,0,0,0,-2.221026518554045,-1.063570781281615,FALSE,3.9660251140594482,"GRT-{PI, PS(A), DS}"
550,TRUE,0.09222674369812012,"{PI, DS}",-1.7972927497249402,-0.7174146551564909,0.9729492767829966,1.8627318674216518,-0.32261352200149424,1.8485962885014087,-1.9635114370458415,1.3829941271006385,0,0,0,0,-1.7972927497249402,-0.7174146551564912,0.9729492767829966,1.8627318674216515,-0.32261352200149435,1.8485962885014087,-1.9635114370458413,1.3829941271006385,-0.04905003373965907,-0.491549178090178,-0.2362727698285333,0.4402755431072327,FALSE,31.5271315574646,"GRT-{PI, DS}",-1.967448380280519,-0.7813660935005802,1.0752964331600998,2.323447808528531,-0.3323938605029105,2.5319542872177596,-2.417982415693002,1.5680974803361405,0,0,0,0,-1.967448380280519,-0.3323938605029105,FALSE,3.0827338695526123,"GRT-{PI, DS}"
551,FALSE,0.0438992977142334,ERROR: x appears to be not positive definite,NA,NA,NA,NA,NA,NA,NA,NA,NA,NA,NA,NA,NA,NA,NA,NA,NA,NA,NA,NA,NA,NA,NA,NA,FALSE,34.123417139053345,"GRT-{PI, DS}",-3.0792652541196155,-0.9524061850552141,2.469826462090489,0.4732114862865764,-0.39268350860033857,0.6202369498420539,-4.431498011031071,1.1524225418558023,0,0,0,0,-3.0792652541196155,-0.39268350860033857,FALSE,2.9472286701202393,"GRT-{PI, DS}"
552,TRUE,0.08776593208312988,"{PI, PS(B), DS}",-1.2621451766228082,-1.1868314327558183,0.37739194382855373,1.4050715603096324,-1.2206402829803966,1.271952208809405,-1.2206402829803966,1.271952208809405,0,0,0,0,-1.262145176622808,-1.1868314327558183,0.37739194382855423,1.4050715603096327,-0.9446695913944761,1.564726471361799,-1.564726471361799,0.9944578832097534,0.7319829822859537,-0.5972075415799556,-0.18932010089763154,0.5367221053969778,TRUE,27.838449001312256,"GRT-{PI, PS(B), DS}",-1.7402480202419555,-1.4895861444163279,0.43214814766869925,2.7270913531061605,-1.604489935273033,1.7864709441688513,-1.604489935273033,1.7864709441688513,0,0,0,0,-1.7402480202419555,-1.604489935273033,TRUE,2.555673122406006,"GRT-{PI, PS(B), DS}"
553,TRUE,0.10546159744262695,"{PS(B), DS}",-0.7398653059088418,-1.087484983105681,1.712004552798287,0.13298096871434048,-0.5659488219404952,1.3978365289710477,-0.5659488219404952,1.3978365289710477,0.7695609490610914,-0.3686864841730646,-0.2319128334243217,-0.15830993169301139,-0.7810338115227088,-1.0853249080767589,1.70128816685226,0.13231285227617148,-0.6406668899191051,1.3829941271006385,-0.49270333306004166,1.4121875789061642,0.7668541860773511,-0.3701082397970176,-0.23342182653583102,-0.15765731515410117,FALSE,28.0802743434906,"GRT-{1_RHO, PS(B), DS}",-0.876645687129498,-1.3209363764270403,2.8076411944097757,0.16723665259041376,-0.6379789070708631,1.783430949487958,-0.6379789070708631,1.783430949487958,0.5356227616261865,0.5356227616261865,0.5356227616261865,0.5356227616261865,-0.876645687129498,-0.6379789070708631,TRUE,2.7679309844970703,"GRT-{1_RHO, PS(B), DS}"
554,FALSE,0.04337763786315918,ERROR: x appears to be not positive definite,NA,NA,NA,NA,NA,NA,NA,NA,NA,NA,NA,NA,NA,NA,NA,NA,NA,NA,NA,NA,NA,NA,NA,NA,TRUE,30.535531759262085,"GRT-{PI, DS}",-1.0252851918423593,-0.8190987858896456,2.3370416753563195,0.12253324909834507,-1.0158010090134344,2.6731947919101344,-2.4560693419085484,1.7517283041068497,0,0,0,0,-1.0252851918423593,-1.0158010090134344,TRUE,2.616544485092163,"GRT-{PI, DS}"
555,TRUE,0.11376023292541504,"{PI, PS(A), DS}",-2.2308566942134203,-2.2308566942134203,2.0307882301703772,2.0307882301703772,-1.2239709862657107,2.228037661097184,-0.4232249463216882,1.445252065169598,0,0,0,0,-2.1201388881109002,-2.437543603898591,2.1346833339130655,1.9463484012325711,-1.2239709862657104,2.2280376610971846,-0.4232249463216884,1.4452520651695981,-0.0631276155999162,-0.6073338269958909,0.04042990518313781,0.2507171678664094,FALSE,34.27497959136963,"GRT-{PI, PS(A), DS}",-2.4511019269630037,-2.4511019269630037,2.0773050769067325,2.0773050769067325,-1.2429654106380705,2.4722471104652217,-0.4419929345474286,1.4551140912017044,0,0,0,0,-2.4511019269630037,-1.2429654106380705,TRUE,3.5732719898223877,"GRT-{PI, PS(A), DS}"
556,TRUE,0.10204720497131348,"{1_RHO, DS}",-1.4861957019566507,-0.01927482771925902,0.6441416411445354,1.4848527203776947,-1.8326903095946927,1.7350579632231644,-0.7851695550019235,1.4848527203776947,0.43015710380364,0.43015710380364,0.43015710380364,0.43015710380364,-1.4744856551599714,-0.02364964093061955,0.6406668899191051,1.483539859401297,-1.8107766086044805,1.777587075073393,-0.7810338115227088,1.483539859401297,0.6705955168072173,-0.010859608442953106,0.5129810455419583,0.4528850825365538,FALSE,33.13190412521362,"GRT-{PI, DS}",-1.9587126869178038,-0.06025095008377268,0.6705269041943089,1.7912675237752649,-2.318671829549748,3.491797293044951,-0.8526472591749854,1.7591880066853642,0,0,0,0,-1.9587126869178038,-2.318671829549748,FALSE,2.920320987701416,"GRT-{PI, DS}"
557,TRUE,0.15517044067382812,"{1_RHO, DS}",-0.03182074038734927,-0.5677503559343904,1.5934843234486953,-0.001558785565553359,-1.2703674772970315,0.7458711082392874,-0.4929169060081089,1.0482761739969078,0.32798902643594163,0.32798902643594163,0.32798902643594163,0.32798902643594163,-0.032141793327338346,-0.5659488219328632,1.6325479658463486,-2.2880503795951946e-17,-1.2670757512664443,0.7435597568794307,-0.5024022233733559,1.0364333894937896,0.3815543805201997,0.38889698806540907,-0.24491719422401462,0.5431498610714465,TRUE,26.580859184265137,"GRT-{1_RHO, PS(B), DS}",0.12565234739352607,-0.6238895188631414,2.698739303139019,-0.050971803771481944,-0.9514257660690587,1.043547884674001,-0.9514257660690587,1.043547884674001,1,1,1,1,0.12565234739352607,-0.9514257660690587,FALSE,3.0465099811553955,"GRT-{1_RHO, PS(B), DS}"
558,TRUE,0.09870243072509766,"{PI, PS(B), DS}",-1.2366522415199068,-0.3406948270877961,0.7435597568794304,1.236652241519907,-1.5932187015278192,1.5572606911482434,-1.5932187015278192,1.5572606911482434,0,0,0,0,-1.2366522415199068,-0.3406948270877954,0.7435597568794308,1.2366522415199068,-1.6067550689692431,1.501085946044025,-1.5792195192835747,1.6067550689692431,0.6112735848783144,-0.1756917125497014,-0.3709861174667574,0.6112735848783145,FALSE,28.150302171707153,"GRT-{PI, PS(B), DS}",-1.5759377763276183,-0.39295269256024423,0.8863539448852165,1.5551645534484577,-2.855623943802095,2.923224049333957,-2.855623943802095,2.923224049333957,0,0,0,0,-1.5759377763276183,-2.855623943802095,FALSE,3.074035167694092,"GRT-{PI, PS(B), DS}"
559,TRUE,0.07326745986938477,"{PI, PS, DS}",-0.730448176986433,-0.730448176986433,0.9674215629437927,0.9674215629437927,-1.3597373838439784,0.7647096736980558,-1.3597373838439784,0.7647096736980558,0,0,0,0,-0.5659488219328633,-0.9084578685373851,0.7063025628400876,1.359737383938606,-1.3091717167857775,1.0968035620935133,-1.4050715603096324,0.5119362138713293,0.31862392168811476,-0.7668175724792403,-0.3805705895205651,0.2814464670508429,FALSE,31.643691778182983,"GRT-{1_RHO, PS, DS}",-0.8129602757979235,-0.8129602757979235,1.2147711635819975,1.2147711635819975,-2.8443296285843993,1.0099870498789678,-2.8443296285843993,1.0099870498789678,-1,-1,-1,-1,-0.8129602757979235,-2.8443296285843993,FALSE,3.260617733001709,"GRT-{1_RHO, PS, DS}"
560,TRUE,0.11028051376342773,"{1_RHO, DS}",-0.23828163198976124,-1.4236792375431613,2.1988817220519277,1.930534261856937,-0.6574605958613187,1.539088903940134,-0.4369706293196969,0.6371066429399002,-0.2514492164605727,-0.2514492164605727,-0.2514492164605727,-0.2514492164605727,-0.23720210932878782,-1.4260768722728472,2.2031212063800028,1.940758460588609,-0.654949917100686,1.5419862988544466,-0.43705844140724154,0.6389187080019088,-0.3392412626331047,-0.14488679617143402,-0.1711246235353339,-0.015296746265190307,FALSE,30.702455282211304,"GRT-{PI, DS}",-0.21593714771474135,-1.5476962187022227,2.694816269636141,2.328921605548297,-0.690196746538843,1.6817472184226343,-0.43964926919744357,0.6558239359706717,0,0,0,0,-0.21593714771474135,-0.690196746538843,FALSE,3.013709783554077,"GRT-{PI, DS}"
561,TRUE,0.07919025421142578,"{PI, PS(B), DS}",-0.08365173390712935,-1.0200762327862019,0.5659488219328632,1.1107716166367858,-1.0896619819460576,0.7916385958474511,-1.0896619819460576,0.7916385958474511,0,0,0,0,-0.08365173390712925,-1.0200762327862019,0.5659488219328631,1.1107716166367856,-1.1107716166367858,0.5024022233733559,-1.067570523878142,1.1107716166367856,0.05181266290197174,-0.3264445235488178,-0.3589084537642029,0.6939198436051145,TRUE,26.583861112594604,"GRT-{PI, PS(B), DS}",-0.1286251742579752,-3.5712683510677232,0.8433919270801082,3.309560751053588,-3.2837117557986306,1.2858481803256638,-3.2837117557986306,1.2858481803256638,0,0,0,0,-0.1286251742579752,-3.2837117557986306,FALSE,3.043118476867676,"GRT-{PI, PS(B), DS}"
562,FALSE,0.05795860290527344,ERROR: x appears to be not positive definite,NA,NA,NA,NA,NA,NA,NA,NA,NA,NA,NA,NA,NA,NA,NA,NA,NA,NA,NA,NA,NA,NA,NA,NA,TRUE,30.57741641998291,"GRT-{PI, DS}",0.04547532751614294,-2.287613971629888,2.742670609998157,0.35022364570912545,-0.5860991318014865,1.7738403078576654,-2.7152635079384777,0.2797075671876247,0,0,0,0,0.04547532751614294,-0.5860991318014865,FALSE,2.8258955478668213,"GRT-{PI, DS}"
563,TRUE,0.09072041511535645,"{PI, PS, DS}",-0.6959077168333291,-0.6959077168333291,0.5244005079088746,0.5244005079088746,-0.4578519299362845,1.0824113943928797,-0.4578519299362845,1.0824113943928797,0,0,0,0,-0.31863936396437487,-1.0675705238781419,0.2822161470625084,0.7478585947633024,-0.1573106846101711,1.3091717167857773,-0.7647096737863871,0.9084578685373852,-0.2605679870620266,-0.6031574537938992,0.2777040983181139,0.5174061260504268,FALSE,25.895795822143555,"GRT-{PI, PS, DS}",-0.947324488279539,-0.947324488279539,0.6713691825571341,0.6713691825571341,-0.608920475169709,1.5744722544701626,-0.608920475169709,1.5744722544701626,0,0,0,0,-0.947324488279539,-0.608920475169709,FALSE,3.0991926193237305,"GRT-{PI, PS, DS}"
564,TRUE,0.0944674015045166,{DS},-1.5341205443525465,-1.8937934818050792,1.1452615213855002,0.421391277067805,-0.8226372910740672,0.666871261897525,-1.4967674389437806,0.02558062912325251,0.13262628027934678,-0.46316271102461476,-0.7183504798629504,0.7507344582400449,-1.5341205443525465,-1.8937934818050792,1.1452615213855002,0.421391277067805,-0.8226372910740672,0.666871261897525,-1.4967674389437806,0.02558062912325251,0.13262628027934678,-0.46316271102461476,-0.7183504798629504,0.7507344582400449,TRUE,35.38928198814392,"GRT-{PS, DS}",-1.8658470268821898,-1.8658470268821898,0.8084480902341955,0.8084480902341955,-1.099008322484535,0.39320119673442755,-1.099008322484535,0.39320119673442755,-3.343005398531666e-4,-0.7072197512586754,-0.8210924077498329,0.7722676009456421,-1.8658470268821898,-1.099008322484535,TRUE,3.507338285446167,"GRT-{PS, DS}"
565,TRUE,0.09427618980407715,"{PI, PS(A), DS}",-1.1107673948133368,-1.1107673948133368,0.4948730405768087,0.4948730405768087,0.5659488219328633,0.6744897501960818,-0.8871465590188763,1.020076232786202,0,0,0,0,-1.067570523878142,-1.1503493803760079,0.4887764111146695,0.5024022233733559,0.5659488219328631,0.6744897501960818,-0.8871465590188763,1.0200762327862014,-0.3589084537642029,-0.41041618382419714,-0.04063370676168599,0.3264445235488177,FALSE,30.85558247566223,"GRT-{PI, PS(A), DS}",-2.6623077422722674,-2.6623077422722674,0.7074422257745341,0.7074422257745341,0.8588756563313976,0.9490604884073446,-1.3997238831542096,3.1418030268578985,0,0,0,0,-2.6623077422722674,0.8588756563313976,TRUE,4.414869546890259,"GRT-{PI, PS(A), DS}"
566,TRUE,0.12029552459716797,"{PI, DS}",-0.8222073363061578,-1.7818950056928642,1.5792195192835747,1.893793481805079,-2.2058106503780786,2.1967629113335962,-1.2418667918433204,1.4669310165176264,0,0,0,0,-0.822207336306158,-1.7818950056928644,1.5792195192835747,1.893793481805079,-2.205810650378079,2.196762911333596,-1.2418667918433206,1.4669310165176264,0.47255326279362914,-0.5562641286158939,0.1392626230699678,0.11094907857022336,TRUE,35.78298258781433,"GRT-{PI, DS}",-0.8165771048360045,-1.9254131916145925,1.616764434347718,2.0063911763748585,-2.305259213253268,2.415918788598324,-1.2644825671155642,1.509622380455851,0,0,0,0,-0.8165771048360045,-2.305259213253268,TRUE,3.9721031188964844,"GRT-{1_RHO, DS}"
567,TRUE,0.10056614875793457,"{PI, PS(B), DS}",-1.17498679206609,-0.876142849246841,0.2533471031357995,1.4050715603096327,-0.7647096525762028,1.3597373838439781,-0.7647096525762028,1.3597373838439781,0,0,0,0,-1.17498679206609,-0.8761428492468409,0.25334710313579983,1.4050715603096327,-0.5828415072712164,1.3091717167857773,-1.0364333894937896,1.4050715603096324,0.09215840191840792,-0.49409672305720437,0.11270880299285733,0.762645370943066,FALSE,28.3012752532959,"GRT-{PI, PS(B), DS}",-1.611677327245891,-1.1593324584906828,0.3150406979687974,3.7096435494874784,-0.9944709575167455,4.050087874260569,-0.9944709575167455,4.050087874260569,0,0,0,0,-1.611677327245891,-0.9944709575167455,FALSE,2.6789636611938477,"GRT-{PI, PS(B), DS}"
568,TRUE,0.11454343795776367,"{PI, PS(A), DS}",-1.4499847584747922,-1.4499847584747922,1.6198561653627552,1.6198561653627552,-1.3829941271006383,1.3180108973035367,-0.3612016377113188,0.6119957936995947,0,0,0,0,-1.3829941271006385,-1.5341205443525465,1.6325479658463489,1.6067550689692431,-1.3829941271006385,1.3180108973035367,-0.36120163771131875,0.6119957936995948,0.5514098807639943,-0.6730871984168939,-0.1760490984227857,0.3016739313904026,FALSE,38.271620750427246,"GRT-{PI, PS(A), DS}",-2.1181961139031418,-2.1181961139031418,4.010103178539218,4.010103178539218,-1.8788772564679435,1.8314237955021437,-0.3873057457055571,0.7016159154785835,0,0,0,0,-2.1181961139031418,-1.8788772564679435,FALSE,2.905245542526245,"GRT-{PI, PS(A), DS}"
569,TRUE,0.08583211898803711,"{PI, PS, DS}",-1.2074140502222022,-1.2074140502222022,0.8416212060222884,0.8416212060222884,-0.7554150263604421,0.8254944909292359,-0.7554150263604421,0.8254944909292359,0,0,0,0,-1.0968035620935135,-1.335177736118937,0.5894557978497785,1.0968035620935135,-0.7478585947633025,1.335177736118937,-0.764709673786387,0.472789120992267,0.6821017652414746,-0.7483560128963014,0.06269213970383673,0.026311824783931237,FALSE,26.921785354614258,"GRT-{PI, PS, DS}",-1.9195629304518742,-1.9195629304518742,1.1123825612053055,1.1123825612053055,-1.0021108878238207,1.065990068413547,-1.0021108878238207,1.065990068413547,0,0,0,0,-1.9195629304518742,-1.0021108878238207,FALSE,2.7826895713806152,"GRT-{PI, PS, DS}"
570,FALSE,0.011028528213500977,ERROR: missing value where TRUE/FALSE needed,NA,NA,NA,NA,NA,NA,NA,NA,NA,NA,NA,NA,NA,NA,NA,NA,NA,NA,NA,NA,NA,NA,NA,NA,FALSE,23.643251419067383,"GRT-{PI, PS, DS}",-0.4433609029943533,-0.4433609029943533,0.8494808336100734,0.8494808336100734,-3.8465568096743246,2.9063457776126898,-3.8465568096743246,2.9063457776126898,0,0,0,0,-0.4433609029943533,-3.8465568096743246,FALSE,2.477541923522949,"GRT-{PI, PS, DS}"
571,TRUE,0.08850431442260742,"{1_RHO, DS}",-0.8308120164242825,-2.031579126060446,1.9436172638526272,2.080694006280632,-0.7911219020358424,0.7259421299112028,-0.2085651656416438,1.0771302181439848,-0.22906373347467565,-0.22906373347467565,-0.22906373347467565,-0.22906373347467565,-0.825494490929236,-2.028069144933907,1.941696001617852,2.110880219388008,-0.7860841629172004,0.7255982301945618,-0.20857169501420514,1.084234430000899,-0.4734923841392556,-0.30269347267203045,-0.2693936365971007,0.4390191009734337,TRUE,34.692331314086914,"GRT-{1_RHO, PS(B), DS}",-0.9996737527377529,-3.450207666895482,2.4564967331794114,2.69213900931456,-0.45447000163847034,0.9569027920469151,-0.45447000163847034,0.9569027920469151,-0.9323569558754933,-0.9323569558754933,-0.9323569558754933,-0.9323569558754933,-0.9996737527377529,-0.45447000163847034,TRUE,2.996851921081543,"GRT-{1_RHO, PS(B), DS}"
572,TRUE,0.10854077339172363,"{PI, DS}",-1.3180108973035367,-1.6198562586382699,0.372289360465191,1.0896619819461075,-0.07841241273311209,1.2521195202652193,-1.5179291595942788,0.13001858330708432,0,0,0,0,-1.318010897303537,-1.6198562586382697,0.37228936046519107,1.0896619819461075,-0.078412412733112,1.2521195202652196,-1.5179291595942788,0.1300185833070846,-0.19358683207539143,-0.6155169443838178,-0.1905827199066697,0.08139977553124718,TRUE,31.67990469932556,"GRT-{PI, PS(A), DS}",-2.4125803961186914,-2.4125803961186914,0.7939546896738081,0.7939546896738081,-0.10556863391867038,1.5603587174184097,-2.6913173401937565,0.1599189389299085,0,0,0,0,-2.4125803961186914,-0.10556863391867038,FALSE,3.356572389602661,"GRT-{PI, PS(A), DS}"
573,TRUE,0.1057741641998291,"{PI, DS}",-0.98561041686727,-1.4941549086209047,0.4910704462108575,0.19236331372251,-1.7444475421409686,1.9264031529639818,-0.49107044621085755,1.636691646673399,0,0,0,0,-0.98561041686727,-1.494154908620905,0.4910704462108576,0.19236331372251,-1.7444475421409689,1.9264031529639822,-0.4910704462108573,1.636691646673399,0.26449764660077096,-0.6492068243832708,0.2646411791595618,0.29521696462469804,FALSE,31.697021007537842,"GRT-{PI, PS(A), DS}",-1.3166308894038858,-1.3166308894038858,0.38499337790043553,0.38499337790043553,-2.1303269626452543,3.2764733396413614,-0.530253868522427,2.0885866460428124,0,0,0,0,-1.3166308894038858,-2.1303269626452543,TRUE,3.2442429065704346,"GRT-{PI, PS(A), DS}"
574,FALSE,0.00112152099609375,ERROR: missing value where TRUE/FALSE needed,NA,NA,NA,NA,NA,NA,NA,NA,NA,NA,NA,NA,NA,NA,NA,NA,NA,NA,NA,NA,NA,NA,NA,NA,TRUE,15.694847345352173,"GRT-{PI, PS, DS}",-3.3066578881132687,-3.3066578881132687,3.164272960183286,3.164272960183286,0.010801952455293189,3.3786997677003265,0.010801952455293189,3.3786997677003265,0,0,0,0,-3.3066578881132687,0.010801952455293189,TRUE,1.0286364555358887,"GRT-{PI, PS, DS}"
575,FALSE,0.05728793144226074,ERROR: x appears to be not positive definite,NA,NA,NA,NA,NA,NA,NA,NA,NA,NA,NA,NA,NA,NA,NA,NA,NA,NA,NA,NA,NA,NA,NA,NA,FALSE,31.972713232040405,"GRT-{PI, DS}",-2.0520355243929638,-0.689742585140672,3.2178127456542676,2.3351903213139913,-0.40047696826433204,1.5338551763058201,-4.378372681871129,3.7339239172300207,0,0,0,0,-2.0520355243929638,-0.40047696826433204,FALSE,2.7755348682403564,"GRT-{PI, DS}"
576,TRUE,0.09386253356933594,"{PI, PS(B), DS}",-1.1868314327558185,-1.0299567622253682,1.0299567622253685,0.3186393639643751,-1.1061608449855038,1.4260752312926988,-1.1061608449855038,1.4260752312926988,0,0,0,0,-1.1868314327558183,-1.0299567622253682,1.0299567622253682,0.3186393639643751,-1.0491313979639716,1.3351777361189368,-1.1689488445314817,1.5341205443525465,0.23255567951841535,-0.3455741825904265,-0.22224379151670137,0.1619612274079593,FALSE,31.39502477645874,"GRT-{PI, PS, DS}",-1.417027686772562,-1.417027686772562,0.7450226758597984,0.7450226758597984,-1.3830216641475517,2.099621458284627,-1.3830216641475517,2.099621458284627,0,0,0,0,-1.417027686772562,-1.3830216641475517,TRUE,2.854186773300171,"GRT-{PI, PS, DS}"
577,TRUE,0.13023972511291504,"{PI, DS}",-2.061916500809462,-1.8288923910348343,2.0368341317013887,0.054518914848100994,-1.4860915693304564,0.9599534338269343,-1.624980721613199,2.0190862005831427,0,0,0,0,-2.0619165008094624,-1.8288923910348347,2.0368341317013887,0.054518914848101376,-1.4860915693304566,0.9599534338269343,-1.6249807216131988,2.0190862005831423,0.6133295593855925,-0.2432642572216088,-0.6774300555893215,0.022810056415815756,TRUE,39.335840702056885,"GRT-{PI, DS}",-2.3345131467628817,-2.4295822252524624,2.817516450027577,0.0705336606110758,-1.6675952725588932,1.0450475513691924,-1.8157407188541903,3.615162498068462,0,0,0,0,-2.3345131467628817,-1.6675952725588932,FALSE,4.730529308319092,"GRT-{PI, PS(B), DS}"
578,TRUE,0.05436134338378906,"{PI, PS, DS}",-0.6744897501960819,-0.6744897501960819,0.6744897501960819,0.6744897501960819,-0.6744897501960819,0.6744897501960819,-0.6744897501960819,0.6744897501960819,0,0,0,0,-0.6744897501960816,-0.6744897501960816,0.6744897501960816,0.6744897501960816,-0.6744897501960816,0.6744897501960816,-0.6744897501960816,0.6744897501960816,0.5342895672253396,-0.5342895672253395,-0.5342895672253395,0.5342895672253396,TRUE,16.19948434829712,"GRT-{PI, PS, DS}",-2.8695640018111703,-2.8695640018111703,4.402740042837588,4.402740042837588,-3.661739690236663,2.9434169132718613,-3.661739690236663,2.9434169132718613,0,0,0,0,-2.8695640018111703,-3.661739690236663,TRUE,2.085841417312622,"GRT-{PI, PS, DS}"
579,TRUE,0.08595013618469238,"{PI, PS, DS}",-0.2533471031358,-0.2533471031358,0.2533471031357999,0.2533471031357999,4.359835622510783e-18,-0.2533471031358,4.359835622510783e-18,-0.2533471031358,0,0,0,0,-0.25334710313579994,-0.25334710313579967,0.25334710313579945,0.25334710313579945,0.25334710313579945,-0.25334710313579967,-0.25334710313579994,-0.25334710313579994,-0.2629251995648308,0.2629251995648306,-0.2629251995648308,-0.2629251995648308,TRUE,15.810592412948608,"GRT-{PI, PS, DS}",-2.7371224654328294,-2.7371224654328294,3.3011664001216126,3.3011664001216126,0.004409790155871285,-3.2198538727079717,0.004409790155871285,-3.2198538727079717,0,0,0,0,-2.7371224654328294,0.004409790155871285,TRUE,2.016247272491455,"GRT-{PI, PS, DS}"
580,TRUE,0.0936582088470459,"{PI, PS(A), DS}",-1.0522380816677792,-1.0522380816677792,1.3223653184475583,1.3223653184475583,-0.125661346855074,1.0675705238781419,-1.0675705238781419,0.7478585947633022,0,0,0,0,-0.8416212335729141,-1.3091717167857773,1.3091717167857773,1.335177736118937,-0.12566134685507446,1.0675705238781419,-1.067570523878142,0.7478585947633024,-0.3664637051015888,-0.6031574537938992,-0.6031574537938991,0.4162690275702851,TRUE,30.919720888137817,"GRT-{PI, PS, DS}",-1.552851872207399,-1.552851872207399,2.700505414113306,2.700505414113306,-0.7013536848648221,1.2036208214481983,-0.7013536848648221,1.2036208214481983,0,0,0,0,-1.552851872207399,-0.7013536848648221,FALSE,3.2976388931274414,"GRT-{PI, PS, DS}"
581,FALSE,0.002050161361694336,ERROR: missing value where TRUE/FALSE needed,NA,NA,NA,NA,NA,NA,NA,NA,NA,NA,NA,NA,NA,NA,NA,NA,NA,NA,NA,NA,NA,NA,NA,NA,TRUE,23.752495765686035,"GRT-{PI, PS, DS}",-2.7428719569611233,-2.7428719569611233,0.6683978755590458,0.6683978755590458,0.005856704576593195,3.3337798658556093,0.005856704576593195,3.3337798658556093,0,0,0,0,-2.7428719569611233,0.005856704576593195,TRUE,2.182476758956909,"GRT-{PI, PS, DS}"
582,TRUE,0.10109853744506836,"{PS, DS}",-1.8050992329105229,-1.8050992329105229,1.8488070524832394,1.8488070524832394,-1.9176580488032213,1.9245851827738967,-1.9176580488032213,1.9245851827738967,0.46777641849794926,-0.8657787292255246,-0.7034034810341757,0.8833823407783674,-1.6399762701332183,-2.009874772195385,1.7460165226992128,2.0619165008094624,-1.7460165226992128,2.009874772195385,-2.0495942663939903,2.0619165008094624,0.4831692609060035,-0.850244875029356,-0.7250037710933726,0.8555693267171953,FALSE,34.4246027469635,"GRT-{PI, PS, DS}",-2.1523584362928454,-2.1523584362928454,2.498067664675942,2.498067664675942,-2.1926823192392644,2.644735682716829,-2.1926823192392644,2.644735682716829,0,0,0,0,-2.1523584362928454,-2.1926823192392644,FALSE,3.2725331783294678,"GRT-{1_RHO, PS, DS}"
583,FALSE,0.047135114669799805,ERROR: x appears to be not positive definite,NA,NA,NA,NA,NA,NA,NA,NA,NA,NA,NA,NA,NA,NA,NA,NA,NA,NA,NA,NA,NA,NA,NA,NA,FALSE,36.45969486236572,"GRT-{PI, DS}",-2.4668374513204174,-0.38898063545026806,1.5280236607949558,0.8876490401659471,-2.2459366629052497,0.7571585963706826,-0.4878913489568488,3.172441435138277,0,0,0,0,-2.4668374513204174,-2.2459366629052497,FALSE,3.8170549869537354,"GRT-{PI, DS}"
584,TRUE,0.09087085723876953,"{PI, DS}",-0.75272879425817,-1.544575485563255,1.492404178320359,1.5862789009146594,-0.28689391692303934,0.232272293482626,-0.6092286670139986,1.7251133770389846,0,0,0,0,-0.7527287942581702,-1.5445754855632547,1.492404178320359,1.5862789009146596,-0.2868939169230391,0.2322722934826262,-0.6092286670139985,1.7251133770389844,-0.05915149788623298,0.09948120198562184,0.03360776358965436,0.5747375673392806,FALSE,36.53667092323303,"GRT-{PI, PS(A), DS}",-1.1408445490598094,-1.1408445490598094,1.884730731477388,1.884730731477388,-0.29288891352611723,0.24289947430564285,-0.6606822990676474,2.0711792524843524,0,0,0,0,-1.1408445490598094,-0.29288891352611723,FALSE,3.3327484130859375,"GRT-{PI, PS(A), DS}"
585,TRUE,0.12372922897338867,"{PI, DS}",-1.0389014441072841,-0.16202377853274788,1.4260768722728472,1.6448536269514729,-0.2177983799273988,0.6822996332113876,0.032141793327338304,1.4395314709384561,0,0,0,0,-1.038901444107284,-0.16202377853274777,1.4260768722728472,1.6448536269514726,-0.217798379927399,0.6822996332113875,0.03214179332733835,1.4395314709384561,-0.04838670893109407,0.07113679938430116,-0.4519108524865894,0.39381450748967833,TRUE,28.915387868881226,"GRT-{PI, PS(B), DS}",-1.1146874182969946,-0.16520855800716205,1.6674072897403291,1.9067437929692221,-0.10653129075029143,1.0150701815959853,-0.10653129075029143,1.0150701815959853,0,0,0,0,-1.1146874182969946,-0.10653129075029143,FALSE,3.638442039489746,"GRT-{PI, PS(B), DS}"
586,TRUE,0.07867908477783203,"{PI, PS, DS}",-0.7215222839800276,-0.7215222839800276,0.6744897501960816,0.6744897501960816,-0.6744897501960818,0.3773919434241534,-0.6744897501960818,0.3773919434241534,0,0,0,0,-0.6744897501960816,-0.7647096737863872,0.6744897501960816,0.6744897501960816,-0.6744897501960816,0.13971029888186187,-0.6744897501960816,0.6744897501960816,0.5342895672253396,-0.10427265868893049,-0.5342895672253395,0.5342895672253396,FALSE,24.87079429626465,"GRT-{PI, PS, DS}",-2.9224825200910103,-2.9224825200910103,3.9001240213513815,3.9001240213513815,-3.0046943899857994,0.7733933055786988,-3.0046943899857994,0.7733933055786988,0,0,0,0,-2.9224825200910103,-3.0046943899857994,FALSE,2.4789299964904785,"GRT-{PI, PS, DS}"
587,TRUE,0.12110328674316406,"{PS(A), DS}",-0.5024022233733738,-0.5024022233733738,0.8416212335739782,0.8416212335739782,-1.1600356229128788,0.3437369883787891,-0.7808356696172658,1.402116669565931,0.4782068246851452,-0.5515697629931462,-0.7871531939073522,0.34407338369549517,-0.8045963803603003,-0.25334710313579956,1.0968035620935133,0.6406668899191051,-1.2521195202652196,0.2533471031357996,-0.9084578685373851,1.359737383938606,0.4660867946805762,-0.5603768427573113,-0.7668175724792403,0.352375810599782,TRUE,34.22221374511719,"GRT-{1_RHO, PS(A), DS}",-0.6416929565128386,-0.6416929565128386,1.1167152579272688,1.1167152579272688,-3.6578946068743514,0.48881568327350333,-1.0474705012957055,3.868387450564242,-0.7560739708867898,-0.7560739708867898,-0.7560739708867898,-0.7560739708867898,-0.6416929565128386,-3.6578946068743514,TRUE,3.3096580505371094,"GRT-{1_RHO, PS(A), DS}"
588,TRUE,0.11782097816467285,{DS},-1.8437650289963357,-1.6034128431010723,0.8701644760377644,1.6133583946523031,-0.9247951694993168,1.5170593481273138,-2.3070392593928264,2.2163627792243994,0.3549721942561074,-0.44585261558833184,-0.3287579608191392,0.7039223267765814,-1.8437650289963357,-1.6034128431010723,0.8701644760377644,1.6133583946523031,-0.9247951694993168,1.5170593481273138,-2.3070392593928264,2.2163627792243994,0.3549721942561074,-0.44585261558833184,-0.3287579608191392,0.7039223267765814,FALSE,33.81779980659485,"GRT-{PI, DS}",-1.8618030498553808,-1.6427865402214559,0.8301124241795748,1.6424802762518649,-0.9836960408503372,1.5976442746376212,-2.3979688749952177,2.479220262541027,0,0,0,0,-1.8618030498553808,-0.9836960408503372,FALSE,3.477229356765747,"GRT-{PI, DS}"
589,FALSE,0.0819540023803711,ERROR: missing value where TRUE/FALSE needed,NA,NA,NA,NA,NA,NA,NA,NA,NA,NA,NA,NA,NA,NA,NA,NA,NA,NA,NA,NA,NA,NA,NA,NA,FALSE,30.99822425842285,"GRT-{PI, PS, DS}",-0.559304559281625,-0.559304559281625,0.8252454877660109,0.8252454877660109,-2.9421437595138147,0.9418692949277547,-2.9421437595138147,0.9418692949277547,0,0,0,0,-0.559304559281625,-2.9421437595138147,TRUE,3.086071014404297,"GRT-{PI, PS, DS}"
590,TRUE,0.1098182201385498,"{1_RHO, PS(B), DS}",-0.04579702872955691,-1.3777234927512987,1.1744471843027062,0.024937960597636918,-1.2358297513426975,1.5775142129310686,-1.2358297513426975,1.5775142129310686,-0.4619595124441196,-0.4619595124441196,-0.4619595124441196,-0.4619595124441196,-0.0836517339071292,-1.3676279233156885,1.2366522415199068,0.033879835403491806,-1.0128933374446918,1.5792195192835745,-1.6067550689692431,1.6067550689692431,-0.549754172679288,-0.6850291984155802,-0.6112735848783144,0.01669017974770248,TRUE,29.519776105880737,"GRT-{1_RHO, PS(B), DS}",-0.024185939994998032,-1.853229628686375,1.2108799419244396,0.0369371761720071,-1.5020816310908658,3.4424175812260676,-1.5020816310908658,3.4424175812260676,-0.8997741658072587,-0.8997741658072587,-0.8997741658072587,-0.8997741658072587,-0.024185939994998032,-1.5020816310908658,FALSE,2.789891242980957,"GRT-{1_RHO, PS(B), DS}"
591,TRUE,0.12424063682556152,"{PI, DS}",-0.30729257120115555,-1.3829941271006385,1.3829941271006387,1.4260768722728472,-0.30729257120115555,0.10463345561407562,-0.674489750196082,1.4260768722728472,0,0,0,0,-0.3072925712011556,-1.3829941271006385,1.3829941271006385,1.4260768722728472,-0.3072925712011556,0.10463345561407568,-0.6744897501960819,1.4260768722728472,-0.5121904266879049,-0.05687512437958178,-0.3670700211267452,0.7667258259559345,FALSE,32.08622407913208,"GRT-{PI, PS(A), DS}",-0.8434505854621035,-0.8434505854621035,3.2858374112116806,3.2858374112116806,-0.3558085989401465,0.12432319332701647,-0.8360223900265377,2.8131636197652803,0,0,0,0,-0.8434505854621035,-0.3558085989401465,FALSE,3.0692317485809326,"GRT-{PI, PS(A), DS}"
592,TRUE,0.08498144149780273,"{PI, PS, DS}",-1.2815515652631622,-1.2815515652631622,0.25334710313532244,0.25334710313532244,-1.322365378899718,1.1024403670030114,-1.322365378899718,1.1024403670030114,0,0,0,0,-1.335177736118937,-1.2206403488473498,0.1800123697927054,0.33603814037182317,-1.335177736118937,1.2206403488473496,-1.3091717167857773,1.0031479676625343,0.7483560128963014,-0.7223382096392954,-0.10125538582394025,-0.06155727823155734,FALSE,28.805150747299194,"GRT-{PI, PS, DS}",-2.7983409126407133,-2.7983409126407133,0.335454090394403,0.335454090394403,-3.1711801070571686,1.9657012286962119,-3.1711801070571686,1.9657012286962119,0,0,0,0,-2.7983409126407133,-3.1711801070571686,FALSE,3.172922372817993,"GRT-{PI, PS, DS}"
593,FALSE,0.08722639083862305,ERROR: x appears to be not positive definite,NA,NA,NA,NA,NA,NA,NA,NA,NA,NA,NA,NA,NA,NA,NA,NA,NA,NA,NA,NA,NA,NA,NA,NA,FALSE,38.43895506858826,"GRT-{1_RHO, PS(B), DS}",-1.780431910996764,-2.478206628188084,0.15563523919715427,2.293214367073468,-0.4982614387825723,2.1809024483941326,-0.4982614387825723,2.1809024483941326,0.6019237564740169,0.6019237564740169,0.6019237564740169,0.6019237564740169,-1.780431910996764,-0.4982614387825723,FALSE,3.2236037254333496,"GRT-{1_RHO, PS(B), DS}"
