dataset,n_trials,rep,tps_target,cm_00,cm_01,cm_02,cm_03,cm_10,cm_11,cm_12,cm_13,cm_20,cm_21,cm_22,cm_23,cm_30,cm_31,cm_32,cm_33,mdsdt_ok,mdsdt_secs,best_model,mdsdt_zx_0,mdsdt_zx_1,mdsdt_zx_2,mdsdt_zx_3,mdsdt_zy_0,mdsdt_zy_1,mdsdt_zy_2,mdsdt_zy_3,mdsdt_rho_0,mdsdt_rho_1,mdsdt_rho_2,mdsdt_rho_3,grtools_ok,grtools_secs,grtools_model,grtools_conv,grtools_zx_0,grtools_zx_1,grtools_zx_2,grtools_zx_3,grtools_zy_0,grtools_zy_1,grtools_zy_2,grtools_zy_3,grtools_rho_0,grtools_rho_1,grtools_rho_2,grtools_rho_3,grin_zx_0,grin_zx_1,grin_zx_2,grin_zx_3,grin_zy_0,grin_zy_1,grin_zy_2,grin_zy_3,grin_rho_0,grin_rho_1,grin_rho_2,grin_rho_3,grin_ok,python_mle_zx_0,python_mle_zx_1,python_mle_zx_2,python_mle_zx_3,python_mle_zy_0,python_mle_zy_1,python_mle_zy_2,python_mle_zy_3,python_mle_rho_0,python_mle_rho_1,python_mle_rho_2,python_mle_rho_3,python_mle_ok
thomas01a,800,1,200,54,102,37,7,31,115,24,30,12,30,82,76,7,24,64,105,True,0.072380781173706,PS(A)_PS(B)_none,-0.659111932105453,-0.659111932105453,0.874514715711568,0.874514715711568,0.068298783352651,0.4856821635822317,0.068298783352651,0.4856821635822317,-0.6663468486420315,-0.3687283884830833,-0.3188785220030487,-0.2238731811393335,True,6.620215654373169,"GRT-{1_RHO, PS, DS}",0,-0.6713293993549175,-0.6713293993549175,0.8746590500606445,0.8746590500606445,0.0676724727399357,0.5039315976339214,0.0676724727399357,0.5039315976339214,-0.4242224754180299,-0.4242224754180299,-0.4242224754180299,-0.4242224754180299,-0.6672000288963318,-0.6256913542747498,0.8720200061798096,0.910706639289856,-0.09428869187831879,0.4578958749771118,-0.12743450701236725,0.43506690859794617,-0.39872807264328003,-0.31169649958610535,-0.3711887300014496,-0.29651084542274475,True,-0.6744944585798341,-0.6744944585798341,0.8969109573804881,0.8969109573804881,0.0688163389005166,0.49675839908262776,0.0688163389005166,0.49675839908262776,-0.6866010351725312,-0.3721733353115453,-0.3320737853102544,-0.24874450671863668,True
thomas01a,800,2,200,66,88,39,7,33,124,25,18,7,24,108,61,4,32,57,107,True,0.0625648498535156,PS(A)_PS(B)_same_rho,-0.7352242832885285,-0.7352242832885285,0.920039441429822,0.920039441429822,-0.114577612273753,0.507837591272293,-0.114577612273753,0.507837591272293,-0.5160809593780125,-0.5160809593780125,-0.5160809593780125,-0.5160809593780125,False,7.611521005630493,"GRT-{1_RHO, PS, DS}",52,-0.754099027961598,-0.754099027961598,0.964156015435744,0.964156015435744,-0.1217698310094244,0.5174446854525155,-0.1217698310094244,0.5174446854525155,-0.5377215075579448,-0.5377215075579448,-0.5377215075579448,-0.5377215075579448,-0.7160362005233765,-0.7327001690864563,0.9742060303688049,0.9208981394767761,-0.22953933477401733,0.49037453532218933,-0.23721735179424286,0.4919658601284027,-0.4731472432613373,-0.48858314752578735,-0.48360416293144226,-0.4478224515914917,True,-0.7523256250398807,-0.7523256250398807,0.9454826315153986,0.9454826315153986,-0.11665813827982198,0.5189398646484777,-0.11665813827982198,0.5189398646484777,-0.5386498172413962,-0.5386498172413962,-0.5386498172413962,-0.5386498172413962,True
thomas01a,800,3,200,64,91,32,13,31,127,18,24,7,18,95,80,3,24,58,115,True,0.0686655044555664,PS(A)_PS(B)_same_rho,-0.748849260451083,-0.748849260451083,1.0780211143332796,1.0780211143332796,0.015637237022646,0.5805675333006137,0.015637237022646,0.5805675333006137,-0.3705644388936606,-0.3705644388936606,-0.3705644388936606,-0.3705644388936606,False,8.060701370239258,"GRT-{1_RHO, PS, DS}",52,-0.7624802227412782,-0.7624802227412782,1.1114890330164569,1.1114890330164569,0.0165848002588557,0.5924097192172564,0.0165848002588557,0.5924097192172564,-0.3859382437865045,-0.3859382437865045,-0.3859382437865045,-0.3859382437865045,-0.7299355864524841,-0.749875545501709,1.154505968093872,1.1357200145721436,-0.09823551774024963,0.5621333122253418,-0.127421572804451,0.5526860952377319,-0.32515549659729004,-0.29751405119895935,-0.3395479619503021,-0.31667765974998474,True,-0.7659672648036371,-0.7659672648036371,1.111800425011691,1.111800425011691,0.016032324486145236,0.5938474042212649,0.016032324486145236,0.5938474042212649,-0.3901986731434013,-0.3901986731434013,-0.3901986731434013,-0.3901986731434013,True
thomas01a,800,4,200,61,86,44,9,38,116,20,26,7,21,85,87,2,27,63,108,True,0.0695500373840332,PS(A)_PS(B)_same_rho,-0.6735964429338341,-0.6735964429338341,1.0415373433706698,1.0415373433706698,0.0222348065139778,0.4859139680842491,0.0222348065139778,0.4859139680842491,-0.4290862111858983,-0.4290862111858983,-0.4290862111858983,-0.4290862111858983,True,7.672205924987793,"GRT-{1_RHO, PS, DS}",0,-0.6692328709354005,-0.6692328709354005,1.067017036536325,1.067017036536325,0.021691234412354,0.4925937649484689,0.021691234412354,0.4925937649484689,-0.4459088692261743,-0.4459088692261743,-0.4459088692261743,-0.4459088692261743,-0.609251081943512,-0.6528058052062988,1.073720932006836,1.0782535076141357,-0.11030930280685425,0.4891912043094635,-0.13275302946567535,0.4665724039077759,-0.4054577648639679,-0.29329317808151245,-0.3368050754070282,-0.3932912349700928,True,-0.6892145747395625,-0.6892145747395625,1.0737375704775862,1.0737375704775862,0.022518489298288084,0.49681343723980775,0.022518489298288084,0.49681343723980775,-0.4519177945957148,-0.4519177945957148,-0.4519177945957148,-0.4519177945957148,True
thomas01a,800,5,200,66,86,37,11,28,120,20,32,9,25,94,72,2,36,64,98,True,0.065711498260498,PS(A)_-_same_rho,-0.658024556066579,-0.658024556066579,0.8943609736553209,0.8943609736553209,-0.0455308025129387,0.6944215458809568,-0.0306899349687159,0.4291738257631936,-0.4417354033097144,-0.4417354033097144,-0.4417354033097144,-0.4417354033097144,True,7.622490406036377,"GRT-{1_RHO, PS, DS}",0,-0.6525079048627684,-0.6525079048627684,0.901082320643496,0.901082320643496,-0.0441368952913843,0.5673923800078957,-0.0441368952913843,0.5673923800078957,-0.4571143314852671,-0.4571143314852671,-0.4571143314852671,-0.4571143314852671,-0.6212940216064453,-0.5943045616149902,0.9260343909263611,0.9093692302703857,-0.1267448514699936,0.5457711815834045,-0.17047859728336334,0.5186542272567749,-0.39079049229621887,-0.3534386456012726,-0.4019182622432709,-0.42134779691696167,True,-0.6728401612786504,-0.6728401612786504,0.9191268175420082,0.9191268175420082,-0.04693499180901599,0.7103939111680616,-0.03131659790811996,0.4396725862688099,-0.46092254791749665,-0.46092254791749665,-0.46092254791749665,-0.46092254791749665,True
thomas01a,800,6,200,75,82,35,8,29,125,19,27,9,33,76,82,5,35,55,105,True,0.0664658546447753,PS(A)_-_same_rho,-0.7472010266592269,-0.7472010266592269,0.8020769725132953,0.8020769725132953,-0.1301380227721263,0.6952911369965982,0.181688476274274,0.5147917874552207,-0.4014830953275373,-0.4014830953275373,-0.4014830953275373,-0.4014830953275373,True,7.673999786376953,"GRT-{1_RHO, PS, DS}",0,-0.7676152379766833,-0.7676152379766833,0.8347279884731637,0.8347279884731637,0.0248986814129996,0.6138031275924177,0.0248986814129996,0.6138031275924177,-0.4149746691824896,-0.4149746691824896,-0.4149746691824896,-0.4149746691824896,-0.739357054233551,-0.7232217192649841,0.7993142604827881,0.8070670962333679,-0.1358543336391449,0.6039549112319946,-0.16102959215641022,0.5283393263816833,-0.3689447045326233,-0.32142922282218933,-0.37524840235710144,-0.35805290937423706,True,-0.7651301208167361,-0.7651301208167361,0.82260416357646,0.82260416357646,-0.13331751705650974,0.711481376526616,0.18509508013825826,0.5268188683195592,-0.42027186680815154,-0.42027186680815154,-0.42027186680815154,-0.42027186680815154,True
thomas01a,800,7,200,65,85,41,9,23,123,25,29,13,27,87,73,4,23,60,113,True,0.1736090183258056,PS(A)_PS(B)_same_rho,-0.622707678969624,-0.622707678969624,0.9219686841412204,0.9219686841412204,-0.055180031304428,0.5849079070533832,-0.055180031304428,0.5849079070533832,-0.4248210708519604,-0.4248210708519604,-0.4248210708519604,-0.4248210708519604,True,6.804964303970337,"GRT-{1_RHO, PS, DS}",0,-0.6292428853869,-0.6292428853869,0.9458988455726812,0.9458988455726812,-0.0568399688953437,0.5970527923585458,-0.0568399688953437,0.5970527923585458,-0.4400958200392671,-0.4400958200392671,-0.4400958200392671,-0.4400958200392671,-0.6013248562812805,-0.596291720867157,0.9205575585365295,0.9817151427268982,-0.16058626770973206,0.5714523792266846,-0.1829972118139267,0.5366319417953491,-0.4069450795650482,-0.3936240077018738,-0.38087376952171326,-0.35047540068626404,True,-0.636381567017838,-0.636381567017838,0.9471176704083022,0.9471176704083022,-0.057629336456608324,0.5992021180801124,-0.057629336456608324,0.5992021180801124,-0.44357971945598057,-0.44357971945598057,-0.44357971945598057,-0.44357971945598057,True
thomas01a,800,8,200,57,105,31,7,38,118,22,22,17,23,92,68,6,36,62,96,True,0.0638656616210937,PS(A)_-_none,-0.8037028159514421,-0.8037028159514421,0.803702815951442,0.803702815951442,0.13136668764886,0.5238335184953578,-0.1090141642285804,0.4007891776653412,-0.6131742312784106,-0.3832949079188472,-0.2088277941262509,-0.3911968198861926,True,7.913455247879028,"GRT-{1_RHO, PS, DS}",0,-0.8015840669994733,-0.8015840669994733,0.7972897106153917,0.7972897106153917,0.014344543632169,0.4679940534844627,0.014344543632169,0.4679940534844627,-0.4136301320346376,-0.4136301320346376,-0.4136301320346376,-0.4136301320346376,-0.826185941696167,-0.773769199848175,0.8105776906013489,0.7669263482093811,-0.15689048171043396,0.4472930133342743,-0.15955094993114471,0.4430987536907196,-0.3703164756298065,-0.3089025020599365,-0.31736254692077637,-0.3577139973640442,True,-0.8238909725576246,-0.8238909725576246,0.8238817210818712,0.8238817210818712,0.13334812572911614,0.5354938396604553,-0.11114837643168866,0.4090521263625067,-0.6338900238354416,-0.3874105272730413,-0.21429672166478467,-0.4199608903332268,True
thomas01a,800,9,200,65,93,36,6,29,127,19,25,14,28,86,72,4,20,58,118,True,0.1703052520751953,-_PS(B)_none,-0.7892748424331818,-0.7276151393240721,0.7879948308570434,1.1267369831091718,-0.0061437354010398,0.5845898570594735,-0.0061437354010398,0.5845898570594735,-0.6105466430532333,-0.4092801581170557,-0.2923164358585828,-0.2199626043807748,True,7.204108953475952,"GRT-{1_RHO, PS, DS}",0,-0.788031306051596,-0.788031306051596,0.9609362227426828,0.9609362227426828,-0.0201549886443589,0.6049332018776051,-0.0201549886443589,0.6049332018776051,-0.4079768238179325,-0.4079768238179325,-0.4079768238179325,-0.4079768238179325,-0.7438905835151672,-0.7449466586112976,0.887785792350769,1.0478852987289429,-0.14188793301582336,0.5594078302383423,-0.17480842769145966,0.5478193759918213,-0.3854225277900696,-0.3171505033969879,-0.3611748218536377,-0.3034309148788452,True,-0.8089763301997134,-0.7451372851377018,0.807624301087963,1.1610299262092345,-0.006272837150217778,0.5977604239915608,-0.006272837150217778,0.5977604239915608,-0.6341692243079748,-0.41233155871706795,-0.3028868240775955,-0.2613064891965156,True
thomas01a,800,10,200,61,81,43,15,25,133,22,20,11,25,91,73,7,33,56,104,True,0.067167043685913,PS(A)_PS(B)_same_rho,-0.6496140567757585,-0.6496140567757585,0.8375739489987618,0.8375739489987618,-0.0199541330062369,0.5658579509712358,-0.0199541330062369,0.5658579509712358,-0.4116813890595596,-0.4116813890595596,-0.4116813890595596,-0.4116813890595596,True,7.695632457733154,"GRT-{1_RHO, PS, DS}",0,-0.6640253605580502,-0.6640253605580502,0.8619444134832439,0.8619444134832439,-0.0187670910679325,0.5794695452783718,-0.0187670910679325,0.5794695452783718,-0.4211609290133787,-0.4211609290133787,-0.4211609290133787,-0.4211609290133787,-0.5733821988105774,-0.6995154023170471,0.8978813886642456,0.8470666408538818,-0.14616641402244568,0.5933610796928406,-0.17049381136894226,0.5634155869483948,-0.36896607279777527,-0.3642643094062805,-0.3814905881881714,-0.3345286548137665,True,-0.6640727593721307,-0.6640727593721307,0.8591067192931516,0.8591067192931516,-0.019740712814922522,0.5780201491436929,-0.019740712814922522,0.5780201491436929,-0.42687352458718314,-0.42687352458718314,-0.42687352458718314,-0.42687352458718314,True
thomas01a,400,1,100,26,50,20,4,20,59,12,9,4,8,55,33,0,6,31,63,True,0.0777280330657959,PS(A)_-_same_rho,-0.7260070060704198,-0.7260070060704198,1.2376790489571978,1.2376790489571978,0.1057518110956778,0.4368660048206476,-0.2477001538114981,0.4944366781951056,-0.4743043514348702,-0.4743043514348702,-0.4743043514348702,-0.4743043514348702,False,7.688069581985474,"GRT-{1_RHO, PS, DS}",52,-0.7228701952813898,-0.7228701952813898,1.3049038350543058,1.3049038350543058,-0.0678424048967492,0.4820349467746291,-0.0678424048967492,0.4820349467746291,-0.5118298231614884,-0.5118298231614884,-0.5118298231614884,-0.5118298231614884,-0.6433043479919434,-0.7434960007667542,1.3397525548934937,1.4667431116104126,-0.1855764389038086,0.4524049460887909,-0.18632718920707703,0.49490639567375183,-0.4956175684928894,-0.4581928253173828,-0.4431498050689697,-0.5043220520019531,True,-0.7596362914264018,-0.7596362914264018,1.3314564065706824,1.3314564065706824,0.11054626190505122,0.45337541864299447,-0.26528548439199623,0.5250034550548898,-0.5310801229268288,-0.5310801229268288,-0.5310801229268288,-0.5310801229268288,True
thomas01a,400,2,100,27,51,14,8,18,67,9,6,3,13,43,41,2,14,22,62,True,0.069448709487915,PS(A)_PS(B)_same_rho,-0.8519315463356789,-0.8519315463356789,0.934248064770175,0.934248064770175,0.1704668878289676,0.614270073780517,0.1704668878289676,0.614270073780517,-0.384450261006719,-0.384450261006719,-0.384450261006719,-0.384450261006719,True,7.806116819381714,"GRT-{1_RHO, PS, DS}",0,-0.8846891879899537,-0.8846891879899537,0.9920793722355884,0.9920793722355884,0.1825162063630772,0.6311401562600882,0.1825162063630772,0.6311401562600882,-0.4310804840765809,-0.4310804840765809,-0.4310804840765809,-0.4310804840765809,-0.8370585441589355,-0.9706850647926331,1.004976511001587,0.9982686042785645,-0.06861872971057892,0.6080812215805054,-0.0712437629699707,0.6186537146568298,-0.3246992528438568,-0.41382575035095215,-0.3639051914215088,-0.32047179341316223,True,-0.8952022139560118,-0.8952022139560118,0.9873242847977587,0.9873242847977587,0.1792215982234362,0.6409946454243416,0.1792215982234362,0.6409946454243416,-0.42323999328288975,-0.42323999328288975,-0.42323999328288975,-0.42323999328288975,True
thomas01a,400,3,100,30,41,28,1,10,60,16,14,11,11,40,38,2,10,34,54,True,0.065126895904541,PS(A)_PS(B)_none,-0.514454327926902,-0.514454327926902,0.8950522880033723,0.8950522880033723,-0.1258918240038924,0.4992669675674301,-0.1258918240038924,0.4992669675674301,-0.7858069425496911,-0.6013861337954121,-0.0318330120133948,-0.2932777015989404,True,8.127293586730957,"GRT-{1_RHO, PS, DS}",0,-0.5449322275677989,-0.5449322275677989,0.9232645194938351,0.9232645194938351,-0.1423716946067696,0.5231732331440968,-0.1423716946067696,0.5231732331440968,-0.4750332436548262,-0.4750332436548262,-0.4750332436548262,-0.4750332436548262,-0.4700736105442047,-0.47460559010505676,0.8578791618347168,1.0422062873840332,-0.2094883918762207,0.5190325975418091,-0.19369308650493622,0.44284939765930176,-0.4229576587677002,-0.4436942934989929,-0.20339706540107727,-0.2991778254508972,True,-0.53831759674092,-0.53831759674092,0.9412429278001899,0.9412429278001899,-0.13292255286944657,0.524506971716886,-0.13292255286944657,0.524506971716886,-0.8463975544115534,-0.6206863149989499,-0.0337579190171128,-0.37034605189370723,True
thomas01a,400,4,100,30,42,20,8,17,58,9,16,8,13,39,40,0,18,31,51,True,0.1222205162048339,PS(A)_PS(B)_same_rho,-0.5977493320769115,-0.5977493320769115,0.8162640675891488,0.8162640675891488,0.0336995768029031,0.5472815899516822,0.0336995768029031,0.5472815899516822,-0.3402529284767075,-0.3402529284767075,-0.3402529284767075,-0.3402529284767075,True,8.647992610931396,"GRT-{1_RHO, PS, DS}",0,-0.6203746608817822,-0.6203746608817822,0.8542371688725234,0.8542371688725234,0.0325493655650521,0.5698534019987554,0.0325493655650521,0.5698534019987554,-0.3669752252665376,-0.3669752252665376,-0.3669752252665376,-0.3669752252665376,-0.5444897413253784,-0.6053635478019714,0.8477131128311157,0.9025271534919739,-0.09985720366239548,0.5430190563201904,-0.1286384016275406,0.550162672996521,-0.3684583306312561,-0.2910405397415161,-0.32399627566337585,-0.4701118469238281,True,-0.6279143706256525,-0.6279143706256525,0.8502263334934665,0.8502263334934665,0.040501639589126545,0.571544221051821,0.040501639589126545,0.571544221051821,-0.43624729379401234,-0.23607500090950276,-0.1637089902245337,-0.9593783386155527,True
thomas01a,400,5,100,28,43,21,8,14,59,11,16,6,6,50,38,3,12,29,56,True,0.0626282691955566,PS(A)_PS(B)_same_rho,-0.5443445235310129,-0.5443445235310129,1.017127394469599,1.017127394469599,-0.0552344582470196,0.5372931428137084,-0.0552344582470196,0.5372931428137084,-0.2965864852387707,-0.2965864852387707,-0.2965864852387707,-0.2965864852387707,True,7.790058851242065,"GRT-{1_RHO, PS, DS}",0,-0.5623533670393509,-0.5623533670393509,1.076857491871369,1.076857491871369,-0.0544382287143773,0.5582984731063297,-0.0544382287143773,0.5582984731063297,-0.317680249123309,-0.317680249123309,-0.317680249123309,-0.317680249123309,-0.5343929529190063,-0.5425951480865479,1.133547306060791,1.098201870918274,-0.17151327431201935,0.5541043877601624,-0.17511768639087677,0.5145334601402283,-0.2562545835971832,-0.22188766300678253,-0.14454779028892517,-0.18711306154727936,True,-0.5672175052425228,-0.5672175052425228,1.0769286234460551,1.0769286234460551,-0.05718937246756257,0.5609800954662773,-0.05718937246756257,0.5609800954662773,-0.3207458912756129,-0.3207458912756129,-0.3207458912756129,-0.3207458912756129,True
thomas01a,400,6,100,33,44,18,5,22,54,11,13,6,9,47,38,1,10,33,56,True,0.0707736015319824,PS(A)_PS(B)_same_rho,-0.6879627158103272,-0.6879627158103272,1.054486543702763,1.054486543702763,-0.0569605392843488,0.4158362659262704,-0.0569605392843488,0.4158362659262704,-0.3216272201226406,-0.3216272201226406,-0.3216272201226406,-0.3216272201226406,True,7.038491487503052,"GRT-{1_RHO, PS, DS}",0,-0.7211191803462892,-0.7211191803462892,1.1215849916577278,1.1215849916577278,-0.0596511478799326,0.435124854355523,-0.0596511478799326,0.435124854355523,-0.3512437608004711,-0.3512437608004711,-0.3512437608004711,-0.3512437608004711,-0.6467587947845459,-0.687527596950531,1.1457852125167847,1.1596670150756836,-0.14651569724082947,0.39712756872177124,-0.15265683829784393,0.40941321849823,-0.350106418132782,-0.24691718816757202,-0.2729623019695282,-0.32059940695762634,True,-0.7200301844242206,-0.7200301844242206,1.1194459547097357,1.1194459547097357,-0.06075896180184046,0.43497370407660996,-0.06075896180184046,0.43497370407660996,-0.35403376823230787,-0.35403376823230787,-0.35403376823230787,-0.35403376823230787,True
thomas01a,400,7,100,34,45,18,3,17,58,14,11,11,7,48,34,2,15,28,55,True,0.0636529922485351,PS(A)_PS(B)_none,-0.6922787359632682,-0.6922787359632682,0.8885018532217429,0.8885018532217429,-0.1397971580516327,0.4965669076976625,-0.1397971580516327,0.4965669076976625,-0.5727080501451808,-0.4819855471950089,0.0257724727739564,-0.3188614318161265,True,7.511073350906372,"GRT-{1_RHO, PS, DS}",0,-0.7370872561327649,-0.7370872561327649,0.9069857564342604,0.9069857564342604,-0.1482895932739335,0.5177864272851952,-0.1482895932739335,0.5177864272851952,-0.3827181454936403,-0.3827181454936403,-0.3827181454936403,-0.3827181454936403,-0.6987262964248657,-0.6728245615959167,0.9351706504821777,0.899458646774292,-0.21630962193012238,0.45213592052459717,-0.21782638132572174,0.4815315008163452,-0.3595671057701111,-0.32708436250686646,-0.18284498155117035,-0.3010980188846588,True,-0.7246387373378478,-0.7246387373378478,0.9364908814580213,0.9364908814580213,-0.14583446053100765,0.5186892159759883,-0.14583446053100765,0.5186892159759883,-0.6186026371171379,-0.49661907443638537,0.03894998642716394,-0.39590033400072355,True
thomas01a,400,8,100,33,38,21,8,15,60,13,12,8,10,52,30,1,17,24,58,True,0.0758161544799804,PS(A)_PS(B)_same_rho,-0.5837740935397344,-0.5837740935397344,0.8613572806465055,0.8613572806465055,-0.1632934998480201,0.595831075768144,-0.1632934998480201,0.595831075768144,-0.3730308095980651,-0.3730308095980651,-0.3730308095980651,-0.3730308095980651,True,7.357092380523682,"GRT-{1_RHO, PS, DS}",0,-0.6119630129123691,-0.6119630129123691,0.9128292267597832,0.9128292267597832,-0.1675911818195243,0.6220956047535475,-0.1675911818195243,0.6220956047535475,-0.4032136162894594,-0.4032136162894594,-0.4032136162894594,-0.4032136162894594,-0.5497822761535645,-0.5853922367095947,0.8777002692222595,0.9301719665527344,-0.23264968395233154,0.5772559642791748,-0.22387199103832245,0.6191696524620056,-0.3325524926185608,-0.3204419016838074,-0.3173789083957672,-0.3574325442314148,True,-0.6096834138845723,-0.6096834138845723,0.907336872451851,0.907336872451851,-0.1695391000831075,0.6235193894270135,-0.1695391000831075,0.6235193894270135,-0.40415586920251717,-0.40415586920251717,-0.40415586920251717,-0.40415586920251717,True
thomas01a,400,9,100,35,45,19,1,17,68,4,11,4,10,46,40,1,17,37,45,True,0.2810971736907959,PS(A)_-_none,-0.8871465590188763,-0.8871465590188763,0.9420757749957764,0.9420757749957764,-0.0681503142526757,0.7612596228454481,0.0106831484770599,0.2756995062300546,-0.6844657417789776,-0.156880353538885,-0.3106626223293913,-0.5613861780738688,True,7.552204847335815,"GRT-{1_RHO, PS, DS}",0,-0.9185143779447814,-0.9185143779447814,0.953445150175958,0.953445150175958,-0.0490574841829748,0.5310854676342641,-0.0490574841829748,0.5310854676342641,-0.4881539971800683,-0.4881539971800683,-0.4881539971800683,-0.4881539971800683,-0.8451326489448547,-0.9435696601867676,1.0094845294952393,0.9372560381889343,-0.18916906416416168,0.654917299747467,-0.16246561706066132,0.403677761554718,-0.41681304574012756,-0.27616047859191895,-0.34462517499923706,-0.4200238287448883,True,-0.9345939553169548,-0.9345939553169548,0.9944536164574348,0.9944536164574348,-0.06821567008446978,0.8006527468168948,0.012486667835460472,0.2847480131059504,-0.7581316230023211,-0.12325039616753504,-0.3459771970949041,-0.6539657254682871,True
thomas01a,400,10,100,37,37,19,7,20,56,15,9,6,13,41,40,5,16,27,52,True,0.0725936889648437,PS(A)_PS(B)_same_rho,-0.6624087704029986,-0.6624087704029986,0.8101234091787837,0.8101234091787837,-0.0307192958658724,0.4027633211609377,-0.0307192958658724,0.4027633211609377,-0.3137266341998028,-0.3137266341998028,-0.3137266341998028,-0.3137266341998028,True,7.939048528671265,"GRT-{1_RHO, PS, DS}",0,-0.6960823687722143,-0.6960823687722143,0.8492822895869284,0.8492822895869284,-0.0230226819244664,0.4202077132425824,-0.0230226819244664,0.4202077132425824,-0.3347645695365958,-0.3347645695365958,-0.3347645695365958,-0.3347645695365958,-0.6491898894309998,-0.6565819382667542,0.8515036702156067,0.8200221061706543,-0.14195244014263153,0.4007173776626587,-0.15766502916812897,0.39269164204597473,-0.3330214023590088,-0.3949306905269623,-0.33732306957244873,-0.28087326884269714,True,-0.6945476788448642,-0.6945476788448642,0.8518569597971991,0.8518569597971991,-0.03144945749979648,0.4193113264711436,-0.03144945749979648,0.4193113264711436,-0.33951201340423254,-0.33951201340423254,-0.33951201340423254,-0.33951201340423254,True
thomas01a,200,1,50,17,28,4,1,8,30,2,10,2,5,21,22,2,6,17,25,True,0.0676486492156982,PS(A)_PS(B)_all,-0.8616341201741724,-0.8616341201741724,0.9310033102379448,0.9310033102379448,0.139710298881862,0.5084880591093566,0.139710298881862,0.5084880591093566,0.0,0.0,0.0,0.0,False,7.9653480052948,"GRT-{PI, PS, DS}",52,-0.9737408627442856,-0.9737408627442856,1.03439365018088,1.03439365018088,0.1571835558652091,0.5623106337322331,0.1571835558652091,0.5623106337322331,0.0,0.0,0.0,0.0,-1.1083709001541138,-0.7391365170478821,1.1042430400848389,0.9566953778266907,-0.07489735633134842,0.6379688382148743,-0.0748215839266777,0.4917145073413849,-0.18771103024482727,-0.03534461930394173,-0.2038399875164032,-0.16452476382255554,True,-0.9533470799324788,-0.9533470799324788,1.037649866968057,1.037649866968057,0.1730979893669829,0.8647360565203928,0.1048493525610169,0.30160434594562735,-0.22107581767209608,-0.22107581767209608,-0.22107581767209608,-0.22107581767209608,True
thomas01a,200,2,50,17,18,14,1,3,32,5,10,3,5,26,16,0,2,16,32,True,0.0738670825958252,PS(A)_PS(B)_same_rho,-0.4627334213781923,-0.4627334213781923,1.096436200286331,1.096436200286331,-0.2630166603684357,0.6645915234231558,-0.2630166603684357,0.6645915234231558,-0.4371811588514522,-0.4371811588514522,-0.4371811588514522,-0.4371811588514522,True,8.27472186088562,"GRT-{1_RHO, PS, DS}",0,-0.4946297966507804,-0.4946297966507804,1.2497210964417125,1.2497210964417125,-0.2953873982183113,0.7403181179841976,-0.2953873982183113,0.7403181179841976,-0.5536149002220594,-0.5536149002220594,-0.5536149002220594,-0.5536149002220594,-0.4338679611682892,-0.5013986825942993,1.1340376138687134,1.7072274684906006,-0.28135302662849426,0.8834244012832642,-0.28031808137893677,0.6006077527999878,-0.4938848912715912,-0.48045989871025085,-0.45708167552948,-0.4903586506843567,True,-0.5556452396658217,-0.43687154756672464,0.9913372543838586,1.7072918466625489,-0.25779493482002025,0.7070055934579256,-0.25779493482002025,0.7070055934579256,-0.5594381983612985,-0.5594381983612985,-0.5594381983612985,-0.5594381983612985,True
thomas01a,200,3,50,18,23,8,1,7,28,8,7,3,7,24,16,0,6,16,28,True,0.0774133205413818,PS(A)_PS(B)_same_rho,-0.6409808313384119,-0.6409808313384119,0.8840591598998232,0.8840591598998232,-0.10827460247613,0.493231366706759,-0.10827460247613,0.493231366706759,-0.4558201272939512,-0.4558201272939512,-0.4558201272939512,-0.4558201272939512,True,7.985268831253052,"GRT-{1_RHO, PS, DS}",0,-0.6965863282640741,-0.6965863282640741,0.9780538073785736,0.9780538073785736,-0.1239334890797212,0.5442406040729516,-0.1239334890797212,0.5442406040729516,-0.5374671879846059,-0.5374671879846059,-0.5374671879846059,-0.5374671879846059,-0.7054219245910645,-0.5841610431671143,0.9519514441490173,1.1451561450958252,-0.20061779022216797,0.4822835922241211,-0.20789077877998352,0.5165674686431885,-0.48241668939590454,-0.4382168650627136,-0.48081520199775696,-0.5347020626068115,True,-0.6987017211932748,-0.6987017211932748,0.9829499686053014,0.9829499686053014,-0.12923575942026252,0.5489512616141959,-0.12923575942026252,0.5489512616141959,-0.5465025884311527,-0.5465025884311527,-0.5465025884311527,-0.5465025884311527,True
thomas01a,200,4,50,11,31,6,2,12,25,5,8,6,5,24,15,2,9,13,26,True,0.0709023475646972,PS(A)_-_same_rho,-0.7365288614135238,-0.7365288614135238,0.7014330752949026,0.7014330752949026,0.3630224166924828,0.3991885018952609,-0.233646063071217,0.481427287687469,-0.2393051742749977,-0.2393051742749977,-0.2393051742749977,-0.2393051742749977,True,7.976943492889404,"GRT-{1_RHO, PS, DS}",0,-0.7701082392797871,-0.7701082392797871,0.7511643841353355,0.7511643841353355,0.0614236105327507,0.4786985984681997,0.0614236105327507,0.4786985984681997,-0.2781691177266867,-0.2781691177266867,-0.2781691177266867,-0.2781691177266867,-0.7892118692398071,-0.6912094354629517,0.7958016991615295,0.715165913105011,-0.09811677783727646,0.3700786530971527,-0.23456212878227234,0.49897271394729614,-0.25105705857276917,-0.1403978168964386,-0.16492119431495667,-0.20496749877929688,True,-0.8092236430581579,-0.8092236430581579,0.7695435229077262,0.7695435229077262,0.3908953003430988,0.43542771033764727,-0.25277127621954004,0.5247690880187552,-0.2657443555942576,-0.2657443555942576,-0.2657443555942576,-0.2657443555942576,True
thomas01a,200,5,50,14,27,7,2,11,29,3,7,2,7,24,17,0,7,12,31,True,0.0756196975708007,PS(A)_PS(B)_same_rho,-0.7880991382202213,-0.7880991382202213,0.890079330990634,0.890079330990634,0.0607252855636395,0.5945009042655675,0.0607252855636395,0.5945009042655675,-0.3501105902435982,-0.3501105902435982,-0.3501105902435982,-0.3501105902435982,True,7.312053203582764,"GRT-{1_RHO, PS, DS}",0,-0.8602033929164563,-0.8602033929164563,0.9804602016080072,0.9804602016080072,0.0745579823953823,0.6433878794026368,0.0745579823953823,0.6433878794026368,-0.4204269508773213,-0.4204269508773213,-0.4204269508773213,-0.4204269508773213,-0.7756173014640808,-0.8415045142173767,1.0008429288864136,1.0534390211105347,-0.11503932625055313,0.5880205631256104,-0.1364648938179016,0.6783674359321594,-0.39122557640075684,-0.24410347640514374,-0.384592741727829,-0.4603492319583893,True,-0.8651417458933623,-0.8651417458933623,0.9918872894926914,0.9918872894926914,0.06237939283553779,0.6522589972804747,0.06237939283553779,0.6522589972804747,-0.426216384489828,-0.426216384489828,-0.426216384489828,-0.426216384489828,True
thomas01a,200,6,50,15,21,12,2,8,37,2,3,2,6,23,19,2,10,12,26,True,0.2852296829223633,-_PS(B)_same_rho,-0.5550466250156613,-1.0986934255941525,0.9052481429485112,0.6136352668836257,-0.0476621828041402,0.6410015090516615,-0.0476621828041402,0.6410015090516615,-0.3833472975908354,-0.3833472975908354,-0.3833472975908354,-0.3833472975908354,True,8.123418807983398,"GRT-{1_RHO, PS, DS}",0,-0.8752421154233395,-0.8752421154233395,0.8317735146757729,0.8317735146757729,-0.0004207264209203,0.6468998616220707,-0.0004207264209203,0.6468998616220707,-0.4440206158580197,-0.4440206158580197,-0.4440206158580197,-0.4440206158580197,-0.5678669214248657,-1.2045600414276123,0.9941371083259583,0.6990376114845276,-0.18633201718330383,0.7189686298370361,-0.20555095374584198,0.6678030490875244,-0.4000966250896454,-0.32381951808929443,-0.35109421610832214,-0.30972930788993835,True,-0.609015747129011,-1.2366474198470385,1.0068633365948698,0.668185318227727,-0.05197432047196598,0.7001808617395754,-0.05197432047196598,0.7001808617395754,-0.4418567676560797,-0.4418567676560797,-0.4418567676560797,-0.4418567676560797,True
thomas01a,200,7,50,11,22,14,3,7,33,2,8,3,6,22,19,0,8,10,32,True,2.3205432891845703,PS(A)_PS(B)_same_rho,-0.5624778333574196,-0.5624778333574196,0.8538778741461228,0.8538778741461228,0.0146283649551784,0.772588873984262,0.0146283649551784,0.772588873984262,-0.3716043262937612,-0.3716043262937612,-0.3716043262937612,-0.3716043262937612,True,7.844058752059936,"GRT-{1_RHO, PS, DS}",0,-0.6179080723553447,-0.6179080723553447,0.9597526162369092,0.9597526162369092,0.0189942642674755,0.8527456856593127,0.0189942642674755,0.8527456856593127,-0.4448404748494241,-0.4448404748494241,-0.4448404748494241,-0.4448404748494241,-0.4326537251472473,-0.6777111887931824,0.9038575887680054,1.025023341178894,-0.1405084729194641,0.8639614582061768,-0.14874622225761414,0.8695017099380493,-0.4173083007335663,-0.2188756763935089,-0.32797232270240784,-0.4469863772392273,True,-0.6126592265237658,-0.6126592265237658,0.9484596445771877,0.9484596445771877,0.01750454812282068,0.8488955101851368,0.01750454812282068,0.8488955101851368,-0.4463882170361992,-0.4463882170361992,-0.4463882170361992,-0.4463882170361992,True
thomas01a,200,8,50,14,21,14,1,11,21,9,9,1,6,24,19,0,6,9,35,True,0.1194305419921875,PS(A)_-_same_rho,-0.4077596783100481,-0.4077596783100481,1.0004311637256158,1.0004311637256158,-0.1673876482763031,0.2539411452640015,-0.0052944784106796,0.8232468728033074,-0.4267791877735668,-0.4267791877735668,-0.4267791877735668,-0.4267791877735668,False,7.082641839981079,"GRT-{1_RHO, PS, DS}",52,-0.4957780335440632,-0.4957780335440632,1.1687001135999568,1.1687001135999568,-0.0896488932031143,0.5584386178557884,-0.0896488932031143,0.5584386178557884,-0.5360977756465419,-0.5360977756465419,-0.5360977756465419,-0.5360977756465419,-0.4215613305568695,-0.40284085273742676,1.1860313415527344,1.1877901554107666,-0.20025084912776947,0.35664665699005127,-0.21640431880950928,0.8161787986755371,-0.4520721435546875,-0.2878037095069885,-0.3948709964752197,-0.4657200574874878,True,-0.4407321956585864,-0.4407321956585864,1.1305561757982565,1.1305561757982565,-0.1918795991463717,0.28155679588855886,-0.009610233385527925,0.9268137057944477,-0.5428825584430466,-0.5428825584430466,-0.5428825584430466,-0.5428825584430466,True
thomas01a,200,9,50,19,23,7,1,4,32,7,7,4,5,25,16,1,10,18,21,True,0.0676109790802002,PS(A)_PS(B)_same_rho,-0.6681353552809194,-0.6681353552809194,0.7237060149314057,0.7237060149314057,-0.1320846864230889,0.5028652913139844,-0.1320846864230889,0.5028652913139844,-0.446491541211192,-0.446491541211192,-0.446491541211192,-0.446491541211192,True,7.940175771713257,"GRT-{1_RHO, PS, DS}",0,-0.7205897370125546,-0.7205897370125546,0.790120032079879,0.790120032079879,-0.1505742149769711,0.5479405007814789,-0.1505742149769711,0.5479405007814789,-0.5076217047113579,-0.5076217047113579,-0.5076217047113579,-0.5076217047113579,-0.8101738691329956,-0.6483525037765503,0.8643744587898254,0.7444441914558411,-0.23561881482601166,0.6327754259109497,-0.2563330829143524,0.45893537998199463,-0.40633705258369446,-0.46865248680114746,-0.36639052629470825,-0.4347452223300934,True,-0.779221820407753,-0.779221820407753,0.8332219763872899,0.8332219763872899,-0.10647481494269989,0.8450632285358832,-0.1876117635760777,0.2949466584387375,-0.5292936689244185,-0.5292936689244185,-0.5292936689244185,-0.5292936689244185,True
thomas01a,200,10,50,19,25,3,3,7,31,8,4,4,3,25,18,2,6,14,28,True,0.0763254165649414,PS(A)_PS(B)_same_rho,-0.8188088787695075,-0.8188088787695075,0.90865396768705,0.90865396768705,-0.032699770437618,0.4678085338280353,-0.032699770437618,0.4678085338280353,-0.2492519682184721,-0.2492519682184721,-0.2492519682184721,-0.2492519682184721,True,7.905588388442993,"GRT-{1_RHO, PS, DS}",0,-0.9054262930424632,-0.9054262930424632,1.005335065084049,1.005335065084049,-0.0285668204976825,0.5104993672271839,-0.0285668204976825,0.5104993672271839,-0.2820896556490073,-0.2820896556490073,-0.2820896556490073,-0.2820896556490073,-1.0767335891723633,-0.8158254027366638,1.1214702129364014,0.9928970336914062,-0.18111386895179749,0.4915412962436676,-0.16707463562488556,0.4649031162261963,-0.1767665445804596,-0.39285650849342346,-0.15366844832897186,-0.1543276607990265,True,-0.9034590351497007,-0.9034590351497007,1.007968991247783,1.007968991247783,-0.0371748156022963,0.5110337870400291,-0.0371748156022963,0.5110337870400291,-0.2880128387404986,-0.2880128387404986,-0.2880128387404986,-0.2880128387404986,True
thomas01a,100,1,25,7,13,5,0,3,15,5,2,1,4,8,12,1,3,7,14,True,0.0758874416351318,PS(A)_PS(B)_same_rho,-0.6238723596211384,-0.6238723596211384,0.7558737527872258,0.7558737527872258,0.1526270053845421,0.4143837815606791,0.1526270053845421,0.4143837815606791,-0.4238587829388953,-0.4238587829388953,-0.4238587829388953,-0.4238587829388953,True,7.855844497680664,"GRT-{1_RHO, PS, DS}",0,-0.7443461895862385,-0.7443461895862385,0.8954381817409928,0.8954381817409928,0.1753507839378417,0.4922852519623346,0.1753507839378417,0.4922852519623346,-0.5602099628304423,-0.5602099628304423,-0.5602099628304423,-0.5602099628304423,-0.7082048058509827,-0.6320194005966187,0.9629344344139099,0.9082213044166565,-0.12326333671808243,0.494485080242157,-0.12981660664081573,0.4750175476074219,-0.5251909494400024,-0.5542303323745728,-0.4158470034599304,-0.3095112144947052,True,-0.7522050043581725,-0.7522050043581725,0.9066860976909538,0.9066860976909538,0.16466048850425946,0.49149853094971435,0.16466048850425946,0.49149853094971435,-0.5639326800222524,-0.5639326800222524,-0.5639326800222524,-0.5639326800222524,True
thomas01a,100,2,25,7,11,6,1,3,15,4,3,1,1,10,13,0,3,9,13,True,0.0710296630859375,PS(A)_PS(B)_same_rho,-0.4996996391347116,-0.4996996391347116,0.9993041128212926,0.9993041128212926,0.0443748530029796,0.3968798779381045,0.0443748530029796,0.3968798779381045,-0.3789029500224785,-0.3789029500224785,-0.3789029500224785,-0.3789029500224785,True,7.213139057159424,"GRT-{1_RHO, PS, DS}",0,-0.5915882830382787,-0.5915882830382787,1.2578269302736196,1.2578269302736196,0.0503430629087955,0.4653190030163827,0.0503430629087955,0.4653190030163827,-0.5329610904148842,-0.5329610904148842,-0.5329610904148842,-0.5329610904148842,-0.5889852643013,-0.5633758902549744,1.3714184761047363,1.3302351236343384,-0.14747092127799988,0.4589442014694214,-0.17319728434085846,0.45845213532447815,-0.445968896150589,-0.47709956765174866,-0.3214559257030487,-0.45724570751190186,True,-0.5876420564961116,-0.5876420564961116,1.26207677107473,1.26207677107473,0.04500856146603853,0.47237207302228723,0.04500856146603853,0.47237207302228723,-0.5392912713332342,-0.5392912713332342,-0.5392912713332342,-0.5392912713332342,True
thomas01a,100,3,25,8,11,4,2,2,13,3,7,2,1,15,7,1,2,7,15,True,0.0667324066162109,PS(A)_PS(B)_all,-0.3993230673495511,-0.3993230673495511,0.944669591394476,0.944669591394476,-0.1737410619117728,0.5443409149356107,-0.1737410619117728,0.5443409149356107,0.0,0.0,0.0,0.0,False,7.746803283691406,"GRT-{PI, PS, DS}",52,-0.4734794901933117,-0.4734794901933117,1.1710917191676755,1.1710917191676755,-0.1875421104375254,0.6456921117820932,-0.1875421104375254,0.6456921117820932,0.0,0.0,0.0,0.0,-0.5256953835487366,-0.35755759477615356,1.2754915952682495,1.2157087326049805,-0.19227179884910583,0.8030490279197693,-0.37274688482284546,0.5303771495819092,-0.1702980101108551,-0.1903211623430252,-0.11314244568347931,-0.05895953252911568,True,-0.4676997616183878,-0.4676997616183878,1.1749866959417843,1.1749866959417843,-0.2018917933904882,0.6433442608186832,-0.2018917933904882,0.6433442608186832,0.0,0.0,0.0,0.0,True
thomas01a,100,4,25,10,11,4,0,2,12,5,6,3,3,9,10,0,5,9,11,True,0.0734314918518066,-_PS(B)_same_rho,-0.8455057857915572,-0.1096306332132743,0.6001080565656355,0.6889506527736036,-0.0449036115793414,0.4027766636044874,-0.0449036115793414,0.4027766636044874,-0.3597083807339936,-0.3597083807339936,-0.3597083807339936,-0.3597083807339936,True,7.508856773376465,"GRT-{1_RHO, PS, DS}",0,-0.5156316664057847,-0.5156316664057847,0.7645918264955316,0.7645918264955316,-0.1277119162553899,0.5433661847711813,-0.1277119162553899,0.5433661847711813,-0.4567458235207585,-0.4567458235207585,-0.4567458235207585,-0.4567458235207585,-0.8071022629737854,-0.3765473961830139,0.6933869123458862,0.8053523898124695,-0.20121750235557556,0.5213298201560974,-0.21491025388240814,0.4816451668739319,-0.5000396966934204,-0.4390393793582916,-0.32159745693206787,-0.514574408531189,True,-1.0515958631859956,-0.11815061309796478,0.703331726142501,0.83514077907973,-0.05653545110878833,0.4758124610356809,-0.05653545110878833,0.4758124610356809,-0.4979110746725953,-0.4979110746725953,-0.4979110746725953,-0.4979110746725953,True
thomas01a,100,5,25,9,13,3,0,4,15,3,3,2,3,13,7,1,3,8,13,True,0.0712752342224121,PS(A)_PS(B)_same_rho,-0.7398079264908223,-0.7398079264908223,0.72907353859409,0.72907353859409,-0.1073793103040318,0.4169933105062099,-0.1073793103040318,0.4169933105062099,-0.3320035195233585,-0.3320035195233585,-0.3320035195233585,-0.3320035195233585,True,8.291479587554932,"GRT-{1_RHO, PS, DS}",0,-0.8897733047223707,-0.8897733047223707,0.8787732466748793,0.8787732466748793,-0.1295709955128855,0.4956424337762587,-0.1295709955128855,0.4956424337762587,-0.4285973377718601,-0.4285973377718601,-0.4285973377718601,-0.4285973377718601,-0.992104172706604,-0.7914445996284485,0.9310071468353271,0.9002726674079895,-0.25782784819602966,0.4918961226940155,-0.25846755504608154,0.47000569105148315,-0.4347209930419922,-0.3014080822467804,-0.3403068482875824,-0.23547592759132385,True,-0.8886148934342509,-0.8886148934342509,0.8698915111173279,0.8698915111173279,-0.1353458823708696,0.4966190507247261,-0.1353458823708696,0.4966190507247261,-0.4315407421072479,-0.4315407421072479,-0.4315407421072479,-0.4315407421072479,True
thomas01a,100,6,25,8,11,6,0,2,16,4,3,4,2,14,5,0,3,3,19,True,0.0727071762084961,PS(A)_PS(B)_same_rho,-0.5505502460762527,-0.5505502460762527,0.7328692694889976,0.7328692694889976,-0.3337180958975755,0.7766936753981809,-0.3337180958975755,0.7766936753981809,-0.396826889817376,-0.396826889817376,-0.396826889817376,-0.396826889817376,True,8.79575777053833,"GRT-{1_RHO, PS, DS}",0,-0.6607825019094921,-0.6607825019094921,0.8677859793130521,0.8677859793130521,-0.4071521970467892,0.9560875073175702,-0.4071521970467892,0.9560875073175702,-0.5603355251300958,-0.5603355251300958,-0.5603355251300958,-0.5603355251300958,-0.6246574521064758,-0.5962221026420593,0.8080645203590393,1.052437424659729,-0.350880891084671,0.8506538271903992,-0.45208221673965454,1.127832055091858,-0.5783590078353882,-0.595965564250946,-0.41517066955566406,-0.48206961154937744,True,-0.661684543476289,-0.661684543476289,0.8671843090805333,0.8671843090805333,-0.4116802349573714,0.954030358938956,-0.4116802349573714,0.954030358938956,-0.5649221704809322,-0.5649221704809322,-0.5649221704809322,-0.5649221704809322,True
thomas01a,100,7,25,5,11,7,2,7,14,2,2,0,2,16,7,0,3,9,13,True,0.0816638469696044,PS(A)_PS(B)_same_rho,-0.5205542587723734,-0.5205542587723734,0.9921561185346346,0.9921561185346346,-0.0918815486651227,0.2652950177981944,-0.0918815486651227,0.2652950177981944,-0.4255618262421967,-0.4255618262421967,-0.4255618262421967,-0.4255618262421967,True,8.339355230331421,"GRT-{1_RHO, PS, DS}",0,-0.6013059068166184,-0.6013059068166184,1.2614688856312504,1.2614688856312504,-0.0945685255429447,0.2938275300156504,-0.0945685255429447,0.2938275300156504,-0.5803345726295331,-0.5803345726295331,-0.5803345726295331,-0.5803345726295331,-0.43035653233528137,-0.8742754459381104,1.4992822408676147,1.2380595207214355,-0.19732870161533356,0.3783116936683655,-0.22466666996479034,0.4033058285713196,-0.46386396884918213,-0.34070026874542236,-0.4890645742416382,-0.4902975559234619,True,-0.5998407098553243,-0.5998407098553243,1.2700404828745206,1.2700404828745206,-0.08333241850739281,0.2908485193122391,-0.08333241850739281,0.2908485193122391,-0.5830399188204786,-0.5830399188204786,-0.5830399188204786,-0.5830399188204786,True
thomas01a,100,8,25,11,6,7,1,3,16,4,2,1,6,12,6,2,4,7,12,True,0.080193281173706,PS(A)_PS(B)_same_rho,-0.5116052569724274,-0.5116052569724274,0.5565626130722646,0.5565626130722646,-0.2542766699489841,0.3862213069571674,-0.2542766699489841,0.3862213069571674,-0.4085558681706829,-0.4085558681706829,-0.4085558681706829,-0.4085558681706829,True,7.808888673782349,"GRT-{1_RHO, PS, DS}",0,-0.6157818420825254,-0.6157818420825254,0.6468722296886502,0.6468722296886502,-0.2779958622561192,0.4574539613531124,-0.2779958622561192,0.4574539613531124,-0.5037125601998003,-0.5037125601998003,-0.5037125601998003,-0.5037125601998003,-0.573449969291687,-0.618427038192749,0.6403383016586304,0.6967067718505859,-0.40776142477989197,0.5104851126670837,-0.34491705894470215,0.4260777533054352,-0.35333317518234253,-0.46572190523147583,-0.4276224374771118,-0.2071128636598587,True,-0.6062239401153399,-0.6062239401153399,0.6601528742498901,0.6601528742498901,-0.2930421491364086,0.4444337850537014,-0.2930421491364086,0.4444337850537014,-0.5081917570714144,-0.5081917570714144,-0.5081917570714144,-0.5081917570714144,True
thomas01a,100,9,25,4,13,7,1,4,13,3,5,3,1,12,9,1,3,10,11,True,0.0708065032958984,PS(A)_PS(B)_same_rho,-0.3694805707199749,-0.3694805707199749,0.7725715895822596,0.7725715895822596,-0.0465484871967658,0.3071119173084082,-0.0465484871967658,0.3071119173084082,-0.3029206263217694,-0.3029206263217694,-0.3029206263217694,-0.3029206263217694,True,7.8403401374816895,"GRT-{1_RHO, PS, DS}",0,-0.4180060177726302,-0.4180060177726302,0.919235296121339,0.919235296121339,-0.0514807202567236,0.3591996338259053,-0.0514807202567236,0.3591996338259053,-0.3645175688737048,-0.3645175688737048,-0.3645175688737048,-0.3645175688737048,-0.42046916484832764,-0.4419063627719879,0.9919466972351074,0.9968498349189758,-0.21807506680488586,0.4165179431438446,-0.23218896985054016,0.36809322237968445,-0.3207734227180481,-0.15358003973960876,-0.05918734520673752,-0.20547710359096527,True,-0.3853856998992204,-0.3853856998992204,0.9935694706987865,0.9935694706987865,-0.03932053728634739,0.3523360887588924,-0.03932053728634739,0.3523360887588924,-0.8270161237512889,-0.26100274333310924,0.2631290389973906,-0.30994655211273475,True
thomas01a,100,10,25,7,8,8,2,8,14,0,3,1,5,10,9,0,5,6,14,True,0.0791811943054199,PS(A)_PS(B)_same_rho,-0.5661467687822779,-0.5661467687822779,0.6735223873995195,0.6735223873995195,-0.0200427238023392,0.4667367039613707,-0.0200427238023392,0.4667367039613707,-0.2764516038496415,-0.2764516038496415,-0.2764516038496415,-0.2764516038496415,True,7.504658937454224,"GRT-{1_RHO, PS, DS}",0,-0.6793000621714929,-0.6793000621714929,0.8178070021740032,0.8178070021740032,-0.0137300308640738,0.5443771984072637,-0.0137300308640738,0.5443771984072637,-0.3769852188765613,-0.3769852188765613,-0.3769852188765613,-0.3769852188765613,-0.3859894871711731,-1.0203248262405396,0.734056830406189,0.8309553265571594,-0.18734987080097198,0.564765989780426,-0.18698528409004211,0.6052907109260559,-0.30794215202331543,0.11199647933244705,-0.352997362613678,-0.3324974477291107,True,-0.323043282958682,-1.140415709916324,0.7765708757776585,0.8798279406858078,-0.050136526747807546,0.5828601014588998,-0.050136526747807546,0.5828601014588998,-0.5293202929386139,0.9438285583150477,-0.5479479900534898,-0.9593171158472423,True
thomas01a,48,1,12,3,5,3,1,1,7,0,4,0,0,9,3,0,1,4,7,True,0.2808642387390136,PS(A)_PS(B)_all,-0.318639363964375,-0.318639363964375,1.0099901692495823,1.0099901692495823,-0.237202109328788,0.5791321622555561,-0.237202109328788,0.5791321622555561,0.0,0.0,0.0,0.0,False,8.406084775924683,"GRT-{PI, PS, DS}",52,-0.4354763162654274,-0.4354763162654274,1.8150547484936983,1.8150547484936983,-0.3143545367658536,0.8064510738403758,-0.3143545367658536,0.8064510738403758,0.0,0.0,0.0,0.0,-0.4851379692554474,-0.5007017254829407,2.0892491340637207,1.7509605884552002,-0.2961673438549042,1.2475520372390747,-0.5928049683570862,0.6353497505187988,-0.2226366549730301,0.1269080489873886,-0.0162352342158556,-0.22335976362228394,True,-0.430726974496894,-0.430726974496894,1.7316650806453169,1.7316650806453169,0.0,1.3829941596341002,-0.6744897501960817,0.43072729929545756,0.0,0.0,0.0,0.0,True
thomas01a,48,2,12,3,6,2,1,1,5,1,5,1,1,6,4,1,2,2,7,True,0.1245958805084228,PS(A)_PS(B)_all,-0.2372021093287879,-0.2372021093287879,0.5791321622555563,0.5791321622555563,1.1989547961904678e-16,0.5791321622555563,1.1989547961904678e-16,0.5791321622555563,0.0,0.0,0.0,0.0,True,7.436399936676025,"GRT-{PI, PS, DS}",0,-0.3140949521117717,-0.3140949521117717,0.8217846671845244,0.8217846671845244,0.0041045576887237,0.8171460007643163,0.0041045576887237,0.8171460007643163,0.0,0.0,0.0,0.0,-0.5380085110664368,-0.2706385552883148,0.9103347659111023,0.7052326202392578,-0.213190495967865,0.8378661870956421,-0.20736569166183472,0.7652444243431091,-0.12001760303974152,0.01952974498271942,-0.03924546018242836,-0.00390862300992012,True,-0.31863958972661305,-0.31863958972661305,0.8122177354412456,0.8122177354412456,-6.624746477590362e-08,0.8122177854848669,-6.624746477590362e-08,0.8122177854848669,0.0,0.0,0.0,0.0,True
thomas01a,48,3,12,2,8,2,0,4,2,3,3,0,3,2,7,0,1,4,7,True,0.319148302078247,PS(A)_PS(B)_all,-0.3186393639643751,-0.3186393639643751,0.6744897501960819,0.6744897501960819,0.4887764111146697,0.0784124127331121,0.4887764111146697,0.0784124127331121,0.0,0.0,0.0,0.0,True,7.956854343414307,"GRT-{PI, PS, DS}",0,-0.4272356655528536,-0.4272356655528536,0.9588545446549416,0.9588545446549416,0.6831633342183081,0.0989217236279595,0.6831633342183081,0.0989217236279595,0.0,0.0,0.0,0.0,-0.791963517665863,-0.32694852352142334,0.990192711353302,1.388077735900879,-0.0990007296204567,0.27838096022605896,-0.11809563636779785,0.3758215308189392,-0.43335869908332825,-0.15868063271045685,-0.41290709376335144,-0.41118472814559937,True,-1.0798041716114388,-0.08511511978610904,0.7350933789563683,1.4728822254193217,0.68933439612855,0.10359870390645058,0.68933439612855,0.10359870390645058,-0.42482532991415534,-0.42482532991415534,-0.42482532991415534,-0.42482532991415534,True
thomas01a,48,4,12,1,7,4,0,2,8,0,2,0,4,6,2,0,1,1,10,True,0.1456778049468994,PS(A)_PS(B)_none,-0.4274007383174115,-0.4274007383174115,0.5239948557858457,0.5239948557858457,0.077411927499148,0.7401596401086132,0.077411927499148,0.7401596401086132,-0.8052348344729344,0.0167498671204322,-0.693032819614292,0.3804231225688437,False,7.655469417572021,"GRT-{1_RHO, PS, DS}",52,-0.6933489891387987,-0.6933489891387987,0.8060937220994109,0.8060937220994109,0.0779365256489194,1.0526621701541412,0.0779365256489194,1.0526621701541412,-0.731619154674371,-0.731619154674371,-0.731619154674371,-0.731619154674371,-0.5098644495010376,-0.8352391123771667,0.816165030002594,1.2528584003448486,-0.23593705892562866,1.1862990856170654,-0.23571686446666718,1.2901519536972046,-0.5327810645103455,-0.08244332671165466,-0.524250328540802,-0.34324291348457336,True,-0.34072961317019296,-0.9345967815125689,0.3554847141518317,1.4082105822530577,0.10459381917967442,1.1503742227345326,0.10459381917967442,1.1503742227345326,-0.999832892395275,0.9523280937074262,-0.9993340013135006,-0.8225440179472814,True
thomas01a,48,5,12,2,7,3,0,2,8,1,1,1,1,5,5,0,3,3,6,True,0.0503573417663574,PS(A)_PS(B)_same_rho,-0.577514571872992,-0.577514571872992,0.5606894373372775,0.5606894373372775,0.0943297209018574,0.468893340184264,0.0943297209018574,0.468893340184264,-0.3735992235393154,-0.3735992235393154,-0.3735992235393154,-0.3735992235393154,True,7.607208251953125,"GRT-{1_RHO, PS, DS}",0,-0.8044808627114179,-0.8044808627114179,0.7660504495716318,0.7660504495716318,0.1241670301662779,0.6546258495548565,0.1241670301662779,0.6546258495548565,-0.5984294192699204,-0.5984294192699204,-0.5984294192699204,-0.5984294192699204,-0.7123768329620361,-0.868235170841217,0.8892158269882202,0.8185609579086304,-0.17458800971508026,0.6576284170150757,-0.16069114208221436,0.7069633603096008,-0.4554807245731354,-0.31366121768951416,-0.2630078196525574,-0.420761376619339,True,-0.8135221432519384,-0.8135221432519384,0.7730763369140092,0.7730763369140092,0.12450930124357375,0.6417811251690813,0.12450930124357375,0.6417811251690813,-0.595206492800172,-0.595206492800172,-0.595206492800172,-0.595206492800172,True
thomas01a,48,6,12,5,5,2,0,4,4,1,3,0,2,5,5,1,2,4,5,True,0.144829511642456,PS(A)_PS(B)_all,-0.4887764111146694,-0.4887764111146694,0.5791321622555562,0.5791321622555562,-2.057297434372277e-16,0.1573106846101707,-2.057297434372277e-16,0.1573106846101707,0.0,0.0,0.0,0.0,False,7.18971061706543,"GRT-{PI, PS, DS}",52,-0.6853648238655086,-0.6853648238655086,0.8066019357527363,0.8066019357527363,-0.0036744295146865,0.2089166766691547,-0.0036744295146865,0.2089166766691547,0.0,0.0,0.0,0.0,-0.825439989566803,-0.5138573050498962,0.9635215997695923,0.7651835680007935,-0.2339707911014557,0.3323093354701996,-0.23472803831100464,0.3169775605201721,-0.3153129816055298,0.04793699085712433,-0.34575963020324707,-0.10606024414300919,True,-0.6744891213389793,-0.6744891213389793,0.812218492391763,0.812218492391763,4.3322201379332135e-09,0.2104284507138479,4.3322201379332135e-09,0.2104284507138479,0.0,0.0,0.0,0.0,True
thomas01a,48,7,12,2,9,1,0,2,10,0,0,2,2,4,4,0,2,3,7,True,0.0715601444244384,PS(A)_PS(B)_all,-1.0099901692495823,-1.0099901692495823,0.4887764111146697,0.4887764111146697,0.237202109328788,0.579132162255556,0.237202109328788,0.579132162255556,0.0,0.0,0.0,0.0,False,8.109804630279541,"GRT-{PI, PS, DS}",52,-1.7080398860910235,-1.7080398860910235,0.668550624659952,0.668550624659952,0.3154601036306375,0.8194611777559496,0.3154601036306375,0.8194611777559496,0.0,0.0,0.0,0.0,-1.5170201063156128,-2.066258192062378,0.5888864994049072,0.8468772768974304,-0.17853279411792755,0.9290100932121277,-0.16142216324806213,0.8552027940750122,-0.39586758613586426,-0.21104492247104645,-0.18961286544799805,-0.35534828901290894,True,-1.7316609299741172,-1.7316609299741172,0.6744897265942538,0.6744897265942538,0.31863822837744527,0.8122169885825983,0.31863822837744527,0.8122169885825983,0.0,0.0,0.0,0.0,True
thomas01a,48,8,12,4,8,0,0,0,7,2,3,1,3,2,6,1,0,5,6,True,0.1194400787353515,-_PS(B)_all,-1.150349380376008,-0.157310684610171,0.318639363964375,0.8871465590188763,0.4022500653217252,0.3186393639643751,0.4022500653217252,0.3186393639643751,0.0,0.0,0.0,0.0,True,8.574398517608643,"GRT-{PI, PS(B), DS}",0,-2.871669114758129,-0.2063085890328584,0.4285519974452514,1.3689994014887152,0.5392461444530936,0.4378935113880909,0.5392461444530936,0.4378935113880909,0.0,0.0,0.0,0.0,-1.9448330402374268,-0.41532889008522034,0.6143573522567749,1.4557409286499023,-0.09122776985168457,1.0185823440551758,-0.03961135447025299,0.3472236692905426,-0.09233654290437698,-0.32697775959968567,-0.16886921226978302,0.14813292026519775,True,-5.783660116849749,-0.21044425411992346,0.43072120362941196,1.3829927094477477,0.5485076639960598,0.4307249859939415,0.5485076639960598,0.4307249859939415,0.0,0.0,0.0,0.0,True
thomas01a,48,9,12,7,2,2,1,2,9,0,1,0,3,6,3,0,2,3,7,True,0.2477712631225586,PS(A)_PS(B)_all,-0.6744897501960819,-0.6744897501960819,0.5791321622555562,0.5791321622555562,-0.237202109328788,0.5791321622555561,-0.237202109328788,0.5791321622555561,0.0,0.0,0.0,0.0,True,7.823554754257202,"GRT-{PI, PS, DS}",0,-0.9737886328466816,-0.9737886328466816,0.8044840114128773,0.8044840114128773,-0.3159809277418806,0.814141281937715,-0.3159809277418806,0.814141281937715,0.0,0.0,0.0,0.0,-0.8511204719543457,-1.2587671279907227,0.8429940938949585,0.9817456007003784,-0.5287061929702759,0.9308536052703857,-0.34925103187561035,0.8126909136772156,-0.05032709240913391,-0.009379579685628414,-0.3096213638782501,-0.23712016642093658,True,-0.9602069117769886,-0.9602069117769886,0.866608957350149,0.866608957350149,-0.295656970364673,0.7867834980704604,-0.295656970364673,0.7867834980704604,-0.4147045007508205,-0.4147045007508205,-0.4147045007508205,-0.4147045007508205,True
thomas01a,48,10,12,4,3,3,2,2,3,2,5,2,0,8,2,0,2,2,8,True,0.0790841579437255,PS(A)_PS(B)_same_rho,-0.0004653507221699,-0.0004653507221699,0.6749162184348079,0.6749162184348079,-0.401258456382891,0.4879278551238961,-0.401258456382891,0.4879278551238961,0.0185575123276779,0.0185575123276779,0.0185575123276779,0.0185575123276779,False,7.31184196472168,"GRT-{PI, PS, DS}",52,-0.0073756704024282,-0.0073756704024282,0.9594763984816564,0.9594763984816564,-0.5488484804372907,0.674254844484704,-0.5488484804372907,0.674254844484704,0.0,0.0,0.0,0.0,-0.3067542612552643,-0.21458452939987183,1.0598230361938477,0.9750583171844482,-0.5082575678825378,0.5222485661506653,-0.8431265354156494,0.953683614730835,0.005626428872346878,0.08310957998037338,0.14981494843959808,-0.16388560831546783,True,1.5962067157536692e-10,1.5962067157536692e-10,0.9674215113253065,0.9674215113253065,-0.5485224015717699,0.6744896680038444,-0.5485224015717699,0.6744896680038444,0.0,0.0,0.0,0.0,True
thomas01b,800,1,200,130,45,21,4,61,114,9,16,17,18,115,50,6,17,61,116,True,0.0693440437316894,PS(A)_-_same_rho,-1.1136905985044816,-1.1136905985044816,1.0294913187793369,1.0294913187793369,-0.6743517286089467,0.3768674598298946,-0.4131591609533252,0.4246201769367682,-0.1518719757501032,-0.1518719757501032,-0.1518719757501032,-0.1518719757501032,True,7.998868942260742,"GRT-{1_RHO, PS, DS}",0,-1.156623804449038,-1.156623804449038,1.0633316520154403,1.0633316520154403,-0.5550463884077749,0.4115087782187557,-0.5550463884077749,0.4115087782187557,-0.1724666845453606,-0.1724666845453606,-0.1724666845453606,-0.1724666845453606,-1.150516390800476,-1.176185965538025,0.9908033013343811,1.0945719480514526,-0.5065990686416626,0.3566020131111145,-0.49393051862716675,0.3930700421333313,-0.15535254776477814,-0.08917132019996643,-0.1720912903547287,-0.11235988885164261,True,-1.1485061723919918,-1.1485061723919918,1.0597284197989365,1.0597284197989365,-0.6905653551946486,0.3846891743764132,-0.42278800001982764,0.43448568767647894,-0.1657611717882293,-0.1657611717882293,-0.1657611717882293,-0.1657611717882293,True
thomas01b,800,2,200,116,50,28,6,55,119,9,17,12,13,124,51,3,18,60,119,True,0.0717949867248535,PS(A)_PS(B)_same_rho,-1.008920170457047,-1.008920170457047,1.1689118629104434,1.1689118629104434,-0.5121574837425095,0.4623999291196497,-0.5121574837425095,0.4623999291196497,-0.2049528308595498,-0.2049528308595498,-0.2049528308595498,-0.2049528308595498,True,8.096510171890259,"GRT-{1_RHO, PS, DS}",0,-1.0418722507443363,-1.0418722507443363,1.208845896852387,1.208845896852387,-0.5248805516287067,0.4719824031188963,-0.5248805516287067,0.4719824031188963,-0.219875813654904,-0.219875813654904,-0.219875813654904,-0.219875813654904,-1.0295250415802002,-1.1190507411956787,1.1851806640625,1.2402098178863525,-0.4639790654182434,0.4483567178249359,-0.47232237458229065,0.43455496430397034,-0.2128598392009735,-0.145056813955307,-0.23227554559707642,-0.22738105058670044,True,-1.0379301268283703,-1.0379301268283703,1.2079694018842044,1.2079694018842044,-0.523414889259908,0.4722790889506023,-0.523414889259908,0.4722790889506023,-0.22097106746400663,-0.22097106746400663,-0.22097106746400663,-0.22097106746400663,True
thomas01b,800,3,200,122,52,20,6,63,104,7,26,17,7,119,57,3,18,71,108,True,0.0704712867736816,PS(A)_PS(B)_none,-1.0200882140678662,-1.0200882140678662,1.1722289366377208,1.1722289366377208,-0.5002522470265618,0.3497198749410413,-0.5002522470265618,0.3497198749410413,-0.0807335120710179,0.2336853628892362,0.0253301493486341,-0.3380462020400257,False,8.324520826339722,"GRT-{PI, PS, DS}",52,-1.0540744799560364,-1.0540744799560364,1.2255044981019767,1.2255044981019767,-0.4925605696351277,0.356332909132539,-0.4925605696351277,0.356332909132539,0.0,0.0,0.0,0.0,-1.1072747707366943,-1.052730917930603,1.2476212978363037,1.2173088788986206,-0.44129762053489685,0.36175253987312317,-0.45800530910491943,0.3438265323638916,-0.07381319999694824,0.09087222069501877,0.03349214792251587,-0.14128656685352325,True,-1.0501071267779871,-1.0501071267779871,1.2105837478283734,1.2105837478283734,-0.5114663919391637,0.3569401169944879,-0.5114663919391637,0.3569401169944879,-0.10947766928357333,0.25795815345825723,0.0458566259880033,-0.3887610285897233,True
thomas01b,800,4,200,119,51,26,4,54,122,8,16,13,10,117,60,8,21,62,109,True,0.0634818077087402,PS(A)_PS(B)_same_rho,-1.0729448500354286,-1.0729448500354286,1.094483634032705,1.094483634032705,-0.4751329213180573,0.4266737920439518,-0.4751329213180573,0.4266737920439518,-0.1389453938287818,-0.1389453938287818,-0.1389453938287818,-0.1389453938287818,True,8.778892040252686,"GRT-{PI, PS, DS}",0,-1.100771684011158,-1.100771684011158,1.1148473973938926,1.1148473973938926,-0.4849419068204092,0.4383586293626403,-0.4849419068204092,0.4383586293626403,0.0,0.0,0.0,0.0,-1.1055207252502441,-1.1760468482971191,1.167026162147522,1.1189347505569458,-0.45396897196769714,0.42167794704437256,-0.4588705897331238,0.38114333152770996,-0.1705530732870102,-0.09205832332372665,-0.10089299827814102,-0.0990268737077713,True,-1.105597650398764,-1.105597650398764,1.128290426977396,1.128290426977396,-0.4852380222306039,0.43546193405033484,-0.4852380222306039,0.43546193405033484,-0.1488527359316179,-0.1488527359316179,-0.1488527359316179,-0.1488527359316179,True
thomas01b,800,5,200,120,54,20,6,44,131,5,20,14,19,124,43,1,19,74,106,True,0.0652327537536621,PS(A)_-_none,-1.1039661005548422,-1.1039661005548422,1.0816417067876596,1.0816417067876596,-0.5127166954772138,0.6747367001331203,-0.5134106432471649,0.3392607339287281,-0.0988784818767908,0.0553271635797395,-0.4282926640059704,-0.524772335998492,False,8.266828298568726,"GRT-{1_RHO, PS, DS}",52,-1.114633873624578,-1.114633873624578,1.1119629858204072,1.1119629858204072,-0.5180713193116745,0.506615390290868,-0.5180713193116745,0.506615390290868,-0.2755785817434035,-0.2755785817434035,-0.2755785817434035,-0.2755785817434035,-1.1423419713974,-1.1757004261016846,1.0547903776168823,1.1964412927627563,-0.45289406180381775,0.5472190380096436,-0.48774200677871704,0.4259982705116272,-0.21878662705421448,-0.12166699767112732,-0.3316473066806793,-0.33203965425491333,True,-1.1383409732851388,-1.1383409732851388,1.1146550660009116,1.1146550660009116,-0.5238353362194399,0.6907217062621208,-0.5253975487012256,0.3497505311923468,-0.12682743053556333,0.09045579950362878,-0.43440541961751766,-0.6199971496617662,True
thomas01b,800,6,200,118,46,31,5,61,119,6,14,16,14,120,50,5,14,61,120,True,0.0697748661041259,-_PS(B)_same_rho,-0.9005162347024281,-1.2346088989854138,1.017525410689042,1.263972078413,-0.5494293879484834,0.4233651482673152,-0.5494293879484834,0.4233651482673152,-0.143601709201081,-0.143601709201081,-0.143601709201081,-0.143601709201081,True,10.409419298171995,"GRT-{1_RHO, PS, DS}",0,-1.0828918140942037,-1.0828918140942037,1.1590578352036016,1.1590578352036016,-0.5604321529009095,0.4317912361370947,-0.5604321529009095,0.4317912361370947,-0.1616092357483485,-0.1616092357483485,-0.1616092357483485,-0.1616092357483485,-0.9637733697891235,-1.2949855327606201,1.0669491291046143,1.2557481527328491,-0.5075094699859619,0.37159329652786255,-0.521828293800354,0.37187471985816956,-0.17005842924118042,-0.06436236947774887,-0.1455160677433014,-0.09954286366701126,True,-0.9255361864039836,-1.2769813716742848,1.0473785800933908,1.3100045451022078,-0.5617413157947168,0.43235041353182824,-0.5617413157947168,0.43235041353182824,-0.15521513813603377,-0.15521513813603377,-0.15521513813603377,-0.15521513813603377,True
thomas01b,800,7,200,103,64,24,9,76,105,9,10,17,7,125,51,4,16,70,110,True,0.2249200344085693,-_PS(B)_same_rho,-0.9414895962328108,-1.2692273283211173,1.1294953274334556,1.2453628800594332,-0.4373675352772235,0.2547691770258542,-0.4373675352772235,0.2547691770258542,-0.1199850969120976,-0.1199850969120976,-0.1199850969120976,-0.1199850969120976,True,13.553807020187378,"GRT-{PI, PS, DS}",0,-1.1176470132992251,-1.1176470132992251,1.2390908744125142,1.2390908744125142,-0.4412653209841314,0.2583638106130362,-0.4412653209841314,0.2583638106130362,0.0,0.0,0.0,0.0,-1.0396428108215332,-1.2922903299331665,1.1864275932312012,1.2797633409500122,-0.39613568782806396,0.24898609519004822,-0.39193272590637207,0.2999482750892639,-0.10299716889858246,-0.04625529423356056,-0.0379813052713871,-0.12340829521417618,True,-0.9670652238564407,-1.3149485138617465,1.1644569604507276,1.2900384825379285,-0.4466933731825825,0.2600374435218981,-0.4466933731825825,0.2600374435218981,-0.12821927990687038,-0.12821927990687038,-0.12821927990687038,-0.12821927990687038,True
thomas01b,800,8,200,123,50,19,8,60,118,7,15,17,11,115,57,4,26,66,104,True,0.2036507129669189,PS(A)_PS(B)_same_rho,-1.1261933192435862,-1.1261933192435862,1.0316485559810895,1.0316485559810895,-0.4693271599969704,0.3959991669098464,-0.4693271599969704,0.3959991669098464,-0.1126541008722328,-0.1126541008722328,-0.1126541008722328,-0.1126541008722328,False,12.67430830001831,"GRT-{PI, PS, DS}",52,-1.1850271351127648,-1.1850271351127648,1.055715170109651,1.055715170109651,-0.4876671822614778,0.4141651238370895,-0.4876671822614778,0.4141651238370895,0.0,0.0,0.0,0.0,-1.1682064533233643,-1.2040103673934937,1.0654760599136353,1.0547395944595337,-0.41895660758018494,0.38940370082855225,-0.44349128007888794,0.3754459023475647,-0.08044871687889099,-0.06675625592470169,-0.08344793319702148,-0.1785271316766739,True,-1.1617416719502591,-1.1617416719502591,1.0621904106599003,1.0621904106599003,-0.4792917065945655,0.40429154412911805,-0.4792917065945655,0.40429154412911805,-0.12086152011997996,-0.12086152011997996,-0.12086152011997996,-0.12086152011997996,True
thomas01b,800,9,200,104,64,29,3,59,108,8,25,17,12,113,58,7,25,64,104,True,0.0830872058868408,PS(A)_PS(B)_none,-0.9615667737186894,-0.9615667737186894,0.9962445293100322,0.9962445293100322,-0.3974500030880495,0.3886869495561604,-0.3974500030880495,0.3886869495561604,-0.4491447097433274,0.1546055682118257,-0.1129524593673553,-0.225024203332747,True,9.925825834274292,"GRT-{1_RHO, PS, DS}",0,-0.9847364417030976,-0.9847364417030976,1.0360868534719234,1.0360868534719234,-0.4045465998834368,0.3944094965254976,-0.4045465998834368,0.3944094965254976,-0.1578545976944086,-0.1578545976944086,-0.1578545976944086,-0.1578545976944086,-0.99825119972229,-1.004732370376587,1.040703296661377,1.0066717863082886,-0.38414764404296875,0.38741162419319153,-0.39370232820510864,0.3802492916584015,-0.23475614190101624,-0.01886684261262417,-0.08489865064620972,-0.16817587614059448,True,-0.9886278755211909,-0.9886278755211909,1.0244835218582593,1.0244835218582593,-0.4059787167341894,0.39666262291308657,-0.4059787167341894,0.39666262291308657,-0.4978320611905793,0.1758351970515889,-0.10713434046061782,-0.2491058607667071,True
thomas01b,800,10,200,119,51,29,1,63,107,10,20,13,15,114,58,3,19,57,121,True,0.0908002853393554,PS(A)_-_none,-1.0074356012873078,-1.0074356012873078,1.1153373577337862,1.1153373577337862,-0.62890421763219,0.3380916568042071,-0.3456972914512259,0.5197188136897499,-0.4879506197586995,0.0417210208372047,-0.2639788823252783,-0.2600427580611386,True,10.301312685012816,"GRT-{1_RHO, PS, DS}",0,-1.0464403093717158,-1.0464403093717158,1.159091807453013,1.159091807453013,-0.4942954336190511,0.4396331307451607,-0.4942954336190511,0.4396331307451607,-0.2324628186595299,-0.2324628186595299,-0.2324628186595299,-0.2324628186595299,-1.042819857597351,-1.094773292541504,1.1516516208648682,1.1563305854797363,-0.5287999510765076,0.3412093222141266,-0.4226635694503784,0.46037033200263977,-0.2933465540409088,-0.09885053336620331,-0.20063751935958862,-0.22954061627388,True,-1.0364335318681426,-1.0364335318681426,1.1503495058665767,1.1503495058665767,-0.6433468823740323,0.34512548300311163,-0.3530581357133212,0.5323496001049078,-0.5836253753594061,0.05474001532744712,-0.267414180935422,-0.3150775632809138,True
thomas01b,400,1,100,64,19,11,6,37,55,3,5,6,6,56,32,2,8,38,52,True,0.0844981670379638,PS(A)_PS(B)_all,-1.082914998686518,-1.082914998686518,1.150349380376008,1.150349380376008,-0.4617916084085587,0.2434041778106313,-0.4617916084085587,0.2434041778106313,0.0,0.0,0.0,0.0,False,10.433203220367432,"GRT-{PI, PS, DS}",52,-1.1457302921833217,-1.1457302921833217,1.2339354817051729,1.2339354817051729,-0.4642770066564001,0.2434994722201152,-0.4642770066564001,0.2434994722201152,0.0,0.0,0.0,0.0,-1.0192641019821167,-1.3600993156433105,1.1843534708023071,1.2769060134887695,-0.47563719749450684,0.25549453496932983,-0.40755221247673035,0.2787051796913147,0.05530676990747452,0.0012370586628094316,-0.05258456617593765,-0.093991219997406,True,-1.150349250138344,-1.150349250138344,1.2265311704660011,1.2265311704660011,-0.48172689100830046,0.2533471031357997,-0.48172689100830046,0.2533471031357997,0.0,0.0,0.0,0.0,True
thomas01b,400,2,100,61,25,11,3,29,52,3,16,12,5,56,27,1,6,29,64,True,0.0743026733398437,-_PS(B)_all,-1.020076232786202,-0.8347718934067762,0.905152475028504,1.362383389418019,-0.5024022233733559,0.475240750513245,-0.5024022233733559,0.475240750513245,0.0,0.0,0.0,0.0,False,9.577662467956545,"GRT-{PI, PS, DS}",52,-0.973547706675661,-0.973547706675661,1.1598109824893386,1.1598109824893386,-0.5366893192626503,0.4877550245663202,-0.5366893192626503,0.4877550245663202,0.0,0.0,0.0,0.0,-1.0261430740356445,-0.904651403427124,1.0158809423446655,1.4099398851394653,-0.4546877145767212,0.4539449214935303,-0.44555655121803284,0.4495994448661804,-0.025182656943798065,0.1325596272945404,0.04191025719046593,-0.07086314260959625,True,-1.0803193920606897,-0.8778962950512289,0.9541652493473928,1.4757910281791706,-0.524400545705023,0.4958503329056946,-0.524400545705023,0.4958503329056946,0.0,0.0,0.0,0.0,True
thomas01b,400,3,100,61,26,9,4,29,58,4,9,5,5,60,30,1,10,31,58,True,0.0638279914855957,PS(A)_PS(B)_all,-1.0615026297045762,-1.0615026297045762,1.1740259905933028,1.1740259905933028,-0.4351389973345833,0.4351389973345829,-0.4351389973345833,0.4351389973345829,0.0,0.0,0.0,0.0,True,8.19112753868103,"GRT-{PI, PS, DS}",0,-1.1121996207960796,-1.1121996207960796,1.2449242980225657,1.2449242980225657,-0.4708552697072261,0.4632169192173293,-0.4708552697072261,0.4632169192173293,0.0,0.0,0.0,0.0,-1.1674647331237793,-1.1645736694335938,1.2916728258132935,1.268654465675354,-0.389845073223114,0.4198131561279297,-0.3948828876018524,0.4085812270641327,-0.07202702015638351,-0.05748320743441582,-0.13576076924800873,-0.1900324672460556,True,-1.1263910239476003,-1.1263910239476003,1.2535654522637218,1.2535654522637218,-0.4537621412221677,0.4537621999582671,-0.4537621412221677,0.4537621999582671,0.0,0.0,0.0,0.0,True
thomas01b,400,4,100,61,26,10,3,29,54,7,10,4,9,57,30,3,12,25,60,True,0.0733189582824707,PS(A)_PS(B)_same_rho,-0.9902017960977666,-0.9902017960977666,1.034818189785663,1.034818189785663,-0.3971487986975474,0.4492641581460045,-0.3971487986975474,0.4492641581460045,-0.1770498080370048,-0.1770498080370048,-0.1770498080370048,-0.1770498080370048,False,8.989323139190674,"GRT-{PI, PS, DS}",52,-1.0313410002988592,-1.0313410002988592,1.063523345605341,1.063523345605341,-0.4066720101711782,0.4599595356480886,-0.4066720101711782,0.4599595356480886,0.0,0.0,0.0,0.0,-1.1128736734390259,-1.0314161777496338,1.0990855693817139,1.0465277433395386,-0.3944413363933563,0.3877716064453125,-0.36643385887145996,0.4651258885860443,-0.17089270055294037,-0.1416366547346115,-0.2848028838634491,-0.17328213155269623,True,-1.048193967101429,-1.048193967101429,1.0988110824003763,1.0988110824003763,-0.41422100162767195,0.46884854184762054,-0.41422100162767195,0.46884854184762054,-0.20678072766284156,-0.20678072766284156,-0.20678072766284156,-0.20678072766284156,True
thomas01b,400,5,100,48,33,16,3,34,52,4,10,8,5,59,28,3,7,27,63,True,0.064988374710083,PS(A)_PS(B)_all,-0.9234567471826908,-0.9234567471826908,1.1273006572453683,1.1273006572453683,-0.3827258078157587,0.3957252958144875,-0.3827258078157587,0.3957252958144875,0.0,0.0,0.0,0.0,False,9.076652526855469,"GRT-{PI, PS, DS}",52,-0.9715929447255776,-0.9715929447255776,1.1981649145699105,1.1981649145699105,-0.3988441605445028,0.4124210184163358,-0.3988441605445028,0.4124210184163358,0.0,0.0,0.0,0.0,-0.9053134322166443,-1.0453053712844849,1.186515212059021,1.2504075765609741,-0.38406258821487427,0.366942822933197,-0.3633907437324524,0.3992845416069031,-0.16159644722938538,0.008640236221253872,-0.040252890437841415,-0.031767841428518295,True,-0.9741138000410539,-0.9741138000410539,1.2003591131099303,1.2003591131099303,-0.3988550663624738,0.41246298476568954,-0.3988550663624738,0.41246298476568954,0.0,0.0,0.0,0.0,True
thomas01b,400,6,100,60,24,16,0,34,56,4,6,8,5,54,33,3,15,29,53,True,0.0753049850463867,PS(A)_-_same_rho,-1.0633406031496175,-1.0633406031496175,0.9595937988169064,0.9595937988169064,-0.6694974401937909,0.2823631208490689,-0.2839993891585557,0.4411261381220491,-0.2019713946294679,-0.2019713946294679,-0.2019713946294679,-0.2019713946294679,False,9.054508686065674,"GRT-{1_RHO, PS, DS}",52,-1.149667831039248,-1.149667831039248,1.0428230542784431,1.0428230542784431,-0.482046383855538,0.3730755013707947,-0.482046383855538,0.3730755013707947,-0.2240934790722742,-0.2240934790722742,-0.2240934790722742,-0.2240934790722742,-1.115260124206543,-1.2552063465118408,1.0524702072143555,0.9489452838897705,-0.6271510124206543,0.28243502974510193,-0.37139031291007996,0.4492484927177429,-0.36907723546028137,-0.08426445722579956,-0.06479501724243164,-0.21635814011096954,True,-1.1263984777075622,-1.1263984777075622,1.01523081482354,1.01523081482354,-0.6789788972684228,0.3037256678964513,-0.30513104750015074,0.45466594107578395,-0.9353391103399549,-0.0310441712669765,-0.007648265258287673,-0.30893273026159296,True
thomas01b,400,7,100,63,26,7,4,36,57,1,6,10,6,54,30,6,8,33,53,True,0.0686028003692627,PS(A)_PS(B)_all,-1.2493462419631,-1.2493462419631,0.9803303522249296,0.9803303522249296,-0.4219288887485654,0.2933812321211931,-0.4219288887485654,0.2933812321211931,0.0,0.0,0.0,0.0,True,10.176949977874756,"GRT-{PI, PS, DS}",0,-1.359857884024755,-1.359857884024755,1.0364529664619289,1.0364529664619289,-0.4432350659419265,0.30906180852939,-0.4432350659419265,0.30906180852939,0.0,0.0,0.0,0.0,-1.305417537689209,-1.3749672174453735,1.0249062776565552,1.069628119468689,-0.3779076337814331,0.30609628558158875,-0.3960307836532593,0.29813408851623535,0.0711279809474945,0.13355253636837006,0.04054946452379227,0.06524364650249481,True,-1.3407551012332823,-1.3407551012332823,1.036432432409874,1.036432432409874,-0.4399132083712558,0.30548095347078236,-0.4399132083712558,0.30548095347078236,0.0,0.0,0.0,0.0,True
thomas01b,400,8,100,60,28,11,1,32,56,4,8,14,6,53,27,3,8,34,55,True,0.087970495223999,PS(A)_PS(B)_all,-1.1048357439621106,-1.1048357439621106,0.9610272599991516,0.9610272599991516,-0.475240750513245,0.3313440582463152,-0.475240750513245,0.3313440582463152,0.0,0.0,0.0,0.0,False,7.862631320953369,"GRT-{PI, PS, DS}",52,-1.181463479148536,-1.181463479148536,1.0033555160897425,1.0033555160897425,-0.5004796453678241,0.3412736087976623,-0.5004796453678241,0.3412736087976623,0.0,0.0,0.0,0.0,-1.1617059707641602,-1.2023779153823853,0.8885679841041565,1.1071953773498535,-0.46093764901161194,0.3318435549736023,-0.4742065370082855,0.33112242817878723,-0.16712497174739838,-0.019420230761170387,-0.0215294286608696,-0.0909145176410675,True,-1.1749867920660904,-1.1749867920660904,1.0152152120960831,1.0152152120960831,-0.4958242829006373,0.3451237804922488,-0.4958242829006373,0.3451237804922488,0.0,0.0,0.0,0.0,True
thomas01b,400,9,100,57,28,13,2,39,48,3,10,9,6,56,29,2,12,32,54,True,0.0693411827087402,PS(A)_PS(B)_all,-1.0200762327862014,-1.0200762327862014,1.000005817983597,1.000005817983597,-0.4351389973345831,0.2933812321211937,-0.4351389973345831,0.2933812321211937,0.0,0.0,0.0,0.0,False,8.086954593658447,"GRT-{PI, PS, DS}",52,-1.0696048631021782,-1.0696048631021782,1.055036021378993,1.055036021378993,-0.4436676857512613,0.2984659664341877,-0.4436676857512613,0.2984659664341877,0.0,0.0,0.0,0.0,-1.0609437227249146,-1.1117116212844849,1.0368891954421997,1.044904351234436,-0.42813611030578613,0.3064538240432739,-0.40517953038215637,0.32866522669792175,-0.19192035496234894,0.03427093103528023,-0.0691274031996727,-0.18814441561698914,True,-1.0769639384425849,-1.0769639384425849,1.0711921149532257,1.0711921149532257,-0.45246451942427085,0.30956210954132873,-0.45246451942427085,0.30956210954132873,-0.3453181740568016,0.31173373056358344,-0.08624916850181016,-0.37847628802301325,True
thomas01b,400,10,100,48,32,18,2,41,48,4,7,6,6,60,28,2,4,39,55,True,0.06819748878479,-_PS(B)_same_rho,-0.8069402039264542,-1.1474698925443088,1.1068977947519103,1.427240178234468,-0.3973582264905603,0.1690771026172257,-0.3973582264905603,0.1690771026172257,-0.1800643878199372,-0.1800643878199372,-0.1800643878199372,-0.1800643878199372,False,9.59476351737976,"GRT-{PI, PS, DS}",52,-1.0149914707975018,-1.0149914707975018,1.3433623207753838,1.3433623207753838,-0.4072365224696143,0.1678661192159826,-0.4072365224696143,0.1678661192159826,0.0,0.0,0.0,0.0,-0.8285805583000183,-1.2299628257751465,1.230940341949463,1.484114408493042,-0.3950175344944,0.21974429488182068,-0.36670395731925964,0.1902288943529129,-0.24894334375858307,-0.04839403182268143,-0.148006871342659,-0.11164594441652298,True,-0.8495958126320465,-1.221200989326029,1.1766571338788359,1.5569221455787232,-0.41451616471421,0.17596868559663298,-0.41451616471421,0.17596868559663298,-0.20699102703420896,-0.20699102703420896,-0.20699102703420896,-0.20699102703420896,True
thomas01b,200,1,50,30,11,8,1,23,24,0,3,2,5,22,21,1,13,10,26,True,0.0829629898071289,-_-_all,-0.8284646485811346,-1.3249576888929775,0.967421566101701,0.5350828150863222,-0.6456307492759819,0.0929718485610741,0.0464357247705269,0.7039217888285138,0.0,0.0,0.0,0.0,True,8.88783574104309,"GRT-{PI, PS(A), DS}",0,-1.182083956855698,-1.182083956855698,0.8134641014022344,0.8134641014022344,-0.7075795070064886,0.111389809857136,0.0483160537234595,0.7736687946805384,0.0,0.0,0.0,0.0,-0.8941805362701416,-1.4692753553390503,1.0290803909301758,0.5505489110946655,-0.6652491688728333,0.24007736146450043,-0.11623372882604599,0.6913354992866516,-0.2030319720506668,0.22164149582386017,-0.18165382742881775,-0.209029421210289,True,-0.9154026565904925,-1.5547652231007782,1.080340769503362,0.582868612785023,-0.7063438189755461,0.10040793910346416,0.05015707273777855,0.7721986433673025,-0.31828322088402783,0.9431843935433819,-0.3104959968748311,-0.46897397380267847,True
thomas01b,200,2,50,33,11,5,1,20,26,2,2,3,4,32,11,0,4,15,31,True,0.0728981494903564,PS(A)_PS(B)_all,-1.1281436452787634,-1.1281436452787634,1.0853249080767589,1.0853249080767589,-0.5620615648282655,0.3064536576906015,-0.5620615648282655,0.3064536576906015,0.0,0.0,0.0,0.0,False,9.71424436569214,"GRT-{PI, PS, DS}",52,-1.2662513756740732,-1.2662513756740732,1.217962455592695,1.217962455592695,-0.6135568290562236,0.3190410399742023,-0.6135568290562236,0.3190410399742023,0.0,0.0,0.0,0.0,-1.2230405807495117,-1.3932582139968872,1.2324392795562744,1.3405036926269531,-0.578517735004425,0.3168570399284363,-0.5409578680992126,0.41720882058143616,-0.21806403994560242,-0.1871475726366043,-0.30833786725997925,-0.3779698312282562,True,-1.2967966803835576,-1.2967966803835576,1.2584928312894335,1.2584928312894335,-0.6170871933430256,0.3343397067875751,-0.6170871933430256,0.3343397067875751,-0.29875517005784497,-0.29875517005784497,-0.29875517005784497,-0.29875517005784497,True
thomas01b,200,3,50,23,16,11,0,16,27,2,5,5,2,30,13,2,6,13,29,True,0.0747296810150146,PS(A)_PS(B)_all,-0.8284646485811346,-0.8284646485811346,0.9310033102379448,0.9310033102379448,-0.4563363227721894,0.4053977219782403,-0.4563363227721894,0.4053977219782403,0.0,0.0,0.0,0.0,False,9.333810091018677,"GRT-{PI, PS, DS}",52,-0.9215942964988836,-0.9215942964988836,1.038643214763721,1.038643214763721,-0.5083660237403578,0.4467161165367382,-0.5083660237403578,0.4467161165367382,0.0,0.0,0.0,0.0,-0.8268815875053406,-0.9733877778053284,1.0166953802108765,1.0396084785461426,-0.4720514714717865,0.4206521511077881,-0.45721977949142456,0.4320562779903412,-0.3420274257659912,-0.02526940405368805,-0.05134875327348709,-0.11251933872699738,True,-0.9029021272062536,-0.9029021272062536,1.03901714254173,1.03901714254173,-0.4731269187032289,0.4442297322248799,-0.4731269187032289,0.4442297322248799,-0.9600882971081094,0.1457640988948908,0.024255513968718837,-0.10006548174846323,True
thomas01b,200,4,50,28,15,5,2,17,23,1,9,6,5,29,10,3,6,10,31,True,0.0733613967895507,PS(A)_PS(B)_all,-0.8616341201741723,-0.8616341201741723,0.7647096737863871,0.7647096737863871,-0.4307272992954575,0.4563363227721896,-0.4307272992954575,0.4563363227721896,0.0,0.0,0.0,0.0,True,8.229704856872559,"GRT-{PI, PS, DS}",0,-0.9538918217937048,-0.9538918217937048,0.8433416005524337,0.8433416005524337,-0.478473834103466,0.4936419233900134,-0.478473834103466,0.4936419233900134,0.0,0.0,0.0,0.0,-0.9777516722679138,-0.9006145000457764,0.7971075177192688,0.8414510488510132,-0.4408348798751831,0.4783459007740021,-0.4378887116909027,0.5008456707000732,-0.004961855243891478,0.22219496965408325,-0.11221061646938324,0.10065057873725891,True,-0.9541650961259933,-0.9541650961259933,0.841621573287033,0.841621573287033,-0.46769830658405515,0.495850245336553,-0.46769830658405515,0.495850245336553,0.0,0.0,0.0,0.0,True
thomas01b,200,5,50,28,12,6,4,19,25,3,3,8,3,27,12,0,5,17,28,True,0.0748107433319091,PS(A)_PS(B)_all,-0.8957798188835894,-0.8957798188835894,0.8957798188835893,0.8957798188835893,-0.4563363227721897,0.2581433244208952,-0.4563363227721897,0.2581433244208952,0.0,0.0,0.0,0.0,False,8.19480013847351,"GRT-{PI, PS, DS}",52,-0.9794000284179044,-0.9794000284179044,1.0138120912719022,1.0138120912719022,-0.4824943238397536,0.2719769077127211,-0.4824943238397536,0.2719769077127211,0.0,0.0,0.0,0.0,-0.8452298045158386,-1.1473262310028076,0.8277661800384521,1.1927783489227295,-0.43679457902908325,0.30588498711586,-0.4490615129470825,0.34654730558395386,0.011965477839112282,-0.055452801287174225,-0.020347435027360916,-0.27972424030303955,True,-0.9944580767339941,-0.9944580767339941,0.9944578548307069,0.9944578548307069,-0.4958503784117111,0.2793190494917536,-0.4958503784117111,0.2793190494917536,0.0,0.0,0.0,0.0,True
thomas01b,200,6,50,28,17,5,0,16,24,3,7,6,2,28,14,0,2,19,29,True,0.084428071975708,-_PS(B)_all,-1.128143645278764,-0.7647096737863871,0.8957798188835893,1.4461035929181756,-0.4053977219782403,0.2822161470625079,-0.4053977219782403,0.2822161470625079,0.0,0.0,0.0,0.0,False,8.759231805801392,"GRT-{PI, PS, DS}",52,-1.033545461464804,-1.033545461464804,1.262483407240622,1.262483407240622,-0.4342255256661541,0.2956100817594002,-0.4342255256661541,0.2956100817594002,0.0,0.0,0.0,0.0,-1.2263728380203247,-0.8878611922264099,1.031417965888977,1.748905062675476,-0.4325099587440491,0.298089861869812,-0.4308156669139862,0.3075140714645386,-0.30746588110923767,-0.008169488981366158,-0.0003729894815478474,-0.24744784832000732,True,-1.2815515655446004,-0.8416212335729143,0.994457883209753,1.75068607125217,-0.43991321312744625,0.3054807880993974,-0.43991321312744625,0.3054807880993974,0.0,0.0,0.0,0.0,True
thomas01b,200,7,50,38,6,6,0,12,30,1,7,6,4,31,9,0,5,15,30,True,0.0997874736785888,PS(A)_PS(B)_all,-0.9674215661017012,-0.9674215661017012,0.9310033102379448,0.9310033102379448,-0.7961825717773926,0.5350828150863223,-0.7961825717773926,0.5350828150863223,0.0,0.0,0.0,0.0,False,8.083193302154541,"GRT-{PI, PS, DS}",52,-1.1001503799687302,-1.1001503799687302,1.0448213211125073,1.0448213211125073,-0.8917110245734755,0.5945054574162826,-0.8917110245734755,0.5945054574162826,0.0,0.0,0.0,0.0,-1.1666110754013062,-1.0914907455444336,0.9305493235588074,1.1834391355514526,-1.0757265090942383,0.571019172668457,-0.7088671922683716,0.5676215887069702,-0.3119375705718994,-0.016530048102140427,-0.21146351099014282,-0.36850082874298096,True,-1.0803200784431763,-1.0803200784431763,1.0364313095360789,1.0364313095360789,-0.8778978960879171,0.5828245370908812,-0.8778978960879171,0.5828245370908812,0.0,0.0,0.0,0.0,True
thomas01b,200,8,50,32,11,4,3,14,29,1,6,1,4,32,13,1,9,11,29,True,0.0648071765899658,PS(A)_PS(B)_all,-0.967421566101701,-0.967421566101701,0.9310033102379448,0.9310033102379448,-0.4563363227721896,0.5620615648282653,-0.4563363227721896,0.5620615648282653,0.0,0.0,0.0,0.0,False,8.622230291366577,"GRT-{PI, PS, DS}",52,-1.09312194669766,-1.09312194669766,1.0550373932713082,1.0550373932713082,-0.484697831272021,0.6128230281033036,-0.484697831272021,0.6128230281033036,0.0,0.0,0.0,0.0,-1.1037592887878418,-1.0716640949249268,1.1684281826019287,0.9043156504631042,-0.46827733516693115,0.5867323875427246,-0.46560683846473694,0.6044850945472717,0.005136542953550816,0.04283261299133301,-0.29384109377861023,-0.13265182077884674,True,-1.0646062612926366,-1.0646062612926366,1.0689932350457576,1.0689932350457576,-0.45831301999379276,0.5970964025892292,-0.45831301999379276,0.5970964025892292,0.2590899081190062,0.31084195870972164,-0.6356401190888861,-0.36064122073923666,True
thomas01b,200,9,50,30,11,8,1,16,26,2,6,2,4,39,5,3,4,15,28,True,0.0803899765014648,PS(A)_PS(B)_none,-0.8578074061859532,-0.8578074061859532,0.9833064093529116,0.9833064093529116,-0.7291777527829855,0.3325162903876337,-0.7291777527829855,0.3325162903876337,-0.1736314376456235,0.132780616927227,-0.7028572278288051,0.1276985556434874,False,7.962327480316162,"GRT-{PI, PS, DS}",52,-0.9576178471907312,-0.9576178471907312,1.1208850186204735,1.1208850186204735,-0.8118941113159788,0.3606635939482117,-0.8118941113159788,0.3606635939482117,0.0,0.0,0.0,0.0,-0.9235017895698547,-0.9469215869903564,1.141066551208496,1.1118736267089844,-0.7331910133361816,0.3409023582935333,-0.7273365259170532,0.35820239782333374,-0.23877769708633423,-0.02334713749587536,-0.42735975980758667,-0.047275103628635406,True,-0.9473148500203893,-0.9473148500203893,1.0985496609755343,1.0985496609755343,-0.7996071425667074,0.36094961356841543,-0.7996071425667074,0.36094961356841543,-0.30561741227560457,0.20284181851739563,-0.7533813496414319,0.11236059366777251,True
thomas01b,200,10,50,32,11,6,1,14,27,5,4,6,7,22,15,1,4,16,29,True,0.0731172561645507,PS(A)_-_all,-0.8957798188835894,-0.8957798188835894,0.8284646485811347,0.8284646485811347,-0.6456307492759821,0.2822161470625081,-0.1397102988818621,0.3803256417636312,0.0,0.0,0.0,0.0,True,8.991960763931274,"GRT-{PI, PS, DS}",0,-1.0011780791896363,-1.0011780791896363,0.919053446867764,0.919053446867764,-0.4041369397878,0.3491481940028941,-0.4041369397878,0.3491481940028941,0.0,0.0,0.0,0.0,-1.020013689994812,-0.9398207068443298,0.6626797318458557,1.1665843725204468,-0.5565078854560852,0.24622999131679535,-0.2993367314338684,0.383056104183197,-0.18906928598880768,-0.22016234695911407,-0.17677129805088043,-0.1963837742805481,True,-1.079612232737575,-0.9176086671230553,0.6423125400782265,1.2813988711886986,-0.7058711014603808,0.30589819829903403,-0.15086051505844952,0.41241717074690626,-0.23756334228033688,-0.23756334228033688,-0.23756334228033688,-0.23756334228033688,True
thomas01b,100,1,25,15,7,1,2,10,12,1,2,1,3,14,7,0,8,6,11,True,0.073373794555664,PS(A)_PS(B)_all,-0.944669591394476,-0.944669591394476,0.5951785333332777,0.5951785333332777,-0.2622827653916217,0.3529339861269164,-0.2622827653916217,0.3529339861269164,0.0,0.0,0.0,0.0,False,9.046298027038574,"GRT-{PI, PS, DS}",52,-1.155599527697206,-1.155599527697206,0.6954134874364586,0.6954134874364586,-0.300087066495663,0.4156241874819215,-0.300087066495663,0.4156241874819215,0.0,0.0,0.0,0.0,-1.1989277601242065,-1.1704248189926147,0.8515232801437378,0.590955913066864,-0.2873682677745819,0.3501940071582794,-0.3044604957103729,0.5700008273124695,0.19177082180976868,-0.09045839309692383,-0.2798352539539337,-0.3337657153606415,True,-1.15070641319239,-1.15070641319239,0.770042603828492,0.770042603828492,-0.268429720859923,0.36890510954413563,-0.268429720859923,0.36890510954413563,0.45155767154801135,0.16222467643627544,-0.558711272171213,-0.9736479259176875,True
thomas01b,100,2,25,18,5,1,1,6,16,0,3,3,2,13,7,0,1,8,16,True,0.1127352714538574,PS(A)_PS(B)_all,-1.0144987457841008,-1.0144987457841008,0.944669591394476,0.944669591394476,-0.4465882045061792,0.4948731635686237,-0.4465882045061792,0.4948731635686237,0.0,0.0,0.0,0.0,False,8.171590328216553,"GRT-{PI, PS, DS}",52,-1.266402629006936,-1.266402629006936,1.1821882554441103,1.1821882554441103,-0.5326879822231859,0.5971628104834851,-0.5326879822231859,0.5971628104834851,0.0,0.0,0.0,0.0,-1.365878939628601,-1.2596005201339722,0.9920480251312256,1.695012092590332,-0.49324676394462585,0.6350517272949219,-0.49351561069488525,0.5375974774360657,0.11568354815244675,0.19003671407699585,0.026776878163218498,-0.11454831063747406,True,-1.2815561976291348,-1.2815561976291348,1.1749865967237636,1.1749865967237636,-0.5244006652966806,0.5828416804793551,-0.5244006652966806,0.5828416804793551,0.0,0.0,0.0,0.0,True
thomas01b,100,3,25,17,4,3,1,8,15,1,1,1,1,16,7,0,4,10,11,True,0.0687429904937744,PS(A)_PS(B)_all,-0.944669591394476,-0.944669591394476,0.944669591394476,0.944669591394476,-0.5443409149356107,0.2622827653916217,-0.5443409149356107,0.2622827653916217,0.0,0.0,0.0,0.0,True,8.48111343383789,"GRT-{PI, PS, DS}",0,-1.1913592932185553,-1.1913592932185553,1.168639204075349,1.168639204075349,-0.6396443810811794,0.3027010357732613,-0.6396443810811794,0.3027010357732613,0.0,0.0,0.0,0.0,-1.0947476625442505,-1.34232759475708,1.346640944480896,1.149073600769043,-0.6212531328201294,0.3579154312610626,-0.5966248512268066,0.3517179489135742,-0.08170481026172638,-0.19047962129116058,-0.19534440338611603,-0.3580106496810913,True,-1.1749869831974393,-1.1749869831974393,1.1749868941178994,1.1749868941178994,-0.6433451822721967,0.30548333425671637,-0.6433451822721967,0.30548333425671637,0.0,0.0,0.0,0.0,True
thomas01b,100,4,25,14,6,4,1,5,15,4,1,1,1,15,8,0,5,7,13,True,0.0690538883209228,PS(A)_PS(B)_same_rho,-0.7206437196303181,-0.7206437196303181,0.8963312635912575,0.8963312635912575,-0.3783574649580374,0.3871080875904069,-0.3783574649580374,0.3871080875904069,-0.3340028857584745,-0.3340028857584745,-0.3340028857584745,-0.3340028857584745,True,7.505984306335449,"GRT-{1_RHO, PS, DS}",0,-0.8662739150153473,-0.8662739150153473,1.11919378604917,1.11919378604917,-0.4298481714634294,0.4462503926294874,-0.4298481714634294,0.4462503926294874,-0.4950827333584114,-0.4950827333584114,-0.4950827333584114,-0.4950827333584114,-0.7863950133323669,-0.9048482775688171,1.2748351097106934,0.9960267543792725,-0.46626004576683044,0.4325736165046692,-0.4402972459793091,0.46924811601638794,-0.32229140400886536,-0.4971317648887634,-0.35248345136642456,-0.4792681038379669,True,-0.8722336607515467,-0.8722336607515467,1.1145011065938757,1.1145011065938757,-0.4275418524499243,0.4499428298261134,-0.4275418524499243,0.4499428298261134,-0.4978179338066654,-0.4978179338066654,-0.4978179338066654,-0.4978179338066654,True
thomas01b,100,5,25,17,6,2,0,5,17,2,1,0,0,20,5,1,2,5,17,True,0.0721604824066162,PS(A)_PS(B)_all,-1.0144987457841008,-1.0144987457841008,1.1715461713027622,1.1715461713027622,-0.647603582924978,0.5443409149356108,-0.647603582924978,0.5443409149356108,0.0,0.0,0.0,0.0,True,8.289044380187988,"GRT-{PI, PS, DS}",0,-1.2719132572426104,-1.2719132572426104,1.5619227600440455,1.5619227600440455,-0.7857239854016312,0.6576717637555908,-0.7857239854016312,0.6576717637555908,0.0,0.0,0.0,0.0,-1.4019290208816528,-1.2870361804962158,2.3386406898498535,1.2301007509231567,-0.7299818396568298,0.630394458770752,-0.7344014644622803,0.6411873698234558,-0.33262771368026733,-0.3367530405521393,-0.15474282205104828,-0.05924958735704422,True,-1.4050694562951895,-1.174881931302403,6.189933052324551,1.1749927046553217,-0.7722039365941556,0.6433327213060798,-0.7722039365941556,0.6433327213060798,0.0,0.0,0.0,0.0,True
thomas01b,100,6,25,13,9,3,0,6,15,0,4,5,1,11,8,2,3,13,7,True,0.0669887065887451,PS(A)_-_all,-0.87916771844457,-0.87916771844457,0.647603582924978,0.647603582924978,-0.3072925712011557,0.5951785333332776,-0.3072925712011556,-0.2177983799273989,0.0,0.0,0.0,0.0,False,7.657849073410034,"GRT-{PI, PS, DS}",52,-1.062264257357724,-1.062264257357724,0.7649273926291762,0.7649273926291762,-0.3524875142615216,0.1908412596340031,-0.3524875142615216,0.1908412596340031,0.0,0.0,0.0,0.0,-1.0811986923217773,-1.0736682415008545,0.7018638849258423,0.7208406925201416,-0.4271365702152252,0.6039940118789673,-0.43661728501319885,0.12987884879112244,-0.23492774367332458,0.2104516625404358,0.16674628853797913,-0.08979219198226929,True,-1.0803188977899085,-1.0803188977899085,0.7721922704538678,0.7721922704538678,-0.3584587932511938,0.7063025628400874,-0.358458854046304,-0.2533470937123928,0.0,0.0,0.0,0.0,True
thomas01b,100,7,25,17,6,2,0,8,14,2,1,0,3,14,8,1,2,12,10,True,0.0717840194702148,PS(A)_PS(B)_same_rho,-1.0166269137168609,-1.0166269137168609,0.9576728785002928,0.9576728785002928,-0.3554002839606174,0.0896620516956249,-0.3554002839606174,0.0896620516956249,-0.2916063662683321,-0.2916063662683321,-0.2916063662683321,-0.2916063662683321,True,7.807100534439087,"GRT-{1_RHO, PS, DS}",0,-1.262850155779064,-1.262850155779064,1.2029037811220495,1.2029037811220495,-0.42035660007716,0.10529959183703,-0.42035660007716,0.10529959183703,-0.47057438741771,-0.47057438741771,-0.47057438741771,-0.47057438741771,-1.4044383764266968,-1.2825654745101929,1.3284131288528442,1.1992682218551636,-0.593590497970581,0.2594432234764099,-0.39667078852653503,0.16408969461917877,-0.4169865548610687,-0.39470821619033813,-0.4821954667568207,-0.3514133095741272,True,-1.284835018176541,-1.284835018176541,1.1999083983140366,1.1999083983140366,-0.4176276777907545,0.10549675381424137,-0.4176276777907545,0.10549675381424137,-0.4759228491527155,-0.4759228491527155,-0.4759228491527155,-0.4759228491527155,True
thomas01b,100,8,25,16,7,2,0,7,16,0,2,1,2,15,7,1,2,8,14,True,0.0592091083526611,PS(A)_PS(B)_all,-1.0896619819461073,-1.0896619819461073,0.944669591394476,0.944669591394476,-0.3993230673495512,0.3993230673495511,-0.3993230673495512,0.3993230673495511,0.0,0.0,0.0,0.0,False,8.267280101776123,"GRT-{PI, PS, DS}",52,-1.3734953015148512,-1.3734953015148512,1.1687499922194833,1.1687499922194833,-0.4739650746556473,0.4713620038415906,-0.4739650746556473,0.4713620038415906,0.0,0.0,0.0,0.0,-1.4432361125946045,-1.4600749015808105,1.2449722290039062,1.1934696435928345,-0.46321722865104675,0.4953713119029999,-0.4637655019760132,0.46108901500701904,-0.2691359221935272,0.11656396836042404,-0.2739153206348419,-0.023493794724345207,True,-1.4050715603096329,-1.4050715603096329,1.174986744930658,1.174986744930658,-0.46769879671073056,0.46769875205658146,-0.46769879671073056,0.46769875205658146,0.0,0.0,0.0,0.0,True
thomas01b,100,9,25,11,8,6,0,1,22,1,1,2,5,14,4,0,3,12,10,True,0.0805630683898925,PS(A)_-_same_rho,-0.8167264881413656,-0.8167264881413656,0.7005976364389584,0.7005976364389584,-0.32937980978168,1.0087444830392096,-0.3802292885557604,0.1070795919271661,-0.5678064223158679,-0.5678064223158679,-0.5678064223158679,-0.5678064223158679,True,7.486253261566162,"GRT-{1_RHO, PS, DS}",0,-0.8531101511816791,-0.8531101511816791,0.7328954485623856,0.7328954485623856,-0.4353141774626448,0.5921801071448052,-0.4353141774626448,0.5921801071448052,-0.7789417883653309,-0.7789417883653309,-0.7789417883653309,-0.7789417883653309,-0.7891849279403687,-1.2852752208709717,0.7438850402832031,1.038569688796997,-0.40757134556770325,1.3500093221664429,-0.402425616979599,0.3016028106212616,-0.6421892642974854,-0.6219305396080017,-0.6055628061294556,-0.6395794749259949,True,-0.7173663105497997,-1.4042346720668104,0.5727316872821202,1.1886934398039202,-0.476512603080386,1.404234775887491,-0.3563727549153632,0.054749760408767396,-0.7675906871939651,-0.7675906871939651,-0.7675906871939651,-0.7675906871939651,True
thomas01b,100,10,25,15,7,3,0,4,15,3,3,2,3,13,7,0,2,7,16,True,0.0718979835510253,PS(A)_PS(B)_same_rho,-0.7704465438958421,-0.7704465438958421,0.8893241963019807,0.8893241963019807,-0.3777774076368551,0.5197017000642516,-0.3777774076368551,0.5197017000642516,-0.2842901203702953,-0.2842901203702953,-0.2842901203702953,-0.2842901203702953,True,8.705193519592285,"GRT-{1_RHO, PS, DS}",0,-0.934917574103674,-0.934917574103674,1.1016921230895127,1.1016921230895127,-0.465571984881914,0.6384217036599718,-0.465571984881914,0.6384217036599718,-0.4655570371573629,-0.4655570371573629,-0.4655570371573629,-0.4655570371573629,-1.0826964378356934,-0.8067236542701721,0.9567050337791443,1.338849663734436,-0.43449074029922485,0.6085590720176697,-0.440410852432251,0.6014032959938049,-0.4607250988483429,-0.3825695812702179,-0.4073812961578369,-0.4405632019042969,True,-0.9367755420484538,-0.9367755420484538,1.1027493641290709,1.1027493641290709,-0.46559666772651853,0.6359680632147906,-0.46559666772651853,0.6359680632147906,-0.46843780792934964,-0.46843780792934964,-0.46843780792934964,-0.46843780792934964,True
thomas01b,48,1,12,9,2,1,0,3,6,1,2,0,0,12,0,0,1,4,7,True,0.0645713806152343,PS(A)_PS(B)_all,-0.6744897501960818,-0.6744897501960818,1.0099901692495823,1.0099901692495823,-0.8871465590188763,0.3186393639643751,-0.8871465590188763,0.3186393639643751,0.0,0.0,0.0,0.0,False,7.691210031509399,"GRT-{PI, PS, DS}",52,-0.9432972451833188,-0.9432972451833188,1.772786657023965,1.772786657023965,-1.398755209416782,0.4349427523595719,-1.398755209416782,0.4349427523595719,0.0,0.0,0.0,0.0,-1.3138600587844849,-0.8175064921379089,2.0523529052734375,1.6167858839035034,-1.2345026731491089,0.5108484029769897,-1.9730594158172607,0.4975234270095825,-0.21613769233226776,-0.09458984434604645,-0.1619287133216858,-0.2535095512866974,True,-0.9674217405063082,-0.9674217405063082,1.731664533724347,1.731664533724347,-1.382994493265972,0.43072719792678626,-1.382994493265972,0.43072719792678626,0.0,0.0,0.0,0.0,True
thomas01b,48,2,12,4,5,0,3,7,3,1,1,1,1,6,4,2,1,0,9,True,0.0797138214111328,PS(A)_-_same_rho,-0.5786675746193907,-0.5786675746193907,0.5777145067552001,0.5777145067552001,0.3024984327878847,-0.2987985733994076,-0.1653377905213052,0.710735420551933,0.354154084729765,0.354154084729765,0.354154084729765,0.354154084729765,True,7.527233600616455,"GRT-{PI, PS, DS}",0,-0.8052615839150356,-0.8052615839150356,0.8028100503698509,0.8028100503698509,0.1057220396431532,0.2104316398614781,0.1057220396431532,0.2104316398614781,0.0,0.0,0.0,0.0,-0.9052281379699707,-0.847595751285553,0.9078172445297241,0.8508018255233765,-0.08612792938947678,0.14816971123218536,-0.32696059346199036,1.0865435600280762,0.3269800543785095,0.22753939032554626,0.1664847582578659,0.4921046793460846,True,-0.8154112383566876,-0.8154112383566876,0.8012915944100345,0.8012915944100345,0.414866840213811,-0.3890485843336801,-0.2114497383877436,1.0625745949359136,0.5486973577354576,0.5486973577354576,0.5486973577354576,0.5486973577354576,True
thomas01b,48,3,12,7,5,0,0,4,6,1,1,1,0,9,2,0,1,4,7,True,0.0774757862091064,PS(A)_PS(B)_all,-0.8871465590188763,-0.8871465590188763,0.8871465590188763,0.8871465590188763,-0.4022500653217252,0.2372021093287881,-0.4022500653217252,0.2372021093287881,0.0,0.0,0.0,0.0,True,9.529465913772585,"GRT-{PI, PS, DS}",0,-1.381020368955036,-1.381020368955036,1.3767379872298686,1.3767379872298686,-0.5435941036852951,0.3003954109947003,-0.5435941036852951,0.3003954109947003,0.0,0.0,0.0,0.0,-1.9878250360488892,-1.1507982015609741,1.5209708213806152,1.4421448707580566,-0.4880150556564331,0.3365325629711151,-0.7810911536216736,0.5103002190589905,-0.08266465365886688,-0.07418014854192734,0.07165016233921051,-0.20417603850364685,True,-1.38299630750851,-1.38299630750851,1.382994127100638,1.382994127100638,-0.5485201764419966,0.31866019476153523,-0.5485201764419966,0.31866019476153523,0.0,0.0,0.0,0.0,True
thomas01b,48,4,12,8,2,2,0,5,7,0,0,1,0,8,3,0,1,6,5,True,0.1052942276000976,PS(A)_PS(B)_all,-0.8871465590188763,-0.8871465590188763,0.8871465590188763,0.8871465590188763,-0.5791321622555561,0.078412412733112,-0.5791321622555561,0.078412412733112,0.0,0.0,0.0,0.0,True,9.25155758857727,"GRT-{PI, PS, DS}",0,-1.3947316065803694,-1.3947316065803694,1.3896803171602874,1.3896803171602874,-0.7985778542963229,0.1122452481663072,-0.7985778542963229,0.1122452481663072,0.0,0.0,0.0,0.0,-1.1600466966629028,-1.9094412326812744,1.432946801185608,1.3986549377441406,-0.8808047771453857,0.27899113297462463,-0.8358461260795593,0.2635110914707184,-0.282660573720932,-0.06565132737159729,0.0447496697306633,-0.2623213827610016,True,-1.3829936872659658,-1.3829936872659658,1.3829940472043398,1.3829940472043398,-0.8122177054350997,0.10463355765387809,-0.8122177054350997,0.10463355765387809,0.0,0.0,0.0,0.0,True
thomas01b,48,5,12,8,2,2,0,2,8,0,2,1,0,8,3,1,2,3,6,True,0.0733909606933593,PS(A)_PS(B)_all,-0.6744897501960818,-0.6744897501960818,0.6744897501960818,0.6744897501960818,-0.5791321622555561,0.4887764111146697,-0.5791321622555561,0.4887764111146697,0.0,0.0,0.0,0.0,True,7.482458114624023,"GRT-{PI, PS, DS}",0,-0.9724044198818312,-0.9724044198818312,0.9426762937842806,0.9426762937842806,-0.8237718069394009,0.68194452515591,-0.8237718069394009,0.68194452515591,0.0,0.0,0.0,0.0,-0.9850643873214722,-1.0020722150802612,1.3647828102111816,0.8347846865653992,-0.9079471826553345,0.8556591272354126,-0.8222090005874634,0.6449576020240784,-0.08800008893013,0.2000025361776352,0.17091122269630432,-0.005354164633899927,True,-0.967421566101701,-0.967421566101701,0.9674216549647465,0.9674216549647465,-0.8122179829233105,0.6744897699494817,-0.8122179829233105,0.6744897699494817,0.0,0.0,0.0,0.0,True
thomas01b,48,6,12,8,1,3,0,6,5,1,0,2,0,7,3,1,4,3,4,True,0.0729236602783203,PS(A)_PS(B)_all,-0.6744897501960819,-0.6744897501960819,0.4022500653217252,0.4022500653217252,-0.6744897501960818,0.0784124127331121,-0.6744897501960818,0.0784124127331121,0.0,0.0,0.0,0.0,True,7.802266836166382,"GRT-{PI, PS, DS}",0,-0.959760825636281,-0.959760825636281,0.5457047138381615,0.5457047138381615,-0.980480486306874,0.1031936951730627,-0.980480486306874,0.1031936951730627,0.0,0.0,0.0,0.0,-0.8247484564781189,-1.399577021598816,0.940995454788208,0.3413691818714142,-1.3731662034988403,0.152920663356781,-0.8282412886619568,0.4667106866836548,-0.19931159913539886,-0.27110081911087036,0.12219850718975067,-0.18272517621517181,True,-0.9674237142681575,-0.9674237142681575,0.5485183896171845,0.5485183896171845,-0.9674237342778509,0.10464116740936633,-0.9674237342778509,0.10464116740936633,0.0,0.0,0.0,0.0,True
thomas01b,48,7,12,9,3,0,0,3,6,2,1,0,1,9,2,0,1,4,7,True,0.0671284198760986,PS(A)_PS(B)_all,-0.7764217611479277,-0.7764217611479277,0.8871465590188763,0.8871465590188763,-0.4887764111146698,0.2372021093287881,-0.4887764111146698,0.2372021093287881,0.0,0.0,0.0,0.0,True,8.296851873397827,"GRT-{PI, PS, DS}",0,-1.1506601552772142,-1.1506601552772142,1.3812423801762546,1.3812423801762546,-0.6747562989035861,0.3119306175488554,-0.6747562989035861,0.3119306175488554,0.0,0.0,0.0,0.0,-1.9590197801589966,-0.8038924932479858,1.5193520784378052,1.3935248851776123,-0.6878749132156372,0.3778352737426758,-0.6599420309066772,0.4068528711795807,-0.2852179706096649,-0.4131675362586975,-0.4941047728061676,-0.4444195032119751,True,-5.715874384960867,-0.705961382910087,1.4338809098506609,1.4236972621266286,-0.6764669520746724,0.31910761038842833,-0.6764669520746724,0.31910761038842833,-0.661771140746643,-0.661771140746643,-0.661771140746643,-0.661771140746643,True
thomas01b,48,8,12,8,2,2,0,3,7,0,2,3,1,6,2,0,1,7,4,True,0.0924444198608398,PS(A)_PS(B)_all,-0.6744897501960818,-0.6744897501960818,0.5791321622555561,0.5791321622555561,-0.5791321622555561,0.1573106846101712,-0.5791321622555561,0.1573106846101712,0.0,0.0,0.0,0.0,False,7.132630348205566,"GRT-{PI, PS, DS}",52,-0.9583471745792504,-0.9583471745792504,0.8122863285759784,0.8122863285759784,-0.822199864142036,0.2145339987353141,-0.822199864142036,0.2145339987353141,0.0,0.0,0.0,0.0,-0.936658501625061,-0.9492177367210388,0.5283990502357483,1.2636569738388062,-0.9172245264053345,0.5845586657524109,-0.7359550595283508,0.2198055386543274,-0.23477321863174438,0.08954248577356339,-0.004876297898590565,-0.29165953397750854,True,-0.967421576746213,-0.967421576746213,0.8122179914417683,0.8122179914417683,-0.8122177246782348,0.21042845933486026,-0.8122177246782348,0.21042845933486026,0.0,0.0,0.0,0.0,True
thomas01b,48,9,12,8,2,2,0,3,9,0,0,0,0,12,0,3,0,5,4,True,0.0961503982543945,PS(A)_PS(B)_all,-0.8871465590188762,-0.8871465590188762,0.7764217611479276,0.7764217611479276,-0.8871465590188763,0.0784124127331121,-0.8871465590188763,0.0784124127331121,0.0,0.0,0.0,0.0,True,8.709493637084961,"GRT-{PI, PS, DS}",0,-1.3752421568075768,-1.3752421568075768,1.13465364167942,1.13465364167942,-1.4079547224126678,0.1060084844228244,-1.4079547224126678,0.1060084844228244,0.0,0.0,0.0,0.0,-1.1163508892059326,-2.0163168907165527,2.099496364593506,0.9429318308830261,-1.1651519536972046,0.6455187201499939,-2.0124921798706055,0.08316929638385773,-0.14125663042068481,0.006356167607009411,0.030019273981451988,0.1938888132572174,True,-0.9674824663381546,-5.8728948344309275,5.872572017141152,0.6744866060905332,-0.9673834994011514,0.6744923581018009,-5.872738263338106,-0.4307432276050845,0.0,0.0,0.0,0.0,True
thomas01b,48,10,12,9,2,1,0,3,7,0,2,0,1,8,3,0,3,3,6,True,0.0674808025360107,PS(A)_PS(B)_all,-0.7764217611479276,-0.7764217611479276,0.6744897501960818,0.6744897501960818,-0.4887764111146697,0.4887764111146697,-0.4887764111146697,0.4887764111146697,0.0,0.0,0.0,0.0,True,8.098376989364624,"GRT-{PI, PS, DS}",0,-1.1430811449921197,-1.1430811449921197,0.9642400102488208,0.9642400102488208,-0.687505553771549,0.6788016231493595,-0.687505553771549,0.6788016231493595,0.0,0.0,0.0,0.0,-1.321648120880127,-1.0782357454299927,1.3277331590652466,0.859944760799408,-0.8543714880943298,0.6798702478408813,-0.6082243323326111,0.6787630319595337,-0.22716964781284332,0.04148941859602928,-0.3295891582965851,-0.30807825922966003,True,-1.1503530266764856,-1.1503530266764856,0.9674210802981683,0.9674210802981683,-0.6744877726549606,0.6744897501960817,-0.6744877726549606,0.6744897501960817,0.0,0.0,0.0,0.0,True
silbert09a,800,1,200,108,26,52,14,18,151,5,26,21,5,155,19,2,17,25,156,True,0.0810656547546386,-_-_all,-0.4307272992954576,-0.987230991990176,1.0927358287257212,1.264969244884148,-0.8207920883323807,1.1623383881128215,-1.1385234784600693,1.0706791397339803,0.0,0.0,0.0,0.0,False,7.965219259262085,"GRT-{PI, PS(B), DS}",52,-0.4287254107090128,-1.011569323085422,1.104054576892928,1.289686774477004,-1.0056350453323968,1.143178263271266,-1.0056350453323968,1.143178263271266,0.0,0.0,0.0,0.0,-0.4014471471309662,-0.9747311472892761,1.1094791889190674,1.3431586027145386,-0.9406901597976685,1.185550332069397,-1.084396481513977,1.127732753753662,-0.057097166776657104,-0.10878252983093262,-0.12281188368797302,-0.07573840022087097,True,-0.4399131656732339,-1.0152220332170279,1.1263911290388007,1.3105791121681285,-0.8416212335729143,1.200358858030859,-1.1749867920660904,1.1030625561995975,0.0,0.0,0.0,0.0,True
silbert09a,800,2,200,142,21,27,10,20,142,3,35,22,4,148,26,3,17,15,165,True,0.0765256881713867,PS(A)_PS(B)_same_rho,-0.8639372564546225,-0.8639372564546225,1.159291425557926,1.159291425557926,-0.9947843049673668,1.222323248411928,-0.9947843049673668,1.222323248411928,0.1476906618614434,0.1476906618614434,0.1476906618614434,0.1476906618614434,False,7.511983633041382,"GRT-{PI, PS, DS}",52,-0.886071982451484,-0.886071982451484,1.2003540168643632,1.2003540168643632,-1.028026069355775,1.2678317896335334,-1.028026069355775,1.2678317896335334,0.0,0.0,0.0,0.0,-0.8792601227760315,-0.9065899848937988,1.207560420036316,1.2404022216796875,-1.0376368761062622,1.2729116678237915,-1.0273820161819458,1.2938308715820312,0.1768907904624939,0.12896156311035156,0.08182813972234726,0.15361590683460236,True,-0.8865496732117052,-0.8865496732117052,1.1967877229400543,1.1967877229400543,-1.023082525612453,1.264376401666966,-1.023082525612453,1.264376401666966,0.1620037303083202,0.1620037303083202,0.1620037303083202,0.1620037303083202,True
silbert09a,800,3,200,128,23,40,9,13,153,4,30,19,7,148,26,0,11,16,173,True,0.0769648551940918,-_PS(B)_all,-0.6744897501960819,-0.928899491647271,1.0927358287257212,1.5242311452517945,-0.9576578966610292,1.3365408767807672,-0.9576578966610292,1.3365408767807672,0.0,0.0,0.0,0.0,False,7.744866132736206,"GRT-{PI, PS(B), DS}",52,-0.68675033785377,-0.953223396129901,1.1166653058109657,1.5983886523699569,-0.9873576177996785,1.411378690266644,-0.9873576177996785,1.411378690266644,0.0,0.0,0.0,0.0,-0.6885138750076294,-0.8845391869544983,1.1573222875595093,1.5695196390151978,-1.0100581645965576,1.405708909034729,-1.0029401779174805,1.4362863302230835,-0.05049792304635048,-0.11568908393383026,-0.16687004268169403,-0.22041118144989014,True,-0.6903088102207405,-0.9541652531461943,1.1263911427510942,1.5981931399228175,-0.9842398165921196,1.3884474160439695,-0.9842398165921196,1.3884474160439695,0.0,0.0,0.0,0.0,True
silbert09a,800,4,200,133,27,31,9,18,146,5,31,17,11,147,25,2,15,11,172,True,0.0754199028015136,PS(A)_PS(B)_none,-0.8585969502760581,-0.8585969502760581,1.1642309070670176,1.1642309070670176,-0.9049668427767316,1.282152143880029,-0.9049668427767316,1.282152143880029,0.1322978168317481,-0.1069900617307403,-0.4103505693772937,0.3173147671206422,False,7.139681100845337,"GRT-{PI, PS, DS}",52,-0.8696799855169318,-0.8696799855169318,1.2215331495511328,1.2215331495511328,-0.922975902891856,1.332045848263292,-0.922975902891856,1.332045848263292,0.0,0.0,0.0,0.0,-0.8470779657363892,-0.9033985137939453,1.1642621755599976,1.2855459451675415,-0.918119490146637,1.2961097955703735,-0.9047315716743469,1.404304027557373,0.01971590705215931,-0.04838639125227928,-0.17903728783130646,0.04493193328380585,True,-0.8800365352188898,-0.8800365352188898,1.2050079345778688,1.2050079345778688,-0.9290842871271852,1.3325940348568484,-0.9290842871271852,1.3325940348568484,0.11645224058686686,-0.07366251515853701,-0.4063124996343,0.2444332325780764,True
silbert09a,800,5,200,127,31,35,7,22,136,5,37,18,8,151,23,1,19,17,163,True,0.0745830535888671,PS(A)_PS(B)_all,-0.7868450994550047,-0.7868450994550047,1.1623383881128215,1.1623383881128215,-0.9194827250672382,1.174496836231746,-0.9194827250672382,1.174496836231746,0.0,0.0,0.0,0.0,True,7.385299444198608,"GRT-{PI, PS, DS}",0,-0.8150409875221878,-0.8150409875221878,1.1957773652635175,1.1957773652635175,-0.9392001448550682,1.2202349104804069,-0.9392001448550682,1.2202349104804069,0.0,0.0,0.0,0.0,-0.7816072106361389,-0.8070364594459534,1.1965746879577637,1.2525192499160767,-0.9404264688491821,1.1858006715774536,-0.9525089263916016,1.2890591621398926,-0.09629425406455994,-0.04406766593456268,-0.19551372528076172,-0.10425222665071487,True,-0.8064212470182404,-0.8064212470182404,1.2003579083068963,1.2003579083068963,-0.9443266834356876,1.2133368037602683,-0.9443266834356876,1.2133368037602683,0.0,0.0,0.0,0.0,True
silbert09a,800,6,200,128,33,33,6,12,143,4,41,24,3,153,20,4,15,22,159,True,0.1187405586242675,PS(A)_-_all,-0.7868450994550047,-0.7868450994550047,1.1623383881128215,1.1623383881128215,-0.8381244999848644,1.3517022399306615,-1.1623383881128213,1.0927358287257212,0.0,0.0,0.0,0.0,False,7.436221599578857,"GRT-{PI, PS, DS}",52,-0.8237707695047035,-0.8237707695047035,1.2073279079745394,1.2073279079745394,-0.9939477231866178,1.2483780714909871,-0.9939477231866178,1.2483780714909871,0.0,0.0,0.0,0.0,-0.8149838447570801,-0.7897204756736755,1.1585429906845093,1.2160404920578003,-0.9211433529853821,1.3713467121124268,-1.1243209838867188,1.1214280128479004,-0.04321484640240669,0.008176615461707115,0.013074474409222603,0.07608623057603836,True,-0.8064133122754307,-0.8064133122754307,1.200353617704932,1.200353617704932,-0.8596173642419117,1.4050715603096329,-1.200358858030859,1.1263911915403297,0.0,0.0,0.0,0.0,True
silbert09a,800,7,200,119,28,41,12,19,133,2,46,25,11,148,16,1,18,16,165,True,0.065850019454956,-_PS(B)_none,-0.6188812096033575,-0.6859562381579354,0.8605333033663288,1.2648286624901093,-0.9383993581344992,1.264969244884148,-0.9383993581344992,1.264969244884148,0.0832739073182921,0.2364373634606041,-0.4494680891658051,0.0073179584286502,False,6.803275108337402,"GRT-{PI, PS, DS}",52,-0.6739423343335528,-0.6739423343335528,1.0958525230985303,1.0958525230985303,-0.955058788020854,1.3018590545948927,-0.955058788020854,1.3018590545948927,0.0,0.0,0.0,0.0,-0.5799697041511536,-0.6642489433288574,0.9612874388694763,1.2824585437774658,-0.9366104006767273,1.280147671699524,-1.0112870931625366,1.3855034112930298,-0.016397397965192795,0.111903116106987,-0.22627106308937073,-0.026524966582655907,True,-0.6323708949063026,-0.7011010890249543,0.8832758582569544,1.3129213330702896,-0.964092934637851,1.310583052893086,-0.964092934637851,1.310583052893086,0.0728787209093326,0.3112173056488517,-0.44821555784125167,-0.13480787659572566,True
silbert09a,800,8,200,114,27,46,13,22,149,4,25,11,7,154,28,2,20,21,157,True,0.0677614212036132,-_PS(B)_all,-0.5272223126730918,-1.0280600770829704,1.2928052291994157,1.1868314327558185,-0.8646063210100721,1.1268546936072896,-0.8646063210100721,1.1268546936072896,0.0,0.0,0.0,0.0,True,7.903305292129517,"GRT-{PI, PS(B), DS}",0,-0.5259442588864317,-1.0740511146723493,1.3345494039784531,1.2013016660650493,-0.8627817969648933,1.1804820747290528,-0.8627817969648933,1.1804820747290528,0.0,0.0,0.0,0.0,-0.5543457269668579,-1.0003050565719604,1.36091947555542,1.235538363456726,-0.8989410400390625,1.1566290855407715,-0.8946942090988159,1.1964794397354126,-0.04807616397738457,-0.07292705774307251,-0.17141929268836975,-0.08796399086713791,True,-0.5388360302784502,-1.0581216037569665,1.3407549539514056,1.22652813396442,-0.887146667707617,1.1625798986317701,-0.887146667707617,1.1625798986317701,0.0,0.0,0.0,0.0,True
silbert09a,800,9,200,142,21,28,9,15,151,5,29,17,10,147,26,4,18,17,161,True,0.0788183212280273,PS(A)_PS(B)_none,-0.8966588678664283,-0.8966588678664283,1.1333793272889825,1.1333793272889825,-0.9548746731180938,1.220235420673558,-0.9548746731180938,1.220235420673558,0.2601202473989787,-0.196716634308753,-0.3767422011572015,0.2528120705834042,False,7.195741891860962,"GRT-{PI, PS, DS}",52,-0.9059887296810286,-0.9059887296810286,1.1655784260192452,1.1655784260192452,-0.9680622798022877,1.2580473574681543,-0.9680622798022877,1.2580473574681543,0.0,0.0,0.0,0.0,-0.8971753120422363,-0.9502546787261963,1.1511051654815674,1.1707656383514404,-0.9630722999572754,1.2824733257293701,-0.9693881273269653,1.2820219993591309,0.08888804167509079,-0.052637457847595215,-0.15318013727664948,0.07934040576219559,True,-0.9208843596105903,-0.9208843596105903,1.169055179554179,1.169055179554179,-0.9810398626078272,1.2633944069220926,-0.9810398626078272,1.2633944069220926,0.24762839913993215,-0.16602536126220652,-0.3709524878307813,0.21317210390254068,True
silbert09a,800,10,200,117,30,42,11,12,146,2,40,20,6,151,23,2,18,21,159,True,0.0782363414764404,PS(A)_-_all,-0.6978130486006845,-0.6978130486006845,1.1623383881128213,1.1623383881128213,-0.803702815951442,1.4157020938005065,-1.0280600770829706,1.1623383881128213,0.0,0.0,0.0,0.0,False,7.699745416641235,"GRT-{PI, PS, DS}",52,-0.7156658890487425,-0.7156658890487425,1.1976058893813155,1.1976058893813155,-0.9303519457468208,1.3331846747620015,-0.9303519457468208,1.3331846747620015,0.0,0.0,0.0,0.0,-0.6345933675765991,-0.7458792328834534,1.1939066648483276,1.2699666023254395,-0.9188709259033203,1.430526852607727,-0.9798363447189331,1.2633832693099976,-0.024992255493998528,0.00956682488322258,-0.08763687312602997,-0.027879806235432625,True,-0.7143677120619332,-0.7143677120619332,1.200358843537068,1.200358843537068,-0.8238937107192514,1.4757910281791706,-1.0581216980654715,1.200358858030859,0.0,0.0,0.0,0.0,True
silbert09a,400,1,100,57,25,15,3,8,77,2,13,2,2,86,10,1,7,8,84,True,0.0728125572204589,PS(A)_-_same_rho,-0.9237975828157178,-0.9237975828157178,1.4253603917802529,1.4253603917802529,-0.5539176831825132,1.193962534542023,-1.102352539078795,1.234580157358746,-0.1707514830372054,-0.1707514830372054,-0.1707514830372054,-0.1707514830372054,True,7.286973476409912,"GRT-{PI, PS, DS}",0,-0.949666989343276,-0.949666989343276,1.5528113120217075,1.5528113120217075,-0.8570414486436629,1.3434058050632085,-0.8570414486436629,1.3434058050632085,0.0,0.0,0.0,0.0,-0.9627485871315002,-1.01983642578125,1.6478705406188965,1.5119314193725586,-0.5962066054344177,1.2774900197982788,-1.0535190105438232,1.3502432107925415,-0.20997217297554016,-0.13486707210540771,-0.27931392192840576,-0.07844816148281097,True,-0.9740353879876675,-0.9740353879876675,1.5552369400293244,1.5552369400293244,-0.578450452812854,1.2732803609599341,-1.1694447470813163,1.3269930498183684,-0.20263792377782885,-0.20263792377782885,-0.20263792377782885,-0.20263792377782885,True
silbert09a,400,2,100,59,15,20,6,5,73,2,20,8,3,79,10,3,4,10,83,True,0.0846354961395263,PS(A)_-_none,-0.6744897501960818,-0.6744897501960818,1.2493462419630998,1.2493462419630998,-0.7708625724869888,1.3563035082982655,-1.077566941399237,1.0338813998637997,0.0770124808296078,-0.1722606498989096,-0.3477377986566616,0.5297728207565265,True,7.231522083282471,"GRT-{PI, PS, DS}",0,-0.7217570172573439,-0.7217570172573439,1.3561091103613427,1.3561091103613427,-0.9528538496358028,1.290466208884632,-0.9528538496358028,1.290466208884632,0.0,0.0,0.0,0.0,-0.5983172059059143,-0.701158881187439,1.3071786165237427,1.417726755142212,-0.890785813331604,1.3710533380508423,-1.0008316040039062,1.1625785827636719,0.03018617071211338,-0.024215921759605408,-0.08683671802282333,0.20404912531375885,True,-0.7063025912831561,-0.7063025912831561,1.3407550463328473,1.3407550463328473,-0.8064212470182404,1.475791106441907,-1.126391207301537,1.1263911290388007,0.0,0.0,0.0,0.0,True
silbert09a,400,3,100,69,10,17,4,10,64,4,22,4,6,79,11,1,6,4,89,True,0.0836570262908935,PS(A)_PS(B)_none,-0.6912288866150942,-0.6912288866150942,1.257705624352949,1.257705624352949,-0.9638815684854974,1.2200836966185666,-0.9638815684854974,1.2200836966185666,0.1940017130693285,-0.0898311107684452,-0.6351940595241554,0.4872325435286808,False,7.27319860458374,"GRT-{PI, PS, DS}",52,-0.7170486589837746,-0.7170486589837746,1.3528803575628612,1.3528803575628612,-1.0146812797680245,1.2960651787804764,-1.0146812797680245,1.2960651787804764,0.0,0.0,0.0,0.0,-0.695048451423645,-0.639606773853302,1.3792041540145874,1.4007461071014404,-1.0233330726623535,1.1702231168746948,-0.9578132629394531,1.5333502292633057,-0.00011270672257523984,4.025995804113336e-05,-0.33884087204933167,0.0955636203289032,True,-0.7224864379243923,-0.7224864379243923,1.3722029772666995,1.3722029772666995,-1.073161601338132,1.0824246866232858,-0.9828878207692651,1.6305227570056313,0.15709820178420342,-0.04839004123920988,-0.6508534148218088,0.33572489279795814,True
silbert09a,400,4,100,61,21,17,1,9,69,2,20,7,3,74,16,2,13,5,80,True,0.0806105136871337,PS(A)_PS(B)_all,-0.8010945292819502,-0.8010945292819502,1.082914998686518,1.082914998686518,-0.7845928769832664,1.2493462419631,-0.7845928769832664,1.2493462419631,0.0,0.0,0.0,0.0,True,8.109169721603394,"GRT-{PI, PS, DS}",0,-0.8549285990725962,-0.8549285990725962,1.147379533277519,1.147379533277519,-0.8272829345509313,1.3562998766243777,-0.8272829345509313,1.3562998766243777,0.0,0.0,0.0,0.0,-0.846662163734436,-0.7694860100746155,1.1904711723327637,1.1207318305969238,-0.7701645493507385,1.320288062095642,-0.7794837355613708,1.3717137575149536,-0.17795588076114655,-0.016160359606146812,-0.11651109904050827,0.0342656746506691,True,-0.8416211307695926,-0.8416211307695926,1.1503495545917817,1.1503495545917817,-0.8238937299416959,1.340755120398123,-0.8238937299416959,1.340755120398123,0.0,0.0,0.0,0.0,True
silbert09a,400,5,100,68,9,15,8,5,73,1,21,4,4,83,9,2,9,5,84,True,0.0882585048675537,PS(A)_PS(B)_none,-0.7281540483272011,-0.7281540483272011,1.2124885740053968,1.2124885740053968,-0.9717041592930428,1.3995712004342054,-0.9717041592930428,1.3995712004342054,0.4408626874200844,-0.033648601604208,-0.6184980020959469,0.4068889214515727,False,8.587170600891113,"GRT-{PI, PS, DS}",52,-0.7616831628035136,-0.7616831628035136,1.3111216446119554,1.3111216446119554,-1.0332852392257523,1.4940896777852717,-1.0332852392257523,1.4940896777852717,0.0,0.0,0.0,0.0,-0.7130911946296692,-0.715199887752533,1.3141788244247437,1.3006868362426758,-1.0122607946395874,1.4750442504882812,-1.0227978229522705,1.4770660400390625,0.18978652358055115,0.05851621553301811,-0.19729669392108917,0.1630753129720688,True,-0.7640885406487813,-0.7640885406487813,1.2981538576173166,1.2981538576173166,-1.0265451279419553,1.5200896564785278,-1.0265451279419553,1.5200896564785278,0.44659012838308226,0.09726972317035025,-0.6298782495217385,0.35504137449882694,True
silbert09a,400,6,100,67,9,18,6,11,68,4,17,6,5,76,13,3,11,8,78,True,0.0787611007690429,PS(A)_PS(B)_none,-0.718167957673232,-0.718167957673232,1.0851319860325106,1.0851319860325106,-0.9182612472283944,1.0657142190704745,-0.9182612472283944,1.0657142190704745,0.3032344779924228,-0.1470036411266203,-0.4742271179983765,0.3217615445847104,False,8.397495746612549,"GRT-{PI, PS, DS}",52,-0.738713039207598,-0.738713039207598,1.1291189630919074,1.1291189630919074,-0.9536648534303728,1.106320739739338,-0.9536648534303728,1.106320739739338,0.0,0.0,0.0,0.0,-0.6976802349090576,-0.7325227856636047,1.1472766399383545,1.144612193107605,-0.9542187452316284,1.1334773302078247,-0.9447582960128784,1.159003734588623,0.08425190299749374,-0.029866689816117287,-0.1594536155462265,0.09831371903419495,True,-0.7522297663080959,-0.7522297663080959,1.1538859678992495,1.1538859678992495,-0.9684057171601694,1.1304698919177982,-0.9684057171601694,1.1304698919177982,0.2955397882767211,-0.11314534636775793,-0.473845720403286,0.28256011771949735,True
silbert09a,400,7,100,61,17,19,3,8,71,4,17,6,2,74,18,1,3,14,82,True,0.0677855014801025,PS(A)_PS(B)_all,-0.7522128338806362,-0.7522128338806362,1.4260768722728472,1.4260768722728472,-0.8010945292819504,1.040566204102494,-0.8010945292819504,1.040566204102494,0.0,0.0,0.0,0.0,False,7.704720258712768,"GRT-{PI, PS, DS}",52,-0.7943701269523058,-0.7943701269523058,1.5369248961165063,1.5369248961165063,-0.8539044559288546,1.0984577729422136,-0.8539044559288546,1.0984577729422136,0.0,0.0,0.0,0.0,-0.729157030582428,-0.7741668820381165,1.5262380838394165,1.6186492443084717,-0.7949776649475098,1.1200298070907593,-0.8056098818778992,1.0744513273239136,-0.10772503167390823,-0.08858183026313782,-0.052790965884923935,0.009818030521273613,True,-0.7891991920226182,-0.7891991920226182,1.5547743343827356,1.5547743343827356,-0.8416213007527534,1.1030612195541252,-0.8416213007527534,1.1030612195541252,0.0,0.0,0.0,0.0,True
silbert09a,400,8,100,61,12,26,1,5,72,1,22,5,3,80,12,2,7,16,75,True,0.0767755508422851,PS(A)_-_all,-0.6445316061066135,-0.6445316061066135,1.2760917802458769,1.2760917802458769,-1.061502629704576,1.4260768722728472,-0.9803303522249296,0.8694237732888859,0.0,0.0,0.0,0.0,False,8.11292028427124,"GRT-{PI, PS, DS}",52,-0.6810186684739337,-0.6810186684739337,1.393021398398098,1.393021398398098,-1.0797327321254189,1.1549728639330263,-1.0797327321254189,1.1549728639330263,0.0,0.0,0.0,0.0,-0.6043123602867126,-0.6420201063156128,1.3696227073669434,1.395537257194519,-1.081602692604065,1.5239059925079346,-1.0327717065811157,0.9303941130638123,-0.22466734051704407,-0.04118433967232704,-0.22157317399978638,-0.02853569947183132,True,-0.6750826828826174,-0.6750826828826174,1.3714282058602572,1.3714282058602572,-1.126385091550464,1.540015852378727,-1.0374604072866025,0.9092348115742721,-0.18388336895296828,-0.18388336895296828,-0.18388336895296828,-0.18388336895296828,True
silbert09a,400,9,100,65,19,11,5,11,76,0,13,7,0,79,14,2,10,7,81,True,0.0783507823944091,PS(A)_PS(B)_same_rho,-1.0069223275516748,-1.0069223275516748,1.2289796181429875,1.2289796181429875,-0.8405064571427658,1.2069622490256058,-0.8405064571427658,1.2069622490256058,0.1956143277444895,0.1956143277444895,0.1956143277444895,0.1956143277444895,True,8.021522283554077,"GRT-{PI, PS, DS}",0,-1.054507758678524,-1.054507758678524,1.3052981394437586,1.3052981394437586,-0.8847035382531538,1.2755921999399555,-0.8847035382531538,1.2755921999399555,0.0,0.0,0.0,0.0,-1.0664387941360474,-1.1389765739440918,1.4298232793807983,1.2839372158050537,-0.7469863295555115,1.2792761325836182,-1.0247130393981934,1.3233392238616943,0.24041298031806946,0.38688603043556213,0.3604978621006012,0.2717891037464142,True,-1.0693812259488056,-1.0693812259488056,1.3182330231159183,1.3182330231159183,-0.8866883278597975,1.2952785691368067,-0.8866883278597975,1.2952785691368067,0.27028169169870797,0.27028169169870797,0.27028169169870797,0.27028169169870797,True
silbert09a,400,10,100,63,13,19,5,9,76,3,12,9,2,72,17,2,10,9,79,True,0.0847294330596923,PS(A)_PS(B)_all,-0.8178172643411135,-0.8178172643411135,1.1273006572453688,1.1273006572453688,-0.851969952734788,1.1273006572453688,-0.851969952734788,1.1273006572453688,0.0,0.0,0.0,0.0,True,7.197369575500488,"GRT-{PI, PS, DS}",0,-0.8636145790665782,-0.8636145790665782,1.1780332910304478,1.1780332910304478,-0.8961516600254236,1.1946806446715972,-0.8961516600254236,1.1946806446715972,0.0,0.0,0.0,0.0,-0.756449818611145,-0.9254245162010193,1.1947941780090332,1.2296326160430908,-0.8536109328269958,1.2113101482391357,-0.8574920892715454,1.1903988122940063,0.019349483773112297,-0.04713226482272148,-0.006656812038272619,0.060382939875125885,True,-0.8596165028112924,-0.8596165028112924,1.2003638173714137,1.2003638173714137,-0.8964733601883595,1.2003638133884758,-0.8964733601883595,1.2003638133884758,0.0,0.0,0.0,0.0,True
silbert09a,200,1,50,27,10,11,2,5,39,0,6,6,4,34,6,0,4,5,41,True,0.0729444026947021,-_PS(B)_all,-0.5894557978497785,-1.0444087948725962,0.7647096737863871,1.2206403488473496,-0.7039217888285135,1.1281436452787634,-0.7039217888285135,1.1281436452787634,0.0,0.0,0.0,0.0,True,7.655171871185303,"GRT-{PI, PS, DS}",0,-0.8819824692128907,-0.8819824692128907,1.0834624559398345,1.0834624559398345,-0.7629548424707744,1.2845385192305858,-0.7629548424707744,1.2845385192305858,0.0,0.0,0.0,0.0,-0.6305663585662842,-1.1243830919265747,0.9083008766174316,1.3125697374343872,-0.7130166888237,1.3386638164520264,-0.7221221327781677,1.3168612718582153,-0.19415126740932465,0.10931076109409332,-0.2453508824110031,-0.23214448988437653,True,-0.6351465048408979,-1.1646706429644842,0.8377676082922624,1.409235671892008,-0.7744507443654516,1.276441589942916,-0.7744507443654516,1.276441589942916,-0.23813768378473693,-0.23813768378473693,-0.23813768378473693,-0.23813768378473693,True
silbert09a,200,2,50,28,6,13,3,2,37,2,9,6,2,32,10,2,5,7,36,True,0.070775032043457,PS(A)_PS(B)_all,-0.5620615648282654,-0.5620615648282654,0.9310033102379448,0.9310033102379448,-0.7339766603578389,1.005170380814464,-0.7339766603578389,1.005170380814464,0.0,0.0,0.0,0.0,True,8.293357849121094,"GRT-{PI, PS, DS}",0,-0.6178832709116662,-0.6178832709116662,1.037168243683375,1.037168243683375,-0.8025964950700085,1.1300898976191194,-0.8025964950700085,1.1300898976191194,0.0,0.0,0.0,0.0,-0.5061544179916382,-0.6297595500946045,1.0017366409301758,1.1112632751464844,-0.7904036045074463,1.3343520164489746,-0.7136335968971252,1.0262593030929565,-0.05474938079714775,-0.1432662457227707,-0.09525125473737717,0.04200981929898262,True,-0.6128129874431739,-0.6128129874431739,1.03643331925732,1.03643331925732,-0.8064219454140612,1.126391366454009,-0.8064219454140612,1.126391366454009,0.0,0.0,0.0,0.0,True
silbert09a,200,3,50,30,9,10,1,10,34,1,5,2,2,39,7,0,7,3,40,True,0.0970330238342285,PS(A)_-_all,-0.8616341201741723,-0.8616341201741723,1.085324908076759,1.085324908076759,-0.764709673786387,0.7039217888285136,-0.8284646485811347,1.3249576888929775,0.0,0.0,0.0,0.0,False,11.434963464736938,"GRT-{PI, PS, DS}",52,-0.9549849797289532,-0.9549849797289532,1.2381263176960688,1.2381263176960688,-0.8955644930169459,1.0732028606962594,-0.8955644930169459,1.0732028606962594,0.0,0.0,0.0,0.0,-0.852031409740448,-1.0544629096984863,1.3442697525024414,1.2011340856552124,-0.7680544853210449,0.8350936770439148,-0.8298586010932922,1.492695927619934,-0.22863353788852692,-0.07581844925880432,-0.2725577652454376,-0.2574222683906555,True,-0.9505200241801756,-0.9505200241801756,1.2323285483822846,1.2323285483822846,-0.8216210763557923,0.7399785831856988,-0.9016652424775417,1.5475049087030828,-0.271537888600047,-0.271537888600047,-0.271537888600047,-0.271537888600047,True
silbert09a,200,4,50,31,8,7,4,3,36,4,7,4,1,37,8,2,8,2,38,True,0.151017427444458,PS(A)_PS(B)_none,-0.7307504293355659,-0.7307504293355659,0.9100468314046852,0.9100468314046852,-0.7258189772116431,1.105666185179308,-0.7258189772116431,1.105666185179308,0.276685864824061,-0.5378501193270407,-0.1978388898311464,0.4256088332731225,True,9.591551780700684,"GRT-{PI, PS, DS}",0,-0.7875946593350736,-0.7875946593350736,1.0538191871701903,1.0538191871701903,-0.8035547499277479,1.2080278696305249,-0.8035547499277479,1.2080278696305249,0.0,0.0,0.0,0.0,-0.7320088148117065,-0.7445907592773438,1.1641907691955566,0.9364692568778992,-0.7352827191352844,1.1849327087402344,-0.7629806399345398,1.2710070610046387,0.09077692031860352,-0.250984251499176,-0.03322810307145119,0.14548800885677338,True,-0.7721932141886848,-0.7721932141886848,1.0364329667144607,1.0364329667144607,-0.8064211525371665,1.2265279219044096,-0.8064211525371665,1.2265279219044096,0.0,0.0,0.0,0.0,True
silbert09a,200,5,50,25,9,14,2,6,39,0,5,7,2,37,4,3,1,5,41,True,0.0863251686096191,-_PS(B)_none,-0.4136289538192537,-1.1286206332338278,0.7959897959744827,1.25606704351017,-0.8616341201741723,0.9674215661017014,-0.8616341201741723,0.9674215661017014,-0.218384777376892,0.0144314323649304,-0.3489795387463508,0.7162679515005512,False,8.476061820983887,"GRT-{PI, PS(B), DS}",52,-0.4616067092303815,-1.2778408058888466,0.9315960040445777,1.3940776792501264,-0.9574650643876612,1.064185128473354,-0.9574650643876612,1.064185128473354,0.0,0.0,0.0,0.0,-0.4225107431411743,-1.2637840509414673,0.9081488251686096,1.4032220840454102,-0.8521148562431335,1.144840121269226,-0.977237343788147,0.9883151054382324,-0.004628883674740791,0.2950376272201538,-0.06001324579119682,0.40252363681793213,True,-0.44304802235266066,-1.2946275547922346,0.8826685092573022,1.45397295174293,-0.9541708700781572,1.080315600244987,-0.9541708700781572,1.080315600244987,-0.29167907783281444,0.8922534825992715,-0.3157203725447247,0.7836516872669604,True
silbert09a,200,6,50,29,7,9,5,1,43,2,4,5,2,34,9,1,2,3,44,True,0.1074247360229492,-_PS(B)_none,-0.5398718042065686,-1.0246322002916228,0.964296864440346,1.340229756857442,-0.6744897501960818,1.2710701213098397,-0.6744897501960818,1.2710701213098397,0.2881174668823458,-0.7026746254773674,-0.187170449706466,0.5569207915747488,False,8.387913227081299,"GRT-{PI, PS, DS}",52,-0.8384885375141596,-0.8384885375141596,1.256474349576416,1.256474349576416,-0.7344769414658837,1.4529091976549786,-0.7344769414658837,1.4529091976549786,0.0,0.0,0.0,0.0,-0.5700175762176514,-1.143988847732544,1.1494542360305786,1.5253961086273193,-0.6623622179031372,1.4914671182632446,-0.685872495174408,1.397926926612854,0.06432479619979858,-0.3138945996761322,-0.06640681624412537,0.1847050040960312,True,-0.5882907978115434,-1.1464054748026609,1.0779294664870085,1.5722713982237253,-0.7388950502106437,1.4758095824506072,-0.7388950502106437,1.4758095824506072,0.29192596092121537,-0.7615045341455042,-0.13307718321700332,0.5102659274789851,True
silbert09a,200,7,50,34,7,4,5,4,39,0,7,8,2,37,3,1,7,2,40,True,0.0946795940399169,PS(A)_PS(B)_none,-0.933283581836133,-0.933283581836133,0.8013961165925871,0.8013961165925871,-0.8751937320204086,1.261397850425179,-0.8751937320204086,1.261397850425179,0.5287986943077243,0.0013638652839033,-0.356296305821199,0.380565723940837,False,9.493474245071411,"GRT-{PI, PS, DS}",52,-0.988964850919108,-0.988964850919108,0.9341580504577426,0.9341580504577426,-0.9534550549233176,1.493893868623703,-0.9534550549233176,1.493893868623703,0.0,0.0,0.0,0.0,-0.9382147192955017,-1.0921295881271362,0.8400039076805115,0.9035667181015015,-0.776862621307373,1.4620270729064941,-1.1573257446289062,1.5103307962417603,0.296914279460907,0.28886327147483826,0.003440998261794448,0.1911783367395401,True,-1.0190136730694126,-1.0190136730694126,0.9181226162686446,0.9181226162686446,-0.9515255580305397,1.476860965770534,-0.9515255580305397,1.476860965770534,0.27858091513516026,0.27858091513516026,0.27858091513516026,0.27858091513516026,True
silbert09a,200,8,50,27,8,12,3,5,35,2,8,7,1,38,4,0,5,7,38,True,0.0791330337524414,PS(A)_PS(B)_all,-0.6172997419177136,-0.6172997419177136,1.005170380814464,1.005170380814464,-0.8957798188835894,0.9674215661017008,-0.8957798188835894,0.9674215661017008,0.0,0.0,0.0,0.0,False,8.199820280075073,"GRT-{PI, PS, DS}",52,-0.679636601882899,-0.679636601882899,1.1305934256140031,1.1305934256140031,-0.9986562190737376,1.071557416090099,-0.9986562190737376,1.071557416090099,0.0,0.0,0.0,0.0,-0.5517861843109131,-0.7368559241294861,1.075308918952942,1.2464194297790527,-0.8433857560157776,1.1020454168319702,-1.1347929239273071,1.1444865465164185,-0.12212837487459183,-0.13929951190948486,-0.12632200121879578,-0.2744925320148468,True,-0.6744888540819893,-0.6744888540819893,1.1263943284458102,1.1263943284458102,-0.9944566898581624,1.0803193517410434,-0.9944566898581624,1.0803193517410434,0.0,0.0,0.0,0.0,True
silbert09a,200,9,50,34,4,8,4,6,35,3,6,2,0,42,6,0,3,0,47,True,0.0932807922363281,PS(A)_-_all,-0.7339766603578389,-0.7339766603578389,1.3829941271006387,1.3829941271006387,-0.8957798188835895,0.8284646485811347,-1.0444087948725964,1.7861555612610776,0.0,0.0,0.0,0.0,False,8.596812009811401,"GRT-{PI, PS(A), DS}",52,-0.7978354430300548,-0.7978354430300548,1.661909472111382,1.661909472111382,-1.0072708505345411,0.9290375478188884,-1.1870941760649232,2.434583713754925,0.0,0.0,0.0,0.0,-0.7494820356369019,-0.822988748550415,1.7194361686706543,1.6797356605529785,-0.9628358483314514,0.893726646900177,-1.1648473739624023,2.351377487182617,0.20423220098018646,-0.04036368057131767,0.17301970720291138,0.12307960540056229,True,-0.8064130286896029,-0.8064130286896029,1.6448354636401366,1.6448354636401366,-0.9944570680134512,0.915351569475235,-1.1750052862172615,5.5840393087215885,0.0,0.0,0.0,0.0,True
silbert09a,200,10,50,30,8,10,2,5,32,3,10,3,5,34,8,0,5,4,41,True,0.0840969085693359,PS(A)_PS(B)_same_rho,-0.628182424498928,-0.628182424498928,1.0208661267908177,1.0208661267908177,-0.6829260089038229,1.0472188835897562,-0.6829260089038229,1.0472188835897562,-0.2347262589224659,-0.2347262589224659,-0.2347262589224659,-0.2347262589224659,True,7.750274181365967,"GRT-{1_RHO, PS, DS}",0,-0.6831286990727208,-0.6831286990727208,1.1548606855425996,1.1548606855425996,-0.7620924876375929,1.172673291662497,-0.7620924876375929,1.172673291662497,-0.3217731042517399,-0.3217731042517399,-0.3217731042517399,-0.3217731042517399,-0.6049388647079468,-0.6349571943283081,1.1136655807495117,1.2295993566513062,-0.6930776238441467,1.1839338541030884,-0.657944917678833,1.3294509649276733,-0.22747299075126648,-0.2291022688150406,-0.38145196437835693,-0.3148232400417328,True,-0.6905133816860161,-0.6905133816860161,1.1547985029815948,1.1547985029815948,-0.7508547789897894,1.181065772419003,-0.7508547789897894,1.181065772419003,-0.3307613043308079,-0.3307613043308079,-0.3307613043308079,-0.3307613043308079,True
silbert09a,100,1,25,12,4,7,2,1,18,1,5,0,0,20,5,0,2,1,22,True,0.0929596424102783,PS(A)_PS(B)_all,-0.4465882045061791,-0.4465882045061791,1.2621451766228082,1.2621451766228082,-0.647603582924978,1.1715461713027622,-0.647603582924978,1.1715461713027622,0.0,0.0,0.0,0.0,False,10.075570344924929,"GRT-{PI, PS, DS}",52,-0.5371683521484553,-0.5371683521484553,1.7512874929802824,1.7512874929802824,-0.7627054636480436,1.5755070354340224,-0.7627054636480436,1.5755070354340224,0.0,0.0,0.0,0.0,-0.4367929697036743,-0.6193657517433167,2.279691219329834,1.6644997596740723,-0.7339367866516113,1.6012606620788574,-0.7495677471160889,1.7496784925460815,-0.11457398533821106,-0.17892497777938843,-0.11269280314445496,-0.15410396456718445,True,-0.5244076926777028,-0.5244076926777028,1.7506858124119091,1.7506858124119091,-0.772143171772235,1.5547737867855336,-0.772143171772235,1.5547737867855336,0.0,0.0,0.0,0.0,True
silbert09a,100,2,25,16,4,5,0,3,21,0,1,3,0,17,5,0,2,5,18,True,0.0656356811523437,PS(A)_PS(B)_all,-0.9446695913944764,-0.9446695913944764,1.0144987457841008,1.0144987457841008,-0.7582925569911514,0.8172368220294,-0.7582925569911514,0.8172368220294,0.0,0.0,0.0,0.0,False,7.786651134490967,"GRT-{PI, PS, DS}",52,-1.1759364924534883,-1.1759364924534883,1.2688309863509746,1.2688309863509746,-0.910654527603697,0.9924041559450656,-0.910654527603697,0.9924041559450656,0.0,0.0,0.0,0.0,-1.0352349281311035,-1.6005290746688843,1.236362099647522,1.4209256172180176,-0.8913830518722534,1.0848050117492676,-0.9151303172111511,0.9960325360298157,-0.2880912721157074,0.07426033914089203,0.12156254798173904,-0.2502637505531311,True,-1.1749878294950284,-1.1749878294950284,1.2815538157723323,1.2815538157723323,-0.9153668294174299,0.9944578270195958,-0.9153668294174299,0.9944578270195958,0.0,0.0,0.0,0.0,True
silbert09a,100,3,25,17,4,2,2,4,19,0,2,1,0,23,1,0,2,3,20,True,0.0793876647949218,PS(A)_PS(B)_all,-0.944669591394476,-0.944669591394476,1.1715461713027622,1.1715461713027622,-0.87916771844457,0.87916771844457,-0.87916771844457,0.87916771844457,0.0,0.0,0.0,0.0,False,8.868451118469238,"GRT-{PI, PS, DS}",52,-1.1588848980724715,-1.1588848980724715,1.5498193302746492,1.5498193302746492,-1.1011925939425171,1.0927692076350854,-1.1011925939425171,1.0927692076350854,0.0,0.0,0.0,0.0,-1.1313351392745972,-1.3584399223327637,1.713119387626648,1.5877548456192017,-0.844809889793396,1.0620973110198975,-1.6494262218475342,1.1577270030975342,0.23016808927059174,0.23602615296840668,0.15378357470035553,-0.024252424016594887,True,-1.1749866837128653,-1.1749866837128653,1.5547736414322277,1.5547736414322277,-0.7063024698088064,0.994457883209753,-1.7506860145757146,1.1749867920660904,0.0,0.0,0.0,0.0,True
silbert09a,100,4,25,12,5,8,0,1,22,0,2,3,2,17,3,0,3,2,20,True,0.0841767787933349,PS(A)_PS(B)_same_rho,-0.6989013524107519,-0.6989013524107519,0.8062440712558256,0.8062440712558256,-0.6903297420838365,1.140356786008936,-0.6903297420838365,1.140356786008936,-0.304065480120222,-0.304065480120222,-0.304065480120222,-0.304065480120222,False,8.742843866348267,"GRT-{1_RHO, PS, DS}",52,-0.8485761398557042,-0.8485761398557042,0.9967358107043192,0.9967358107043192,-0.8303581569029647,1.478253494054139,-0.8303581569029647,1.478253494054139,-0.515490394928043,-0.515490394928043,-0.515490394928043,-0.515490394928043,-0.5632948875427246,-1.3701164722442627,0.8285975456237793,1.1646943092346191,-0.7714353799819946,1.6654657125473022,-0.8020175099372864,1.5583709478378296,-0.4067718982696533,-0.12529851496219635,-0.29517126083374023,-0.27918606996536255,True,-0.48217657795367896,-1.351189386064338,0.8398377851588996,1.165311748306962,-0.8479126843530843,1.5417007229089763,-0.8479126843530843,1.5417007229089763,-0.525291294228523,-0.525291294228523,-0.525291294228523,-0.525291294228523,True
silbert09a,100,5,25,18,1,5,1,0,20,1,4,1,1,20,3,0,3,2,20,True,0.073315143585205,PS(A)_PS(B)_all,-0.647603582924978,-0.647603582924978,1.014498745784101,1.014498745784101,-0.944669591394476,1.1715461713027624,-0.944669591394476,1.1715461713027624,0.0,0.0,0.0,0.0,True,8.877894163131714,"GRT-{PI, PS, DS}",0,-0.7856902999582195,-0.7856902999582195,1.2978286623322348,1.2978286623322348,-1.1659910759356316,1.5710779761230684,-1.1659910759356316,1.5710779761230684,0.0,0.0,0.0,0.0,-0.7123075723648071,-0.745628833770752,1.3100336790084839,1.2550654411315918,-1.1951106786727905,1.7439146041870117,-1.1115293502807617,1.5159345865249634,-0.021242108196020126,-0.428577721118927,-0.36500075459480286,-0.3423524796962738,True,-0.7721932489282348,-0.7721932489282348,1.2815547549076236,1.2815547549076236,-1.174985895998318,1.5547737325147424,-1.174985895998318,1.5547737325147424,0.0,0.0,0.0,0.0,True
silbert09a,100,6,25,16,3,6,0,2,18,2,3,1,1,18,5,1,2,0,22,True,0.1008846759796142,PS(A)_PS(B)_all,-0.6476035829249779,-0.6476035829249779,1.0144987457841008,1.0144987457841008,-0.7582925569911517,1.0144987457841008,-0.7582925569911517,1.0144987457841008,0.0,0.0,0.0,0.0,True,10.157219886779783,"GRT-{PI, PS, DS}",0,-0.7891295421513504,-0.7891295421513504,1.2649652259081234,1.2649652259081234,-0.8969210359184847,1.2629307630641,-0.8969210359184847,1.2629307630641,0.0,0.0,0.0,0.0,-0.7582931518554688,-0.7817557454109192,1.374882698059082,1.2833404541015625,-1.1980944871902466,1.0142335891723633,-0.6786499619483948,1.64032781124115,-0.266977995634079,-0.29240289330482483,-0.15056955814361572,0.2520626187324524,True,-0.7722696618474594,-0.7722696618474594,1.2816312036258393,1.2816312036258393,-1.1593828249171751,0.9699487980661763,-0.688289714840048,1.833885229974264,-0.9351473246662058,-0.5608826494713696,-0.39274916332942766,0.9925648114383311,True
silbert09a,100,7,25,15,1,8,1,5,19,0,1,5,1,18,1,0,1,4,20,True,0.0888571739196777,-_PS(B)_all,-0.3072925712011556,-1.262145176622808,0.5951785333332777,1.262145176622808,-1.0896619819461073,0.7582925569911516,-1.0896619819461073,0.7582925569911516,0.0,0.0,0.0,0.0,False,8.558067798614502,"GRT-{PI, PS(B), DS}",52,-0.3683504360193538,-1.74839457362032,0.7033135057167702,1.786259726936798,-1.3932915426408083,0.9148514413250246,-1.3932915426408083,0.9148514413250246,0.0,0.0,0.0,0.0,-0.46460747718811035,-1.7948702573776245,0.8399134874343872,1.593969464302063,-1.4419212341308594,0.9440361261367798,-1.4335064888000488,0.9302201271057129,0.026718132197856903,0.07275696098804474,-0.09409475326538086,-0.1345517933368683,True,-0.3584587932511938,-1.7506861275652434,0.7063025628400874,1.75068607125217,-1.4050715603096329,0.9153649397116395,-1.4050715603096329,0.9153649397116395,0.0,0.0,0.0,0.0,True
silbert09a,100,8,25,16,4,4,1,1,20,0,4,1,0,22,2,0,2,0,23,True,0.1004173755645752,PS(A)_PS(B)_all,-0.7582925569911516,-0.7582925569911516,1.1715461713027622,1.1715461713027622,-0.8791677184445699,1.3644887481703285,-0.8791677184445699,1.3644887481703285,0.0,0.0,0.0,0.0,False,10.09567379951477,"GRT-{PI, PS, DS}",52,-0.9185934595692846,-0.9185934595692846,1.5570818010973275,1.5570818010973275,-1.0660589700832572,1.981758700735848,-1.0660589700832572,1.981758700735848,0.0,0.0,0.0,0.0,-0.859344482421875,-0.9410507082939148,1.6766252517700195,1.5453296899795532,-0.9470417499542236,1.8043463230133057,-1.281772494316101,2.263791084289551,0.09969458729028702,0.180435448884964,0.16381031274795532,0.08916899561882019,True,-0.9153651230541933,-0.9153651230541933,1.5547736314248348,1.5547736314248348,-1.0803192935032278,2.0537486984652453,-1.0803192935032278,2.0537486984652453,0.0,0.0,0.0,0.0,True
silbert09a,100,9,25,18,1,6,0,2,20,0,3,0,1,21,3,0,2,1,22,True,0.0867841243743896,PS(A)_PS(B)_all,-0.7582925569911516,-0.7582925569911516,1.1715461713027622,1.1715461713027622,-1.0144987457841008,1.1715461713027622,-1.0144987457841008,1.1715461713027622,0.0,0.0,0.0,0.0,False,10.539193391799929,"GRT-{PI, PS, DS}",52,-0.92997864013062,-0.92997864013062,1.550695341678979,1.550695341678979,-1.2858547638836868,1.5514431469196257,-1.2858547638836868,1.5514431469196257,0.0,0.0,0.0,0.0,-0.8232412934303284,-1.0948683023452759,1.7050223350524902,1.487973928451538,-1.670039176940918,1.5167361497879028,-1.0665922164916992,1.769675612449646,-0.2656877040863037,0.012335769832134247,-0.4432400166988373,-0.17702049016952515,True,-0.9153632606172575,-0.9153632606172575,1.5547731218267034,1.5547731218267034,-1.2815504545474115,1.5547732288559506,-1.2815504545474115,1.5547732288559506,0.0,0.0,0.0,0.0,True
silbert09a,100,10,25,13,3,8,1,0,19,0,6,5,1,14,5,3,0,6,16,True,0.1057801246643066,PS(A)_-_all,-0.4465882045061792,-0.4465882045061792,0.7582925569911515,0.7582925569911515,-0.8172368220294,1.483539859401297,-0.5951785333332777,0.3072925712011556,0.0,0.0,0.0,0.0,False,8.439764261245728,"GRT-{PI, PS(A), DS}",52,-0.5202503586837991,-0.5202503586837991,0.9144224935254538,0.9144224935254538,-0.983469134016948,3.090702883112069,-0.7096639108185705,0.3480072179897258,0.0,0.0,0.0,0.0,-0.36855030059814453,-0.6694346070289612,0.7635318040847778,1.2188844680786133,-0.8743847608566284,2.1362781524658203,-0.707844614982605,0.45411425828933716,0.015596160665154457,0.06771809607744217,0.14277486503124237,0.3601979911327362,True,-0.5244148849130937,-0.5244148849130937,0.9153954099295187,0.9153954099295187,-0.994459856588462,5.622627821103243,-0.70633912677698,0.35845544489073516,0.0,0.0,0.0,0.0,True
silbert09a,48,1,12,7,2,3,0,3,8,0,1,0,0,9,3,0,1,0,11,True,0.0871195793151855,PS(A)_PS(B)_all,-0.6744897501960818,-0.6744897501960818,1.0099901692495823,1.0099901692495823,-0.5791321622555562,0.7764217611479276,-0.5791321622555562,0.7764217611479276,0.0,0.0,0.0,0.0,True,8.635546684265137,"GRT-{PI, PS, DS}",0,-0.9657549621457946,-0.9657549621457946,1.7020703889872433,1.7020703889872433,-0.8120918943878578,1.1506094315822204,-0.8120918943878578,1.1506094315822204,0.0,0.0,0.0,0.0,-0.8596861362457275,-1.3730806112289429,2.14260196685791,1.6633729934692383,-0.9629254341125488,0.8823567032814026,-0.7430698871612549,1.9957787990570068,-0.1846848875284195,0.11287927627563477,0.009025064297020435,-0.013419589959084988,True,-0.9674161495652883,-0.9674161495652883,1.7316632347594478,1.7316632347594478,-0.9674199967576755,0.6744915459125864,-0.6744897813240166,5.579620575209375,0.0,0.0,0.0,0.0,True
silbert09a,48,2,12,10,0,1,1,1,9,1,1,1,0,9,2,1,1,1,9,True,0.0764496326446533,PS(A)_PS(B)_all,-0.6744897501960819,-0.6744897501960819,0.7764217611479276,0.7764217611479276,-0.7764217611479276,0.6744897501960819,-0.7764217611479276,0.6744897501960819,0.0,0.0,0.0,0.0,True,9.358754873275757,"GRT-{PI, PS, DS}",0,-0.9665831033256594,-0.9665831033256594,1.1506121661163826,1.1506121661163826,-1.1485269077526794,0.957251521710907,-1.1485269077526794,0.957251521710907,0.0,0.0,0.0,0.0,-0.9614091515541077,-0.9588743448257446,1.3190580606460571,1.1082427501678467,-1.256197452545166,0.9320507645606995,-1.1505908966064453,0.9309443831443787,0.4263233244419098,-0.05686725303530693,0.1562485545873642,0.3023894429206848,True,-0.9674215452486846,-0.9674215452486846,1.1503493598906984,1.1503493598906984,-1.150349398085804,0.9674215765282093,-1.150349398085804,0.9674215765282093,0.0,0.0,0.0,0.0,True
silbert09a,48,3,12,7,2,3,0,0,10,0,2,0,0,12,0,0,0,1,11,True,0.0775470733642578,PS(A)_PS(B)_all,-0.5791321622555561,-0.5791321622555561,1.150349380376008,1.150349380376008,-0.8871465590188763,1.009990169249582,-0.8871465590188763,1.009990169249582,0.0,0.0,0.0,0.0,False,9.55062484741211,"GRT-{PI, PS, DS}",52,-0.7963616388782221,-0.7963616388782221,2.6763333066629964,2.6763333066629964,-1.427319428709238,1.7188999497930233,-1.427319428709238,1.7188999497930233,0.0,0.0,0.0,0.0,-0.7741337418556213,-0.8640578985214233,2.2682294845581055,2.3527138233184814,-1.1408065557479858,2.143446445465088,-1.9941211938858032,1.4108024835586548,-0.24305742979049683,-0.10326704382896423,-0.08513008058071136,-0.055957403033971786,True,-0.8122149650061979,-0.8122149650061979,5.781088871374898,5.781088871374898,-0.9675224881746317,5.449789042162396,-5.453417204032086,1.3829771120921335,0.0,0.0,0.0,0.0,True
silbert09a,48,4,12,7,3,1,1,1,8,0,3,0,0,9,3,0,1,1,10,True,0.0643777847290039,PS(A)_PS(B)_all,-0.5791321622555561,-0.5791321622555561,1.009990169249582,1.009990169249582,-0.4022500653217252,0.8871465590188763,-0.4022500653217252,0.8871465590188763,0.0,0.0,0.0,0.0,False,9.788890361785889,"GRT-{PI, PS, DS}",52,-0.816280586497563,-0.816280586497563,1.7588963144899918,1.7588963144899918,-0.551951566832175,1.4277355854171785,-0.551951566832175,1.4277355854171785,0.0,0.0,0.0,0.0,-0.9084349274635315,-0.7759985327720642,2.027183771133423,1.7012382745742798,-0.5643771886825562,1.5107003450393677,-0.5412663817405701,1.4640905857086182,0.12055343389511108,0.18604359030723572,0.0563521534204483,-0.003222870174795389,True,-0.8122157140398971,-0.8122157140398971,1.7316635977744639,1.7316635977744639,-0.5485249015088141,1.3829941534389405,-0.5485249015088141,1.3829941534389405,0.0,0.0,0.0,0.0,True
silbert09a,48,5,12,6,3,3,0,0,9,0,3,1,0,9,2,0,0,2,10,True,0.0796790122985839,PS(A)_PS(B)_all,-0.4887764111146697,-0.4887764111146697,1.009990169249582,1.009990169249582,-0.579132162255556,0.8871465590188763,-0.579132162255556,0.8871465590188763,0.0,0.0,0.0,0.0,False,8.835684061050415,"GRT-{PI, PS, DS}",52,-0.671225481275393,-0.671225481275393,1.7006443115539345,1.7006443115539345,-0.8220688361142858,1.4044667766538532,-0.8220688361142858,1.4044667766538532,0.0,0.0,0.0,0.0,-0.6489944458007812,-0.6981112957000732,1.7235865592956543,2.039494037628174,-0.785206139087677,1.9888468980789185,-0.8897953033447266,1.210845708847046,-0.21450240910053253,-0.040034160017967224,0.07089914381504059,-0.018145333975553513,True,-0.6744897561775991,-0.6744897561775991,1.7316727158844183,1.7316727158844183,-0.8122158994310112,1.382982709116899,-0.8122158994310112,1.382982709116899,0.0,0.0,0.0,0.0,True
silbert09a,48,6,12,8,0,3,1,1,9,0,2,1,0,10,1,1,1,1,9,True,0.0752706527709961,PS(A)_PS(B)_all,-0.4887764111146697,-0.4887764111146697,0.7764217611479277,0.7764217611479277,-0.8871465590188763,0.7764217611479276,-0.8871465590188763,0.7764217611479276,0.0,0.0,0.0,0.0,False,8.42422604560852,"GRT-{PI, PS, DS}",52,-0.6838306970966201,-0.6838306970966201,1.1494185701893354,1.1494185701893354,-1.4166096160781714,1.1405346754591363,-1.4166096160781714,1.1405346754591363,0.0,0.0,0.0,0.0,-0.5778807997703552,-0.9256995320320129,1.3402180671691895,1.0970011949539185,-1.510414719581604,1.3046776056289673,-1.5040491819381714,1.1287262439727783,0.36215078830718994,0.3193088471889496,0.24521028995513916,0.391350656747818,True,-0.6824710370304754,-0.6824710370304754,1.1874758598641568,1.1874758598641568,-1.4789082141661667,1.212618019886789,-1.4789082141661667,1.212618019886789,0.7334122503277993,0.7334122503277993,0.7334122503277993,0.7334122503277993,True
silbert09a,48,7,12,9,1,1,1,0,10,1,1,0,0,8,4,0,1,2,9,True,0.0752215385437011,PS(A)_PS(B)_all,-0.6744897501960819,-0.6744897501960819,1.009990169249582,1.009990169249582,-0.4887764111146698,0.7764217611479276,-0.4887764111146698,0.7764217611479276,0.0,0.0,0.0,0.0,True,8.92363953590393,"GRT-{PI, PS, DS}",0,-0.9723819887405744,-0.9723819887405744,1.702018314871253,1.702018314871253,-0.6898583714514507,1.1421977886456176,-0.6898583714514507,1.1421977886456176,0.0,0.0,0.0,0.0,-1.0099818706512451,-0.9942746162414551,2.0788803100585938,1.757478952407837,-0.7423074245452881,1.3927550315856934,-0.6315745711326599,1.121408224105835,0.14521253108978271,-0.4074389636516571,-0.10530035197734833,-0.2010706663131714,True,-0.9674215175552802,-0.9674215175552802,1.7316645738448988,1.7316645738448988,-0.6744898470269578,1.1503491698931485,-0.6744898470269578,1.1503491698931485,0.0,0.0,0.0,0.0,True
silbert09a,48,8,12,6,4,1,1,0,10,1,1,0,0,11,1,0,1,2,9,True,0.0807662010192871,PS(A)_PS(B)_all,-0.6744897501960818,-0.6744897501960818,1.0099901692495823,1.0099901692495823,-0.4887764111146698,0.7764217611479276,-0.4887764111146698,0.7764217611479276,0.0,0.0,0.0,0.0,False,9.369181632995604,"GRT-{PI, PS, DS}",52,-0.9463471520171808,-0.9463471520171808,1.7035314425489556,1.7035314425489556,-0.6758920284431174,1.1461003875539713,-0.6758920284431174,1.1461003875539713,0.0,0.0,0.0,0.0,-0.9557386040687561,-0.958233118057251,2.0261294841766357,1.6731133460998535,-0.41335442662239075,1.4739209413528442,-1.300034523010254,1.0159929990768433,-0.07758810371160507,-0.4469435513019562,-0.16794797778129578,-0.26722344756126404,True,-0.9674222429994949,-0.9674222429994949,1.7316650482889087,1.7316650482889087,-0.21042841240982585,1.3829942271228455,-1.382994127100638,0.9674216661239075,0.0,0.0,0.0,0.0,True
silbert09a,48,9,12,7,1,4,0,0,10,0,2,0,1,10,1,0,3,1,8,True,0.0805361270904541,PS(A)_PS(B)_all,-0.4887764111146697,-0.4887764111146697,0.6744897501960818,0.6744897501960818,-0.7764217611479277,1.009990169249582,-0.7764217611479277,1.009990169249582,0.0,0.0,0.0,0.0,False,10.113959789276125,"GRT-{1_RHO, PS, DS}",52,-0.6665048371932221,-0.6665048371932221,1.068124479388375,1.068124479388375,-0.8900505533789103,1.6590673038245694,-0.8900505533789103,1.6590673038245694,-0.9821998378863788,-0.9821998378863788,-0.9821998378863788,-0.9821998378863788,-0.5858224630355835,-0.8958255648612976,1.3688043355941772,0.8354067206382751,-1.3498224020004272,2.041949987411499,-1.1199252605438232,1.6367042064666748,-0.41928336024284363,-0.29788610339164734,-0.5346542000770569,-0.3596058189868927,True,-0.6695383398676626,-0.6695383398676626,1.096414827006135,1.096414827006135,-0.8860424166771349,1.6396623020179775,-0.8860424166771349,1.6396623020179775,-0.9985620368090058,-0.9985620368090058,-0.9985620368090058,-0.9985620368090058,True
silbert09a,48,10,12,8,0,4,0,1,9,0,2,1,0,10,1,0,1,1,10,True,0.0948114395141601,PS(A)_PS(B)_all,-0.4887764111146698,-0.4887764111146698,0.8871465590188763,0.8871465590188763,-1.009990169249582,0.8871465590188763,-1.009990169249582,0.8871465590188763,0.0,0.0,0.0,0.0,False,10.352218866348268,"GRT-{PI, PS, DS}",52,-0.6726699121190841,-0.6726699121190841,1.3761848001474817,1.3761848001474817,-1.7537175374645162,1.3988921933521807,-1.7537175374645162,1.3988921933521807,0.0,0.0,0.0,0.0,-0.6086031198501587,-0.8572426438331604,1.4224933385849,1.446282982826233,-2.0523171424865723,1.4492825269699097,-1.6694384813308716,1.4353187084197998,0.018880940973758698,0.13993650674819946,0.09820941835641861,-0.03487516567111015,True,-0.6744897316475995,-0.6744897316475995,1.3829941517295608,1.3829941517295608,-1.73166445114078,1.382994095550202,-1.73166445114078,1.382994095550202,0.0,0.0,0.0,0.0,True
silbert09b,800,1,200,155,19,26,0,14,140,19,27,37,23,124,16,1,21,9,169,True,0.1164891719818115,-_-_none,-1.0927358287257212,-0.7215222839823432,0.5131546622659512,1.1868314327558185,-1.2649692448841476,0.9479846770799948,-0.8381244999848645,1.5647264713617988,-0.294936434144668,-0.5928193766274529,-0.5075105617205619,0.1126849938728918,True,10.041163206100464,"GRT-{1_RHO, PS(B), DS}",0,-1.166573247867396,-0.8004632734510472,0.5719656024265716,1.248908240608046,-1.0500211029252895,1.2326211842662822,-1.0500211029252895,1.2326211842662822,-0.5030827249178096,-0.5030827249178096,-0.5030827249178096,-0.5030827249178096,-1.2113945484161377,-0.7517389059066772,0.4942374527454376,1.2218362092971802,-1.3424197435379028,1.067273736000061,-0.855803370475769,1.5831319093704224,-0.48353439569473267,-0.5171816349029541,-0.4670344591140747,-0.23838680982589722,True,-1.128993331754079,-0.7432415823052705,0.5246527461973574,1.2103592467082058,-1.3138112321530342,0.982053759835825,-0.8603489781098658,1.6176917949359844,-0.5064890160102886,-0.5064890160102886,-0.5064890160102886,-0.5064890160102886,True
silbert09b,800,2,200,142,22,35,1,19,135,22,24,34,35,118,13,2,19,19,160,True,0.1069033145904541,-_-_none,-0.8917088296734071,-0.7215222839823433,0.3906196059392999,1.212057956622404,-1.1623383881128215,0.8037028159514421,-0.6899969928587826,1.212057956622404,-0.2816181159152608,-0.5854857484455478,-0.6756585656408567,0.0524265504787317,True,9.90004539489746,"GRT-{1_RHO, PS(B), DS}",0,-0.9563295072419982,-0.8004848970791698,0.468829352561213,1.2561622194664743,-0.9211509733913033,1.0139481112689115,-0.9211509733913033,1.0139481112689115,-0.527011075220807,-0.527011075220807,-0.527011075220807,-0.527011075220807,-0.9016902446746826,-0.7508378624916077,0.4221663773059845,1.241797924041748,-1.1710989475250244,0.8269610404968262,-0.7384005784988403,1.2671880722045898,-0.3488212823867798,-0.4234715402126312,-0.48824694752693176,-0.2297404408454895,True,-0.9153645292179594,-0.7388514079768767,0.39885338620633837,1.253565093400055,-1.2003585837460777,0.8238888035840028,-0.7063039653291718,1.2535649951760923,-0.4009179898490979,-0.5938223254183772,-0.6883485090001404,-0.03186250852419459,True
silbert09b,800,3,200,148,19,32,1,10,142,24,24,35,30,113,22,0,34,10,156,True,0.1212868690490722,-_-_none,-0.9479846770799952,-0.6899969928587829,0.4442487567613452,0.9288994916472708,-1.2380803355471082,0.9288994916472708,-0.62890421763219,1.564726471361799,-0.2107749861906911,-0.7364942574857976,-0.4982081334169703,-0.2139557082559239,True,10.47284173965454,"GRT-{1_RHO, PS(A), DS}",0,-0.8336959224143031,-0.8336959224143031,0.688351313709641,0.688351313709641,-1.289935723648305,1.0183860362044956,-0.7254037393390806,1.693720022523263,-0.5674066356408404,-0.5674066356408404,-0.5674066356408404,-0.5674066356408404,-0.921141505241394,-0.7537005543708801,0.415239155292511,0.9732272624969482,-1.2335342168807983,1.0287896394729614,-0.6274043321609497,1.673243761062622,-0.39128410816192627,-0.5834750533103943,-0.5155426263809204,-0.5468246936798096,True,-0.9741363834255355,-0.7062859284084182,0.453751817076923,0.9541341693756712,-1.2815545284320535,0.9541621362241189,-0.6433624578514632,1.6448675040069265,-0.33631126770899733,-0.7498541449378691,-0.5063026436051659,-0.8659500991203739,True
silbert09b,800,4,200,147,15,38,0,11,150,21,18,29,28,121,22,0,19,8,173,True,0.1557564735412597,-_-_none,-0.8557124305929719,-0.8381244999848647,0.5556774532742531,1.264969244884148,-1.3829941271006387,0.967421566101701,-0.6591430371132062,1.6544347256902527,-0.3419758764433498,-0.7525184921244447,-0.5463658084981934,-0.0079899721372394,True,11.00493836402893,"GRT-{1_RHO, DS}",0,-0.8833034387734767,-0.8758804735394038,0.5585897973984225,1.3157606284324426,-1.4423016338868375,1.014093322725095,-0.6772962741659163,1.7441703231587755,-0.6490028115974609,-0.6490028115974609,-0.6490028115974609,-0.6490028115974609,-0.9255001544952393,-0.8522027730941772,0.5906581878662109,1.3255894184112549,-1.4389936923980713,1.0672192573547363,-0.6784561276435852,1.8168694972991943,-0.6278504133224487,-0.6737756133079529,-0.592296838760376,-0.5517592430114746,True,-0.878837858565756,-0.8691584280171127,0.562543905772287,1.310653181875473,-1.4412717004852305,1.00844648607742,-0.6662075725306087,1.7508131710694381,-0.6569478818381165,-0.6569478818381165,-0.6569478818381165,-0.6569478818381165,True
silbert09b,800,5,200,152,17,31,0,14,148,17,21,33,22,126,19,1,25,15,159,True,0.1157038211822509,-_-_none,-0.9872309919901756,-0.855712430592972,0.5845898570594741,1.0927358287257214,-1.3216806647837744,0.987230991990176,-0.803702815951442,1.3517022399306615,-0.3149429344903508,-0.6314852223135277,-0.4865378809992298,-0.0691774185054791,True,9.835846662521362,"GRT-{1_RHO, PS(A), DS}",0,-0.9451866676308344,-0.9451866676308344,0.8277739994395058,0.8277739994395058,-1.3898843385172617,1.046334249612692,-0.9079375996289392,1.4209565595221452,-0.5118757830632302,-0.5118757830632302,-0.5118757830632302,-0.5118757830632302,-1.0499385595321655,-0.9354779720306396,0.5888426899909973,1.1070306301116943,-1.330894112586975,1.051985502243042,-0.8233595490455627,1.4633771181106567,-0.46755245327949524,-0.5058104991912842,-0.41675448417663574,-0.30577969551086426,True,-1.0176171505101537,-0.885149377967526,0.596639356271963,1.1142379791774946,-1.3758057017231358,1.025276803510184,-0.8217219295410229,1.3882575641305115,-0.5229484193063351,-0.5229484193063351,-0.5229484193063351,-0.5229484193063351,True
silbert09b,800,6,200,140,21,39,0,16,139,22,23,24,27,128,21,0,23,8,169,True,0.1229431629180908,-_-_none,-0.8381244999848646,-0.7375559798820522,0.6439500219523464,1.1623383881128215,-1.212057956622404,0.8557124305929719,-0.6899969928587827,1.654434725690253,-0.4320256050865505,-0.638480335462951,-0.6070871658270783,-0.0567042766631047,True,10.299459218978882,"GRT-{1_RHO, PS(A), DS}",0,-0.8168205774572761,-0.8168205774572761,0.8938445905613785,0.8938445905613785,-1.2633965148015438,0.9037821771314288,-0.79507439375084,1.7684595593800712,-0.6276529779201595,-0.6276529779201595,-0.6276529779201595,-0.6276529779201595,-0.8597482442855835,-0.7441637516021729,0.6501445770263672,1.238173484802246,-1.2748897075653076,0.9696829915046692,-0.6541693210601807,1.7678195238113403,-0.6262398362159729,-0.6370313167572021,-0.6041772365570068,-0.5550755262374878,True,-0.8617660696051911,-0.7560272985214702,0.6572967767109965,1.200503379423347,-1.2568255672013047,0.8788071598353888,-0.7044697712176514,1.7509542968976828,-0.6394517734038432,-0.6394517734038432,-0.6394517734038432,-0.6394517734038432,True
silbert09b,800,7,200,140,23,36,1,11,151,15,23,40,16,128,16,0,29,7,164,True,0.1535427570343017,-_-_same_rho,-0.8692850179899293,-0.8649488091413974,0.5691384728994116,1.0206857335020183,-1.132698845828373,1.1080183899843314,-0.9648670268992872,1.6876818043416826,-0.4208002582476824,-0.4208002582476824,-0.4208002582476824,-0.4208002582476824,True,9.600360870361328,"GRT-{1_RHO, PS(A), DS}",0,-0.8889266953027702,-0.8889266953027702,0.7972822516633274,0.7972822516633274,-1.1774397010600848,1.139200637087281,-1.0590645703163912,1.8573187861917289,-0.4871453309465918,-0.4871453309465918,-0.4871453309465918,-0.4871453309465918,-0.9169254899024963,-0.8909463286399841,0.5678706169128418,1.0761374235153198,-1.1680140495300293,1.1897026300430298,-1.0470443964004517,1.8124560117721558,-0.4022120535373688,-0.4918384850025177,-0.40757638216018677,-0.431511789560318,True,-0.8937108266973002,-0.8854452088521543,0.5799543221600205,1.0588558250170663,-1.1712167623042624,1.1395947932607589,-0.9856468188427974,1.8136856852912564,-0.4946132243839926,-0.4946132243839926,-0.4946132243839926,-0.4946132243839926,True
silbert09b,800,8,200,152,18,28,2,14,141,20,25,38,20,120,22,1,21,11,167,True,0.1077351570129394,-_-_none,-1.0074356012873078,-0.7375559798820521,0.5413950851290876,1.186831432755818,-1.2380803355471082,0.9288994916472706,-0.7868450994550046,1.4860915693304566,-0.0512951070745598,-0.6255357190404678,-0.359926098890956,0.0628231520178962,True,9.762336492538452,"GRT-{1_RHO, DS}",0,-1.04865370446021,-0.7599335553210664,0.5556055762048013,1.224356393145984,-1.248376955770524,0.957109193828492,-0.8095986274953278,1.5631854423579776,-0.3933138872417925,-0.3933138872417925,-0.3933138872417925,-0.3933138872417925,-1.0276615619659424,-0.7887968420982361,0.5288842916488647,1.2233538627624512,-1.258651614189148,1.0070405006408691,-0.7532204389572144,1.5082881450653076,-0.2191067636013031,-0.4342622458934784,-0.3054594099521637,-0.17251929640769958,True,-1.0364345209844845,-0.7554125699751721,0.5533770196292341,1.2265279105151123,-1.2815520406231724,0.9541661683628269,-0.8064099386048116,1.5547733788815759,-0.1341528249910706,-0.635262657537566,-0.36286036817020656,-0.07703891110049801,True
silbert09b,800,9,200,141,23,36,0,10,148,14,28,34,23,126,17,0,25,15,160,True,0.0949456691741943,-_-_same_rho,-0.8895003984354498,-0.7905433245196584,0.5565695473843495,1.1059980206197306,-1.159346765597615,1.1469021577300842,-0.822725071661497,1.3702160671306376,-0.4920758597266119,-0.4920758597266119,-0.4920758597266119,-0.4920758597266119,False,9.738331079483032,"GRT-{1_RHO, PS(B), DS}",52,-0.9476864870381796,-0.8337550382015073,0.6223681284475403,1.153405674610574,-1.006459047300704,1.3026140597722051,-1.006459047300704,1.3026140597722051,-0.5623391781303696,-0.5623391781303696,-0.5623391781303696,-0.5623391781303696,-0.9517629146575928,-0.8301405906677246,0.555202305316925,1.1656949520111084,-1.1331048011779785,1.2677682638168335,-0.880291223526001,1.505898118019104,-0.6217026114463806,-0.6307756304740906,-0.6012594699859619,-0.6001141667366028,True,-0.9187494675409876,-0.8072272178601074,0.5663130607454789,1.1514613883815232,-1.2049696711104634,1.1769866891381562,-0.8374176339087199,1.4410917101318281,-0.575611765435112,-0.575611765435112,-0.575611765435112,-0.575611765435112,True
silbert09b,800,10,200,142,21,37,0,5,157,16,22,37,30,117,16,2,25,7,166,True,0.1011362075805664,-_-_none,-0.8735691346150877,-0.8557124305929718,0.4172841393890218,1.07067913973398,-1.212057956622404,1.212057956622404,-0.7215222839823432,1.6079636631803351,-0.4170651033282891,-0.7752010689424998,-0.5706154136740167,0.2368148585342029,True,11.893418312072754,"GRT-{1_RHO, PS(B), DS}",0,-0.928468013056874,-0.9269315378289664,0.4865327595665989,1.1173097997315915,-0.9793139519057624,1.4343787402050905,-0.9793139519057624,1.4343787402050905,-0.5127715228637632,-0.5127715228637632,-0.5127715228637632,-0.5127715228637632,-0.9504907727241516,-0.8962815999984741,0.41350215673446655,1.0405654907226562,-1.212215781211853,1.3080519437789917,-0.7792946100234985,1.7001807689666748,-0.5152372121810913,-0.6037485003471375,-0.5154416561126709,-0.2227812260389328,True,-0.8964885024833299,-0.8778817651448431,0.4261437353784411,1.103064404732888,-1.253573256546178,1.2535582697980792,-0.7388598839774929,1.6953991916388436,-0.907814431112772,-0.7935432497824157,-0.5811781536580678,0.16493569760202412,True
silbert09b,400,1,100,68,10,21,1,4,74,10,12,14,16,60,10,1,12,3,84,True,0.1132612228393554,-_-_none,-0.7363159173761296,-0.7363159173761294,0.5024022233733558,1.0615026297045764,-1.150349380376008,1.020076232786202,-0.6151411045959735,1.574444965217043,-0.165340803676632,-0.7236530969288516,-0.6038209390535321,0.3252333136133488,True,11.912091970443726,"GRT-{1_RHO, PS, DS}",0,-0.8321197314293791,-0.8321197314293791,0.8385301081624037,0.8385301081624037,-0.9379900396917704,1.359211451832541,-0.9379900396917704,1.359211451832541,-0.5306673679815817,-0.5306673679815817,-0.5306673679815817,-0.5306673679815817,-0.7480876445770264,-0.7281327247619629,0.5374886989593506,1.0735232830047607,-1.188862919807434,1.1809824705123901,-0.6666472554206848,1.7332043647766113,-0.313655287027359,-0.49247902631759644,-0.4492245614528656,-0.10275191068649292,True,-0.7721787318491553,-0.7722051604173089,0.5243924210347687,1.1263907513061393,-1.2265323817533327,1.0803269201702381,-0.6433399581127618,1.750685882596734,-0.2996007381648804,-0.7518234919453965,-0.6235418613414822,0.21622386813148478,True
silbert09b,400,2,100,83,6,11,0,7,64,12,17,17,17,52,14,0,10,4,86,True,0.1781294345855713,-_-_none,-1.150349380376008,-0.5299395463003201,0.3957252958144873,1.1983797023069247,-1.4260768722728474,0.8347718934067764,-0.4752407505132452,1.574444965217043,6.123233995736714e-17,-0.5707872323498202,-0.4487908053795081,0.1182547170689924,True,12.07222318649292,"GRT-{1_RHO, DS}",0,-1.2395373423246527,-0.5552828767846435,0.4219185538533441,1.2853104864985367,-1.5539008960699885,0.8736504747252536,-0.5010067591088823,1.750231643503587,-0.5210152404645828,-0.5210152404645828,-0.5210152404645828,-0.5210152404645828,-1.2012276649475098,-0.5796059966087341,0.45423683524131775,1.3167957067489624,-1.5279507637023926,0.943366527557373,-0.5454786419868469,1.8645410537719727,-0.46835145354270935,-0.5139398574829102,-0.4513176679611206,-0.4530535936355591,True,-1.2275080597971366,-0.5554526255029021,0.4104687308614275,1.2820170751024376,-1.55623364679931,0.8834239250726128,-0.49301923582129614,1.7515105328865086,-0.5266121532684961,-0.5266121532684961,-0.5266121532684961,-0.5266121532684961,True
silbert09b,400,3,100,72,6,22,0,4,74,10,12,23,10,59,8,0,16,2,82,True,0.1406829357147216,-_-_none,-0.7363159173761296,-0.7363159173761294,0.4219288887485654,0.942075774995776,-1.4260768722728474,1.020076232786202,-0.8694237732888859,1.7688250385187063,-0.2092301055382007,-0.7236530969288516,-0.3809000377814774,0.1254475193623578,True,11.969165086746216,"GRT-{1_RHO, PS(A), DS}",0,-0.7851897225007186,-0.7851897225007186,0.6846895260636418,0.6846895260636418,-1.5672425335163225,1.0952978303249283,-0.9925894260429772,2.0932236066140018,-0.5725295361417908,-0.5725295361417908,-0.5725295361417908,-0.5725295361417908,-0.7589482665061951,-0.7353468537330627,0.42742738127708435,0.9844142198562622,-1.566306710243225,1.1986401081085205,-0.9046027660369873,2.15023136138916,-0.5598299503326416,-0.632642924785614,-0.487822026014328,-0.501456081867218,True,-0.7737016799637614,-0.7815338412490902,0.4368283466505455,0.9946239334395606,-1.5583775182610247,1.1016723693220365,-0.897183137115131,2.05428173494403,-0.5793155643197977,-0.5793155643197977,-0.5793155643197977,-0.5793155643197977,True
silbert09b,400,4,100,74,9,16,1,4,71,14,11,14,9,67,10,0,15,1,84,True,0.1365158557891845,PS(A)_-_none,-0.7683021589798121,-0.7683021589798121,0.8347718934067762,0.8347718934067762,-1.2008338197429955,0.9406266483874556,-0.8709047525698703,1.8774552124308992,-0.0376882269691403,-0.7898242541144475,-0.4604520855374194,0.252203833924173,True,11.63407063484192,"GRT-{1_RHO, PS(A), DS}",0,-0.8103126723435707,-0.8103126723435707,0.878913092485234,0.878913092485234,-1.267086002906896,0.9792982453793448,-0.92329800092938,2.3560358903193124,-0.5600661934834844,-0.5600661934834844,-0.5600661934834844,-0.5600661934834844,-0.8528938293457031,-0.7467275261878967,0.8103939890861511,1.0169432163238525,-1.2429989576339722,1.0419654846191406,-0.8450664281845093,2.2649033069610596,-0.3010658919811249,-0.5576694011688232,-0.42451024055480957,-0.3784409463405609,True,-0.9541618040254375,-0.6744880788744818,0.7388354529262269,1.0364410660909387,-1.2815504839705638,0.9153773089236148,-0.8779011411309114,2.3264381778181065,-0.1769646264183048,-0.8224191688916016,-0.47740540152531236,-0.7828371648688248,True
silbert09b,400,5,100,76,7,17,0,7,77,5,11,20,18,53,9,1,10,4,85,True,0.1410667896270752,-_-_none,-0.905152475028504,-0.9420757749957764,0.2933812321211931,1.1503493803760083,-1.3623833894180193,1.1048357439621108,-0.5862726494026446,1.4961468762163623,-0.1653676265020679,-0.4863362330405294,-0.5398834532139749,0.3147212882958856,True,11.721433877944946,"GRT-{1_RHO, PS(B), DS}",0,-1.0136180287507612,-1.0367171325886717,0.3929968893521764,1.228734399920701,-0.9591116522558945,1.3458298374033606,-0.9591116522558945,1.3458298374033606,-0.4347217409590104,-0.4347217409590104,-0.4347217409590104,-0.4347217409590104,-1.017145037651062,-0.992113471031189,0.36921948194503784,1.1748054027557373,-1.4608463048934937,1.174997091293335,-0.7082260847091675,1.623549222946167,-0.4113396406173706,-0.37773364782333374,-0.44375839829444885,-0.10522565990686417,True,-0.9568762166046033,-0.9966291946663076,0.3072278545321275,1.2025554532543397,-1.4808441773624483,1.1781162985775686,-0.6190482239492681,1.6044100564069503,-0.4390632760674507,-0.4390632760674507,-0.4390632760674507,-0.4390632760674507,True
silbert09b,400,6,100,73,12,15,0,4,76,9,11,24,7,58,11,0,14,2,84,True,0.1977870464324951,-_-_none,-0.9803303522249296,-0.8010945292819502,0.4752407505132451,1.020076232786202,-1.1048357439621108,1.0615026297045762,-0.869423773288886,1.7688250385187063,-0.2729527749089709,-0.7217243590258813,-0.1578989229865647,0.1628719805291058,True,12.51296043395996,"GRT-{1_RHO, PS, DS}",0,-0.9971057345951654,-0.9971057345951654,0.7840126063401737,0.7840126063401737,-1.0764903165384283,1.4970067075099207,-1.0764903165384283,1.4970067075099207,-0.4661510935365089,-0.4661510935365089,-0.4661510935365089,-0.4661510935365089,-1.0245211124420166,-0.8905135989189148,0.47128596901893616,1.087253212928772,-1.151075005531311,1.2126140594482422,-0.9422361254692078,2.137326240539551,-0.4910168945789337,-0.5980056524276733,-0.33468982577323914,-0.41825366020202637,True,-1.0364170615001598,-0.8416131401801992,0.49585572750131296,1.080329693336037,-1.1749740614093582,1.1263964074055781,-0.9153497926705317,2.053740376084977,-0.9734777043273695,-0.7490767279031469,-0.14829951578950315,-0.8207133299247225,True
silbert09b,400,7,100,74,9,16,1,7,61,11,21,11,11,71,7,0,14,10,76,True,0.1567585468292236,-_-_none,-0.905152475028504,-0.4484254833059346,0.7363159173761297,1.020076232786202,-1.1983797023069247,0.8694237732888858,-0.8694237732888859,1.1983797023069247,-0.0366118673402757,-0.478566660278641,-0.6673036706885823,-0.2013513968488687,True,12.122309684753418,"GRT-{1_RHO, PS, DS}",0,-0.7245088975476457,-0.7245088975476457,0.9560571576464012,0.9560571576464012,-1.1188232461003569,1.1340730401815569,-1.1188232461003569,1.1340730401815569,-0.5327210126067091,-0.5327210126067091,-0.5327210126067091,-0.5327210126067091,-0.8606162071228027,-0.48571163415908813,0.744219183921814,1.0841108560562134,-1.169154405593872,1.0308643579483032,-0.986331045627594,1.2593573331832886,-0.29596006870269775,-0.5095729827880859,-0.5491306185722351,-0.5352075099945068,True,-0.9372863128261136,-0.4670586397019028,0.7816685977828913,1.0830405904612905,-1.257258767005092,0.9126422571379472,-0.9290340413891129,1.2849709645800873,-0.5272870492238846,-0.5272870492238846,-0.5272870492238846,-0.5272870492238846,True
silbert09b,400,8,100,80,4,16,0,7,76,8,9,18,16,57,9,0,7,8,85,True,0.1471202373504638,-_-_none,-0.942075774995776,-0.905152475028504,0.3957252958144872,1.362383389418019,-1.574444965217043,0.9803303522249296,-0.6445316061066135,1.303782672103487,-0.0126258857147597,-0.644569753422979,-0.5528861276989492,0.0462208468731749,True,11.406373500823976,"GRT-{1_RHO, DS}",0,-0.9976845249583496,-0.9592977395011094,0.4102967510476717,1.4855216739504806,-1.751214522654136,1.0399264547441869,-0.6748022970875411,1.4122958629114382,-0.6032348492769668,-0.6032348492769668,-0.6032348492769668,-0.6032348492769668,-1.0464186668395996,-0.9652804732322693,0.4764460325241089,1.4807549715042114,-1.7013401985168457,1.0696529150009155,-0.7712867856025696,1.4880486726760864,-0.5824867486953735,-0.6216481328010559,-0.6127611398696899,-0.5816020369529724,True,-0.9948232586880387,-0.9583694956349783,0.41138975984068415,1.476195529964298,-1.7515618729373532,1.0415858507124884,-0.671124657586051,1.4054425336656924,-0.6124311611163958,-0.6124311611163958,-0.6124311611163958,-0.6124311611163958,True
silbert09b,400,9,100,84,6,10,0,6,74,10,10,26,12,54,8,0,11,7,82,True,0.1259300708770752,-_-_none,-1.1983797023069247,-0.8010945292819502,0.2933812321211935,1.150349380376008,-1.4260768722728472,0.9420757749957764,-0.8010945292819501,1.362383389418019,0.0257738920279329,-0.6971509464735764,-0.3739138127370282,-0.038160100028545,True,10.904198169708252,"GRT-{1_RHO, PS(B), DS}",0,-1.336424292712601,-0.914997513470271,0.3818170063104005,1.2487403502114611,-1.117479297837865,1.2073612075500335,-1.117479297837865,1.2073612075500335,-0.5276921354758884,-0.5276921354758884,-0.5276921354758884,-0.5276921354758884,-1.3342514038085938,-0.8497827053070068,0.3479841947555542,1.258508563041687,-1.5785455703735352,1.0682963132858276,-0.9094711542129517,1.550443172454834,-0.5622401237487793,-0.6331169009208679,-0.5625702142715454,-0.5646132826805115,True,-1.2822519041415796,-0.8526532222414158,0.3045423917682336,1.2275406119476684,-1.5557404198878682,1.0107379477283516,-0.8268443671987719,1.4771474209156454,-0.5548461540706089,-0.5548461540706089,-0.5548461540706089,-0.5548461540706089,True
silbert09b,400,10,100,78,8,13,1,9,74,8,9,17,11,59,13,2,12,7,79,True,0.123483657836914,-_-_none,-1.0200762327862016,-0.9051524750285042,0.5578847628395988,1.020076232786202,-1.2493462419631,0.9051524750285042,-0.6744897501960819,1.2493462419631,0.0655188790938169,-0.5896104775250031,-0.3679993878928083,0.2496609002927259,True,11.254712104797363,"GRT-{1_RHO, PS, DS}",0,-1.0630240581377433,-1.0630240581377433,0.8401065080831662,0.8401065080831662,-0.9866259734145092,1.1390835278031315,-0.9866259734145092,1.1390835278031315,-0.3242121268931351,-0.3242121268931351,-0.3242121268931351,-0.3242121268931351,-1.0542807579040527,-0.9922454953193665,0.6330053806304932,1.0091475248336792,-1.2641518115997314,0.963982105255127,-0.6996293663978577,1.340757131576538,-0.1408761590719223,-0.3240137994289398,-0.24871163070201874,-0.04904672130942345,True,-1.0803174077293995,-0.954154630279159,0.5828468471235978,1.0803151357576306,-1.3407544907135684,0.9541546000811167,-0.7063057963511026,1.3407554943987605,-0.07613181856152113,-0.6033834892858249,-0.37470907318959723,0.18078539258337822,True
silbert09b,200,1,50,36,5,8,1,1,43,3,3,10,8,26,6,0,3,0,47,True,0.1550273895263672,-_-_none,-0.8284646485811347,-1.044408794872596,0.3308725717264195,1.3249576888929775,-1.0444087948725962,1.2206403488473498,-0.5350828150863223,1.786155561261077,0.1004170222605861,-0.7938407351199046,-0.4113840703225882,0.6079970402619653,False,12.671706438064575,"GRT-{1_RHO, PS(B), DS}",52,-0.9478832071111596,-1.2712939996142365,0.4350860722619482,1.5452910818492729,-0.8440480339467636,1.8118349301780483,-0.8440480339467636,1.8118349301780483,-0.4708261561831057,-0.4708261561831057,-0.4708261561831057,-0.4708261561831057,-0.9003631472587585,-1.1224679946899414,0.44519633054733276,1.589158535003662,-1.0886198282241821,1.525671362876892,-0.5457971096038818,2.399477481842041,-0.18696603178977966,-0.47154560685157776,-0.33343788981437683,-0.20388928055763245,True,-0.8936502480928653,-1.2033774880767567,0.3579690096177916,1.5547729361976717,-1.1459091040568663,1.450001867886219,-0.5816463942939822,5.58811765593292,-0.4629529626319827,-0.4629529626319827,-0.4629529626319827,-0.4629529626319827,True
silbert09b,200,2,50,40,1,7,2,2,40,2,6,7,8,28,7,0,10,3,37,True,0.1319291591644287,PS(A)_-_none,-0.8616341201741724,-0.8616341201741724,0.6172997419177134,0.6172997419177134,-1.3376934412561006,1.2093785357109628,-0.523604852968049,1.3283079375862374,0.5822962561925116,-0.5296432286854872,-0.4834023014483937,-0.0437808990728112,False,11.79955792427063,"GRT-{PI, PS(A), DS}",52,-0.9649950478022212,-0.9649950478022212,0.6737544200051805,0.6737544200051805,-1.5800140627212085,1.3938873716230158,-0.5279934644690167,1.5349638886118746,0.0,0.0,0.0,0.0,-0.9106564521789551,-1.0038726329803467,0.6225579977035522,0.7533395290374756,-1.4494668245315552,1.449796438217163,-0.5664461255073547,1.577526569366455,0.20360751450061798,-0.30198797583580017,-0.290307879447937,-0.30780407786369324,True,-0.9541618953781326,-0.9541618953781326,0.6745122681763507,0.6745122681763507,-1.5715884418682509,1.3915328717533775,-0.5730102734246991,1.5870398660692842,0.6358836729161103,-0.5396055467296883,-0.5127221435540665,-0.8988964181115491,True
silbert09b,200,3,50,36,4,10,0,3,35,6,6,8,3,30,9,1,5,3,41,True,0.1374232769012451,PS(A)_-_none,-0.7039217888285138,-0.7039217888285138,0.8616341201741724,0.8616341201741724,-1.224140126602372,0.854924483117162,-0.6547553253033667,1.1816691227412708,-0.1171715674290162,-0.669122995160569,-0.1093862515099223,0.3880836750771186,True,12.326250314712524,"GRT-{1_RHO, PS, DS}",0,-0.8143121549143404,-0.8143121549143404,0.9796769318832624,0.9796769318832624,-1.0203452780621245,1.153466278509761,-1.0203452780621245,1.153466278509761,-0.334119873647076,-0.334119873647076,-0.334119873647076,-0.334119873647076,-0.7713518738746643,-0.7468795776367188,0.8550316691398621,1.085437297821045,-1.345373272895813,0.9673925638198853,-0.7575073838233948,1.3205865621566772,-0.332938551902771,-0.48225700855255127,-0.15968842804431915,-0.011590256355702877,True,-0.7721955326644832,-0.7721955326644832,0.9541634928909416,0.9541634928909416,-1.4186189852970208,0.9479518018950722,-0.7130641828627797,1.372688759208125,-0.904248464635672,-0.7142144451380198,-0.07377100897381847,0.29523772670951004,True
silbert09b,200,4,50,36,4,10,0,5,36,6,3,8,3,32,7,0,6,1,43,True,0.1103291511535644,PS(A)_-_none,-0.7961825717773925,-0.7961825717773925,0.8616341201741724,0.8616341201741724,-1.218896243573255,0.6892244078836294,-0.7822879438456497,1.5603396071936746,-0.1150310382200069,-0.7114176944349303,-0.203786294300017,0.3238253890840689,True,11.216633796691896,"GRT-{1_RHO, PS(A), DS}",0,-0.8846610650287072,-0.8846610650287072,0.9527989662195387,0.9527989662195387,-1.4168207173180098,0.7664141005533889,-0.889694779919694,2.073029366692404,-0.5105707462762414,-0.5105707462762414,-0.5105707462762414,-0.5105707462762414,-0.8513466119766235,-0.9266499876976013,0.8578518629074097,1.0849061012268066,-1.4650180339813232,0.8274695873260498,-0.846598744392395,2.045588731765747,-0.45742011070251465,-0.5416633486747742,-0.34619849920272827,-0.3652433454990387,True,-0.889163071979982,-0.889163071979982,0.9423422691813618,0.9423422691813618,-1.4031001584746365,0.7735651706435459,-0.8805879284369071,2.079409675991717,-0.5112940843115492,-0.5112940843115492,-0.5112940843115492,-0.5112940843115492,True
silbert09b,200,5,50,37,3,10,0,2,41,4,3,9,9,28,4,0,8,3,39,True,0.1604032516479492,-_-_none,-0.7647096737863874,-0.9674215661017012,0.3308725717264192,0.8957798188835894,-1.3249576888929775,1.0444087948725962,-0.5894557978497788,1.3249576888929775,-0.0425843507048549,-0.7744527511227887,-0.5858037920096689,0.0304185993933633,True,10.938047170639038,"GRT-{1_RHO, PS, DS}",0,-1.0343398776499422,-1.0343398776499422,0.7246486395431271,0.7246486395431271,-1.0452683242992984,1.3528788846704365,-1.0452683242992984,1.3528788846704365,-0.6974510274498565,-0.6974510274498565,-0.6974510274498565,-0.6974510274498565,-0.891344428062439,-1.0353589057922363,0.4074811637401581,0.9483558535575867,-1.490458369255066,1.235518217086792,-0.7701072692871094,1.5845763683319092,-0.6123602390289307,-0.6821553111076355,-0.6346572637557983,-0.6007145047187805,True,-0.8419350670446324,-1.0953613142114957,0.3568265465111889,0.9946456312808903,-1.5554562902971472,1.1947176538098219,-0.6340958664012659,1.555128091548865,-0.711924270005247,-0.711924270005247,-0.711924270005247,-0.711924270005247,True
silbert09b,200,6,50,31,12,7,0,4,35,6,5,14,4,30,2,0,8,2,40,True,0.104755163192749,-_-_same_rho,-0.9645561720479822,-0.7153025048166055,0.3309050834295629,0.877788208900172,-0.6436950475585496,0.7779237504122465,-1.0447639828566673,1.4115866873162115,-0.3979758645127357,-0.3979758645127357,-0.3979758645127357,-0.3979758645127357,True,11.036272764205933,"GRT-{1_RHO, PS, DS}",0,-0.9534501734390868,-0.9534501734390868,0.6501801064130226,0.6501801064130226,-0.9793440187717288,1.2299404183954876,-0.9793440187717288,1.2299404183954876,-0.5838213387193093,-0.5838213387193093,-0.5838213387193093,-0.5838213387193093,-0.9771698117256165,-0.8141121864318848,0.3982950448989868,1.0019758939743042,-0.7246478199958801,0.866019606590271,-1.1440502405166626,1.8187048435211182,-0.5951997637748718,-0.6042098999023438,-0.5624046921730042,-0.547633171081543,True,-1.087754608359307,-0.7784279209939142,0.35912873965631087,0.9947964571029339,-0.7113204772870552,0.849353960899057,-1.1514955192308216,1.7514729556319435,-0.6192270926160348,-0.6192270926160348,-0.6192270926160348,-0.6192270926160348,True
silbert09b,200,7,50,41,6,3,0,4,38,4,4,8,7,28,7,0,8,3,39,True,0.0998342037200927,PS(A)_-_same_rho,-1.087005054438389,-1.087005054438389,0.6723469149170422,0.6723469149170422,-1.052019323950512,0.9385870944447996,-0.5746581405606033,1.3380517469707949,-0.3305081497138988,-0.3305081497138988,-0.3305081497138988,-0.3305081497138988,True,10.312375545501707,"GRT-{1_RHO, PS, DS}",0,-1.2815793276298433,-1.2815793276298433,0.797473132546074,0.797473132546074,-0.8913683917936571,1.289244648714719,-0.8913683917936571,1.289244648714719,-0.5378621474317606,-0.5378621474317606,-0.5378621474317606,-0.5378621474317606,-1.5144418478012085,-1.138362169265747,0.5746701955795288,0.9889706373214722,-1.1472671031951904,1.0629407167434692,-0.5973470211029053,1.5385226011276245,-0.3806155025959015,-0.4449301064014435,-0.3545500934123993,-0.41041868925094604,True,-1.5562784412210722,-1.0038799148098874,0.5200850777683577,0.9957703268566808,-1.1759396694346334,1.0038801152197185,-0.5775258400822789,1.557297206048995,-0.5426501978180005,-0.5426501978180005,-0.5426501978180005,-0.5426501978180005,True
silbert09b,200,8,50,40,4,6,0,1,36,9,4,9,4,31,6,0,6,5,39,True,0.1015903949737548,-_-_none,-1.044408794872596,-0.5894557978497788,0.5894557978497784,1.0444087948725962,-1.2206403488473498,0.7647096737863874,-0.7647096737863872,1.128143645278764,0.045653738088469,-0.8855479490399142,-0.288380514055406,-0.0141673679029549,True,11.652319192886353,"GRT-{1_RHO, PS, DS}",0,-0.9636572194993251,-0.9636572194993251,0.930453236491744,0.930453236491744,-1.1205544216018894,1.1332260789479731,-1.1205544216018894,1.1332260789479731,-0.6712977564450484,-0.6712977564450484,-0.6712977564450484,-0.6712977564450484,-1.1206753253936768,-0.7083624005317688,0.6436561346054077,1.1461290121078491,-1.4211467504501343,0.9318660497665405,-0.8776368498802185,1.2961175441741943,-0.5849784016609192,-0.7052492499351501,-0.4900774359703064,-0.5476986169815063,True,-1.1749835163635498,-0.643341002047881,0.643336522454255,1.1749772108793963,-1.4050720935498517,0.8416206807041955,-0.8416051119887792,1.2815471739846402,-0.8766724743756923,-0.9351337038990731,-0.2847958319859614,-0.8901661519482802,True
silbert09b,200,9,50,34,5,10,1,4,37,6,3,11,4,29,6,0,7,5,38,True,0.1056458950042724,PS(A)_PS(B)_none,-0.8106381041551987,-0.8106381041551987,0.7100393627305799,0.7100393627305799,-0.9100731222996664,0.9020201834532986,-0.9100731222996664,0.9020201834532986,0.0042052276333611,-0.729559348706774,-0.2176010289014381,0.0166676328986639,True,9.814494848251345,"GRT-{1_RHO, PS, DS}",0,-0.8629008984323709,-0.8629008984323709,0.8029696342380832,0.8029696342380832,-1.0116827193716391,1.068776378598817,-1.0116827193716391,1.068776378598817,-0.4240101327797896,-0.4240101327797896,-0.4240101327797896,-0.4240101327797896,-0.7382305860519409,-0.8786066174507141,0.5775410532951355,1.0197492837905884,-1.0425231456756592,0.993553102016449,-0.8831102252006531,1.1780461072921753,-0.23859798908233643,-0.5283949971199036,-0.2999476194381714,-0.42860129475593567,True,-0.7860713180615436,-0.9867229628213414,0.5541051045228934,1.1115974440756755,-0.9772669825945641,1.0536027869900166,-0.9772669825945641,1.0536027869900166,-0.43882594329037705,-0.43882594329037705,-0.43882594329037705,-0.43882594329037705,True
silbert09b,200,10,50,37,6,7,0,0,40,6,4,10,4,31,5,0,8,3,39,True,0.0872795581817627,PS(A)_PS(B)_none,-0.8950120811751953,-0.8950120811751953,0.71001611480986,0.71001611480986,-0.9480789199084214,1.1965160915730482,-0.9480789199084214,1.1965160915730482,-0.1100117453809704,-0.8969765576633125,-0.3082164639559409,0.061610686013973,False,10.232587099075316,"GRT-{1_RHO, PS, DS}",52,-1.0074455307205588,-1.0074455307205588,0.8001085895300655,0.8001085895300655,-1.0664966569013823,1.421905874812717,-1.0664966569013823,1.421905874812717,-0.6674179958699271,-0.6674179958699271,-0.6674179958699271,-0.6674179958699271,-1.0393614768981934,-0.9352278113365173,0.6784430146217346,0.9193415641784668,-1.0562480688095093,1.3919039964675903,-1.001655101776123,1.468619704246521,-0.609099268913269,-0.7330932021141052,-0.4859733283519745,-0.5433595180511475,True,-1.0167248755020368,-1.0167248755020368,0.7921798994377869,0.7921798994377869,-1.0620154637806585,1.3939181205347462,-1.0620154637806585,1.3939181205347462,-0.9505086751784702,-0.9997795250794609,-0.3118527176014256,-0.8943914255092775,True
silbert09b,100,1,25,18,1,6,0,1,18,4,2,2,2,19,2,0,2,2,21,True,0.0910124778747558,PS(A)_PS(B)_none,-0.6386502876042692,-0.6386502876042692,0.9621349322148112,0.9621349322148112,-1.03074144164493,0.8575517507505954,-1.03074144164493,0.8575517507505954,0.086174544868647,-0.7714881226126014,-0.5853519175686507,0.3164022846625261,False,10.420634984970093,"GRT-{1_RHO, PS, DS}",52,-0.7895595432444009,-0.7895595432444009,1.2312766118000955,1.2312766118000955,-1.2904356625367253,1.0830845931300133,-1.2904356625367253,1.0830845931300133,-0.7768884482632246,-0.7768884482632246,-0.7768884482632246,-0.7768884482632246,-0.7239950299263,-0.7411067485809326,1.1683940887451172,1.3394662141799927,-1.7010072469711304,0.9664208889007568,-1.0730268955230713,1.394486427307129,-0.5561978220939636,-0.6664161682128906,-0.5839378237724304,-0.508156418800354,True,-0.7939290500868518,-0.7939290500868518,1.253259689050178,1.253259689050178,-1.304704645483862,1.0916820861827043,-1.304704645483862,1.0916820861827043,-0.7744362136770917,-0.7744362136770917,-0.7744362136770917,-0.7744362136770917,True
silbert09b,100,2,25,19,0,6,0,1,20,0,4,5,2,17,1,0,4,1,20,True,0.0912642478942871,PS(A)_PS(B)_all,-0.7018725954219606,-0.7018725954219606,0.647603582924978,0.647603582924978,-1.171546171302762,1.262145176622808,-1.171546171302762,1.262145176622808,0.0,0.0,0.0,0.0,False,10.194420337677002,"GRT-{PI, PS, DS}",52,-0.8387075004521035,-0.8387075004521035,0.7783036241668816,0.7783036241668816,-1.5439330127801287,1.7485896327563324,-1.5439330127801287,1.7485896327563324,0.0,0.0,0.0,0.0,-0.7634948492050171,-0.9578941464424133,0.6744892597198486,0.8585050702095032,-2.1955466270446777,1.7977125644683838,-1.3053418397903442,1.859183669090271,-0.12134071439504623,-0.006025143899023533,-0.33016228675842285,-0.203211709856987,True,-0.8416106343829081,-0.8416106343829081,0.7721847155167576,0.7721847155167576,-5.580318413181247,1.7506848847620515,-1.1749852403883891,1.7506846703021846,0.0,0.0,0.0,0.0,True
silbert09b,100,3,25,20,3,2,0,1,21,1,2,5,4,13,3,1,3,2,19,True,0.0843827724456787,PS(A)_PS(B)_all,-1.0144987457841008,-1.0144987457841008,0.5443409149356107,0.5443409149356107,-0.7018725954219606,1.0144987457841008,-0.7018725954219606,1.0144987457841008,0.0,0.0,0.0,0.0,True,9.520584106445312,"GRT-{PI, PS, DS}",0,-1.2882917640678928,-1.2882917640678928,0.6492331670574001,0.6492331670574001,-0.8314483069999956,1.2812740275310324,-0.8314483069999956,1.2812740275310324,0.0,0.0,0.0,0.0,-1.3963702917099,-1.3026618957519531,0.4748666286468506,0.9072598814964294,-1.0959147214889526,1.3493034839630127,-0.7148917317390442,1.2073450088500977,-0.2540338337421417,-0.3380213975906372,-0.24752621352672577,0.01648591086268425,True,-1.297874227380323,-1.297874227380323,0.6543555274629104,0.6543555274629104,-0.8772577542461082,1.2996592202493715,-0.8772577542461082,1.2996592202493715,-0.3110327560767988,-0.3110327560767988,-0.3110327560767988,-0.3110327560767988,True
silbert09b,100,4,25,20,4,1,0,1,20,2,2,6,3,12,4,0,3,1,21,True,0.086918830871582,-_PS(B)_all,-1.262145176622808,-0.8172368220294001,0.3072925712011556,0.944669591394476,-0.647603582924978,1.0896619819461075,-0.647603582924978,1.0896619819461075,0.0,0.0,0.0,0.0,False,9.65030574798584,"GRT-{PI, PS, DS}",52,-1.2792154279218833,-1.2792154279218833,0.7002473460477805,0.7002473460477805,-0.7841025399416331,1.4295866812042033,-0.7841025399416331,1.4295866812042033,0.0,0.0,0.0,0.0,-1.6766847372055054,-1.1287715435028076,0.42442992329597473,1.169349193572998,-0.8737390041351318,1.402095913887024,-0.6567897796630859,1.6880320310592651,-0.2707820534706116,-0.4364559054374695,-0.24131596088409424,-0.31038418412208557,True,-1.7852195132792814,-1.0571173703520598,0.4027856167298094,1.1967194555993654,-0.764043152762796,1.427687788603736,-0.764043152762796,1.427687788603736,-0.4275780630609012,-0.4275780630609012,-0.4275780630609012,-0.4275780630609012,True
silbert09b,100,5,25,16,6,3,0,3,16,3,3,2,2,15,6,0,2,0,23,True,0.1065354347229003,PS(A)_-_all,-0.7582925569911514,-0.7582925569911514,0.944669591394476,0.944669591394476,-0.5951785333332777,0.5951785333332776,-0.3993230673495512,1.4835398594012972,0.0,0.0,0.0,0.0,True,10.80397081375122,"GRT-{1_RHO, PS, DS}",0,-1.0041632346632543,-1.0041632346632543,1.2103639886715785,1.2103639886715785,-0.6298412184986023,1.2227065097310823,-0.6298412184986023,1.2227065097310823,-0.4698958153877394,-0.4698958153877394,-0.4698958153877394,-0.4698958153877394,-1.058443546295166,-0.8251152038574219,1.0795536041259766,1.395256519317627,-0.6366534233093262,0.8014471530914307,-0.5269349813461304,2.207944393157959,-0.35754311084747314,-0.30301225185394287,-0.2640255391597748,-0.18097010254859924,True,-0.9219900546815322,-0.9219900546815322,1.1657058288615907,1.1657058288615907,-0.7532122313143461,0.767910390049277,-0.5063450578919088,5.79686703236082,-0.466169460980684,-0.466169460980684,-0.466169460980684,-0.466169460980684,True
silbert09b,100,6,25,16,4,5,0,2,20,1,2,5,2,18,0,0,3,2,20,True,0.0844728946685791,PS(A)_PS(B)_same_rho,-0.8126291733234826,-0.8126291733234826,0.6920079701892574,0.6920079701892574,-0.9586385053283886,1.0140893127747206,-0.9586385053283886,1.0140893127747206,-0.3018748022571745,-0.3018748022571745,-0.3018748022571745,-0.3018748022571745,True,9.296408414840698,"GRT-{1_RHO, PS, DS}",0,-1.004376841651882,-1.004376841651882,0.7993665307410069,0.7993665307410069,-1.242189838131477,1.2479013945980966,-1.242189838131477,1.2479013945980966,-0.6499716509906199,-0.6499716509906199,-0.6499716509906199,-0.6499716509906199,-0.8822863698005676,-1.1768467426300049,0.6639114618301392,1.0447089672088623,-1.1229658126831055,1.234918475151062,-1.3046036958694458,1.4149647951126099,-0.5232821702957153,-0.508169949054718,-0.5607721209526062,-0.49936848878860474,True,-1.001989621550238,-1.001989621550238,0.8088850523403518,0.8088850523403518,-1.2430702574473964,1.2581811261275975,-1.2430702574473964,1.2581811261275975,-0.6501574132477556,-0.6501574132477556,-0.6501574132477556,-0.6501574132477556,True
silbert09b,100,7,25,21,1,3,0,1,21,1,2,3,4,15,3,0,3,2,20,True,0.0911777019500732,PS(A)_PS(B)_same_rho,-0.962561565165512,-0.962561565165512,0.7276663535276472,0.7276663535276472,-0.8328927488891597,1.1006559910501177,-0.8328927488891597,1.1006559910501177,-0.2915945763697231,-0.2915945763697231,-0.2915945763697231,-0.2915945763697231,True,9.842087030410768,"GRT-{1_RHO, PS, DS}",0,-1.21173589047291,-1.21173589047291,0.9235487468479288,0.9235487468479288,-1.0356176288976986,1.4288212423130848,-1.0356176288976986,1.4288212423130848,-0.6243090278259308,-0.6243090278259308,-0.6243090278259308,-0.6243090278259308,-1.1697734594345093,-1.2443444728851318,0.7046242356300354,1.072372317314148,-1.6372913122177124,1.3811525106430054,-0.7457442283630371,1.4696520566940308,-0.39897415041923523,-0.4515807330608368,-0.4566945731639862,-0.4275962710380554,True,-1.1759548933358732,-1.1759548933358732,0.8411833643350163,0.8411833643350163,-1.7510874305214785,1.4073765395684248,-0.6846254106123233,1.4559040384952602,-0.6157607892384869,-0.6157607892384869,-0.6157607892384869,-0.6157607892384869,True
silbert09b,100,8,25,18,4,3,0,0,21,2,2,5,2,16,2,0,1,0,24,True,0.1123983860015869,PS(A)_PS(B)_none,-0.8951310522957079,-0.8951310522957079,0.8004472691537129,0.8004472691537129,-0.8502648263132133,1.1825776528294405,-0.8502648263132133,1.1825776528294405,-0.0180602263771965,-0.7985679335708802,-0.3379616404081566,0.7317316957153879,True,9.87470030784607,"GRT-{1_RHO, PS, DS}",0,-1.1456871226454228,-1.1456871226454228,0.9949482653034756,0.9949482653034756,-1.0708116729660826,1.820712107308924,-1.0708116729660826,1.820712107308924,-0.6453281999634599,-0.6453281999634599,-0.6453281999634599,-0.6453281999634599,-1.1410109996795654,-1.045676827430725,0.6599380373954773,1.6899652481079102,-0.9450909495353699,1.7374545335769653,-0.9719117879867554,2.1444809436798096,-0.4675009846687317,-0.6134412884712219,-0.3709567189216614,-0.2632957696914673,True,-1.1801995978591298,-1.1006333160988608,0.5813624975808381,1.7671564058233962,-0.9775791020913404,1.812093138997261,-0.9775791020913404,1.812093138997261,-0.6668319620008507,-0.6668319620008507,-0.6668319620008507,-0.6668319620008507,True
silbert09b,100,9,25,16,3,6,0,3,16,3,3,8,1,13,3,0,2,2,21,True,0.0938808917999267,-_PS(B)_all,-0.5951785333332777,-0.5951785333332776,0.3072925712011554,1.0896619819461075,-0.87916771844457,0.8172368220294001,-0.87916771844457,0.8172368220294001,0.0,0.0,0.0,0.0,False,8.84339165687561,"GRT-{PI, PS, DS}",52,-0.7121913606158515,-0.7121913606158515,0.7823887346832875,0.7823887346832875,-1.071314432272552,0.993163571579588,-1.071314432272552,0.993163571579588,0.0,0.0,0.0,0.0,-0.7162876725196838,-0.7007203698158264,0.4835928976535797,1.3809984922409058,-1.1662075519561768,0.798780083656311,-0.9546982049942017,1.3268338441848755,-0.32438498735427856,-0.2825484573841095,-0.10108301043510437,-0.28543946146965027,True,-0.7063026264729277,-0.7063025628400874,0.3584587932511938,1.4050715603096329,-1.08032054772496,0.9944578478882955,-1.08032054772496,0.9944578478882955,0.0,0.0,0.0,0.0,True
silbert09b,100,10,25,19,3,3,0,2,21,1,1,1,2,19,3,0,2,0,23,True,0.0899453163146972,PS(A)_PS(B)_none,-1.0525845770445843,-1.0525845770445843,0.9936793510620824,0.9936793510620824,-0.8190090911303461,1.151777163098449,-0.8190090911303461,1.151777163098449,0.056251149912354,-0.5595240774192886,-0.6134382858227884,0.609176653182906,False,10.458433866500854,"GRT-{1_RHO, PS, DS}",52,-1.3565201424683493,-1.3565201424683493,1.3261920204125852,1.3261920204125852,-1.0103574284712955,1.5143645997071402,-1.0103574284712955,1.5143645997071402,-0.6310158789908205,-0.6310158789908205,-0.6310158789908205,-0.6310158789908205,-1.2606196403503418,-1.4118236303329468,1.3449925184249878,1.4285061359405518,-1.1558386087417603,1.1929813623428345,-0.8676577210426331,2.2655277252197266,-0.45680996775627136,-0.4852354824542999,-0.5225397348403931,-0.33290618658065796,True,-1.2801868978858508,-1.2801868978858508,1.2830380794297798,1.2830380794297798,-1.1625984099619275,1.1301621343580195,-0.879480266491799,5.744440585668561,-0.6801337806609331,-0.6801337806609331,-0.6801337806609331,-0.6801337806609331,True
silbert09b,48,1,12,8,3,1,0,0,8,3,1,5,0,7,0,1,0,1,10,True,0.1020734310150146,PS(A)_PS(B)_none,-0.5505596074897132,-0.5505596074897132,0.5125418657306391,0.5125418657306391,-0.7755562865408204,0.5730660436302856,-0.7755562865408204,0.5730660436302856,-0.0526385950955262,-0.802943315032449,0.0489098822527599,0.7065754322120511,False,11.72226357460022,"GRT-{PI, PS, DS}",52,-0.8105223604601602,-0.8105223604601602,0.6684414766507324,0.6684414766507324,-1.1424394504241342,0.8052463108936057,-1.1424394504241342,0.8052463108936057,0.0,0.0,0.0,0.0,-1.340846061706543,-0.6706528663635254,0.3723355829715729,1.4180724620819092,-0.9331212043762207,0.8879287838935852,-1.9969149827957153,0.8533776998519897,-0.18340401351451874,-0.41185492277145386,-0.014540204778313637,0.2144438624382019,True,-1.3829969284914259,-0.43067707057747523,0.2104356829229554,1.383011618260855,-0.6745053671241408,0.6745340294780486,-5.430140417974997,0.9673867881125887,-0.9997540893816728,-0.9999999962086844,-3.832842691396393e-06,0.9999999853056892,True
silbert09b,48,2,12,11,1,0,0,0,10,1,1,2,2,8,0,0,0,1,11,True,0.0951347351074218,PS(A)_PS(B)_none,-0.8642599471596739,-0.8642599471596739,0.6867965980914482,0.6867965980914482,-0.8252704544833209,0.8771550167974539,-0.8252704544833209,0.8771550167974539,0.558547064819587,-0.6851444542050659,-0.6665030127340864,0.5056332174657296,True,11.217068910598757,"GRT-{1_RHO, PS, DS}",0,-1.3594916381995878,-1.3594916381995878,1.0086449815955556,1.0086449815955556,-1.3950674153687188,1.6975640747852758,-1.3950674153687188,1.6975640747852758,-1.0,-1.0,-1.0,-1.0,-2.0840370655059814,-1.0721017122268677,0.5742451548576355,2.083543062210083,-1.3063979148864746,1.5381942987442017,-1.2737847566604614,1.4213792085647583,-0.29164814949035645,-0.5199986100196838,-0.5248560309410095,-0.31456032395362854,True,-5.242188083217498,-0.9674174674337991,0.5244590899793562,5.177508537588665,-1.1504218784046745,1.3830749639735196,-1.1504218784046745,1.3830749639735196,-0.9999999979708146,-0.9999999979708146,-0.9999999979708146,-0.9999999979708146,True
silbert09b,48,3,12,10,0,2,0,2,5,2,3,4,2,6,0,0,1,0,11,True,0.1882617473602295,-_PS(B)_all,-0.6744897501960815,-0.1573106846101711,1.3079506867532367e-16,0.8871465590188764,-0.8871465590188763,0.6744897501960817,-0.8871465590188763,0.6744897501960817,0.0,0.0,0.0,0.0,False,9.817044496536257,"GRT-{PI, PS, DS}",52,-0.554763659071743,-0.554763659071743,0.5591838797190228,0.5591838797190228,-1.4054793951511253,0.9512121638638305,-1.4054793951511253,0.9512121638638305,0.0,0.0,0.0,0.0,-0.8943907022476196,-0.42524102330207825,0.3401736915111542,1.400406837463379,-2.1237218379974365,0.6090329885482788,-1.2017099857330322,1.9704443216323853,-0.10673355311155319,-0.20400945842266083,-0.27830711007118225,-0.15596695244312286,True,-0.9674211806034749,-0.21042839424792484,0.0,1.3829940307928559,-5.3064623484280915,0.43072729929545756,-0.967421566101701,5.309764672545635,0.0,0.0,0.0,0.0,True
silbert09b,48,4,12,7,1,4,0,0,9,2,1,2,1,8,1,0,0,0,12,True,0.0861537456512451,PS(A)_PS(B)_all,-0.4022500653217253,-0.4022500653217253,0.7764217611479276,0.7764217611479276,-0.7764217611479276,0.8871465590188763,-0.7764217611479276,0.8871465590188763,0.0,0.0,0.0,0.0,True,10.886438846588137,"GRT-{1_RHO, PS, DS}",0,-0.6513911558679092,-0.6513911558679092,1.15764364232873,1.15764364232873,-1.241072781775344,1.4257310810165058,-1.241072781775344,1.4257310810165058,-0.7357080171523688,-0.7357080171523688,-0.7357080171523688,-0.7357080171523688,-0.5405080318450928,-0.6346567869186401,0.7334111928939819,1.9664759635925293,-1.374617576599121,1.1769659519195557,-1.0695292949676514,1.983298659324646,-0.4754118323326111,-0.6210614442825317,-0.38511189818382263,-0.3145639896392822,True,-0.48112705078545104,-0.8503841573657338,0.7528693816610208,5.627593422872641,-1.116329969107635,1.4383776149055159,-1.116329969107635,1.4383776149055159,-0.7627796588496025,-0.7627796588496025,-0.7627796588496025,-0.7627796588496025,True
silbert09b,48,5,12,9,2,1,0,1,7,1,3,3,2,6,1,0,2,1,9,True,0.0771040916442871,PS(A)_PS(B)_all,-0.5791321622555562,-0.5791321622555562,0.4022500653217252,0.4022500653217252,-0.5791321622555561,0.7764217611479277,-0.5791321622555561,0.7764217611479277,0.0,0.0,0.0,0.0,True,9.564956903457642,"GRT-{PI, PS, DS}",0,-0.7990765381878062,-0.7990765381878062,0.5486165493175852,0.5486165493175852,-0.8095557061334195,1.1482595497973502,-0.8095557061334195,1.1482595497973502,0.0,0.0,0.0,0.0,-1.2283135652542114,-0.6098458766937256,0.3807384967803955,0.9220567345619202,-0.9061590433120728,1.1789392232894897,-0.7862389087677002,1.3159984350204468,-0.3036115765571594,-0.24320286512374878,-0.30120524764060974,-0.304935097694397,True,-1.382994127100638,-0.43072729929545744,0.2104283942479247,0.967421566101701,-0.8122178069873658,1.1503494369042107,-0.8122178069873658,1.1503494369042107,0.0,0.0,0.0,0.0,True
silbert09b,48,6,12,11,0,1,0,1,7,0,4,0,2,6,4,0,1,0,11,True,0.2068331241607666,PS(A)_-_all,-0.5791321622555563,-0.5791321622555563,0.7764217611479276,0.7764217611479276,-1.150349380376008,0.8871465590188764,5.551978175541082e-17,1.1503493803760083,0.0,0.0,0.0,0.0,False,10.960099697113035,"GRT-{PI, PS(A), DS}",52,-0.8140191905788854,-0.8140191905788854,1.1307013312198335,1.1307013312198335,-3.666328853398972,1.3856935550078102,0.0058585421920391,2.7860803963232303,0.0,0.0,0.0,0.0,-1.1420533657073975,-0.6794471740722656,1.2294585704803467,1.356839895248413,-2.1381804943084717,1.5557522773742676,-0.3767518699169159,2.095651149749756,-0.08493790030479431,0.09025049209594727,-0.31108272075653076,-0.03462646156549454,True,-0.8122396290223683,-0.8122396290223683,1.150419334438525,1.150419334438525,-5.654851380820113,1.382994127100638,5.33028837007357e-05,5.654840332973086,0.0,0.0,0.0,0.0,True
silbert09b,48,7,12,12,0,0,0,0,12,0,0,1,1,9,1,0,0,2,10,True,0.1120727062225341,PS(A)_PS(B)_all,-1.150349380376008,-1.150349380376008,0.8871465590188763,0.8871465590188763,-0.8871465590188762,0.8871465590188762,-0.8871465590188762,0.8871465590188762,0.0,0.0,0.0,0.0,False,11.239217281341553,"GRT-{PI, PS, DS}",52,-2.768728589839028,-2.768728589839028,1.4213997293138814,1.4213997293138814,-1.393047618877865,1.380934871753016,-1.393047618877865,1.380934871753016,0.0,0.0,0.0,0.0,-2.3242132663726807,-2.3430356979370117,1.149338960647583,2.045198440551758,-2.111704111099243,2.156522035598755,-1.05266535282135,1.0890353918075562,-0.046907905489206314,-0.05518341064453125,-0.19577962160110474,-0.08186188340187073,True,-8.375600487350058,-8.375600487350058,1.3829932158415177,1.3829932158415177,-6.448071051113868,6.448242261436597,-0.9674663738175997,0.9674105325947147,0.0,0.0,0.0,0.0,True
silbert09b,48,8,12,8,1,3,0,1,7,1,3,0,2,7,3,0,1,0,11,True,0.0904657840728759,PS(A)_PS(B)_all,-0.4022500653217253,-0.4022500653217253,0.7764217611479277,0.7764217611479277,-0.4887764111146698,0.8871465590188763,-0.4887764111146698,0.8871465590188763,0.0,0.0,0.0,0.0,True,8.593457698822021,"GRT-{PI, PS, DS}",0,-0.5607332235863531,-0.5607332235863531,1.143613577048583,1.143613577048583,-0.6800223684158052,1.3957069276979777,-0.6800223684158052,1.3957069276979777,0.0,0.0,0.0,0.0,-0.622835636138916,-0.5519906282424927,1.250563383102417,1.372645616531372,-1.3797515630722046,1.1201813220977783,-0.5150404572486877,2.082413673400879,-0.29658353328704834,-0.25245070457458496,-0.41809409856796265,-0.2149137556552887,True,-0.5455001759068293,-0.5455001759068293,1.1756215286436111,1.1756215286436111,-1.4183409966564837,0.9826870437308152,-0.2511378205188945,5.619793236628719,-0.6239650930289219,-0.6239650930289219,-0.6239650930289219,-0.6239650930289219,True
silbert09b,48,9,12,11,0,1,0,3,7,2,0,0,2,9,1,0,1,1,10,True,0.0893702507019043,PS(A)_PS(B)_none,-0.788409361968981,-0.788409361968981,0.8225351036242725,0.8225351036242725,-0.7760143451674861,0.4869170967408951,-0.7760143451674861,0.4869170967408951,0.5660323148417211,-0.5759365492297909,-0.7668279496186866,0.3425073150473274,False,10.194477558135986,"GRT-{1_RHO, PS, DS}",52,-1.3601052251004562,-1.3601052251004562,1.4082150461766132,1.4082150461766132,-1.1637904124824852,0.6991008729859787,-1.1637904124824852,0.6991008729859787,-1.0,-1.0,-1.0,-1.0,-1.2348469495773315,-1.1790342330932617,1.2633366584777832,1.3857535123825073,-2.055706262588501,0.4074566662311554,-0.8374024033546448,1.4097062349319458,-0.36793994903564453,-0.5122290849685669,-0.5890380144119263,-0.4018174707889557,True,-1.1503491667288746,-1.1503491667288746,1.150343885857941,1.150343885857941,-5.551612941351138,0.28584373287884546,-0.7977876761848923,1.4081257880305362,-0.9999999957283425,-0.9999999957283425,-0.9999999957283425,-0.9999999957283425,True
silbert09b,48,10,12,8,2,2,0,0,11,1,0,3,3,6,0,0,0,0,12,True,0.2341527938842773,-_PS(B)_none,-0.6744897501960818,-0.9578516038490714,0.0341887485645705,1.0875607687815907,-0.5791321622555563,1.0099901692495823,-0.5791321622555563,1.0099901692495823,6.445059418546264e-17,-0.8235575690142575,-0.6214663664643256,0.7170195417264249,False,10.736256122589111,"GRT-{1_RHO, PS, DS}",52,-1.350385569004166,-1.350385569004166,0.6464114687241613,0.6464114687241613,-1.0828363018138791,1.5986504192482536,-1.0828363018138791,1.5986504192482536,-1.0,-1.0,-1.0,-1.0,-1.1012730598449707,-1.408920168876648,0.28760412335395813,1.9120969772338867,-0.8882468938827515,1.6933561563491821,-0.9160388112068176,1.9501992464065552,-0.5314422845840454,-0.6403288245201111,-0.5149601697921753,-0.3692838251590729,True,-1.0013181674157694,-1.7268751700462521,0.06968521682708886,5.766538413182853,-0.8122260723511912,1.7352999450862143,-0.8122260723511912,1.7352999450862143,-1.0,-1.0,-1.0,-1.0,True
silbert12,800,1,200,194,6,0,0,4,142,1,53,3,0,192,5,0,31,1,168,True,0.1608548164367675,-_PS(B)_all,-2.333768574807138,-0.5992298680993449,1.9684210848744936,0.987230991990176,-1.7895305514424666,1.9684210848744936,-1.7895305514424666,1.9684210848744936,0.0,0.0,0.0,0.0,True,11.53509783744812,"GRT-{1_RHO, PS(B), DS}",0,-2.350943169689727,-0.6224158676661318,2.0643634593969047,1.0198760142321484,-1.928264703335216,2.419182979727891,-1.928264703335216,2.419182979727891,0.0218875115588377,0.0218875115588377,0.0218875115588377,0.0218875115588377,-2.3694138526916504,-0.7194375395774841,2.214860439300537,1.075486421585083,-1.8905926942825317,2.11959171295166,-1.9399230480194092,2.3678090572357178,0.033127155154943466,0.02038227766752243,0.10289046913385391,-0.08324411511421204,True,-5.94074903928034,-0.6128291511130037,2.170091520534996,1.0152166292377278,-1.918885327586168,2.1700601457675104,-1.918885327586168,2.1700601457675104,0.0,0.0,0.0,0.0,True
silbert12,800,2,200,190,7,3,0,4,156,2,38,3,0,195,2,0,32,1,167,True,0.0986878871917724,-_-_all,-1.9684210848744936,-0.8207920883323807,1.968421084874494,0.9674215661017012,-1.704780904889401,1.7598610279335336,-2.0619165008094624,2.1779230690821847,0.0,0.0,0.0,0.0,False,10.303993940353394,"GRT-{PI, PS(B), DS}",52,-2.0650271782880565,-0.85422878713315,2.109721594525898,1.0012309030051094,-2.038577079161385,2.078401011298742,-2.038577079161385,2.078401011298742,0.0,0.0,0.0,0.0,-2.2813267707824707,-0.8524683117866516,2.265251398086548,1.0273096561431885,-1.9243719577789307,1.962591528892517,-2.253896474838257,2.4644107818603516,-0.1539294272661209,-0.1299169957637787,-0.03004651516675949,-0.19039909541606903,True,-2.17009037758456,-0.8416212335729143,2.1700903775845606,0.994457883209753,-1.8119106729525973,1.880793608151251,-2.3263478740408408,2.575829303548901,0.0,0.0,0.0,0.0,True
silbert12,800,3,200,192,7,1,0,6,140,0,54,4,0,194,2,0,28,1,171,True,0.1033792495727539,-_-_all,-2.177923069082184,-0.5992298680993449,1.88950996033343,1.0491313979639716,-1.704780904889401,1.7598610279335336,-2.061916500809462,2.1779230690821847,0.0,0.0,0.0,0.0,False,10.45358419418335,"GRT-{PI, PS(B), DS}",52,-2.460537562929266,-0.6195850961949052,2.002363379186052,1.0624635882340958,-2.0136504658876206,2.1348204554056216,-2.0136504658876206,2.1348204554056216,0.0,0.0,0.0,0.0,-2.324880599975586,-0.7344768047332764,2.1292192935943604,1.1166725158691406,-1.9205710887908936,1.987007737159729,-2.275125741958618,2.4767796993255615,0.004948046058416367,0.22766338288784027,0.11533862352371216,-0.027886254712939262,True,-2.5758293035489004,-0.6128129910166272,2.053748910631823,1.0803193408149558,-1.8119106729525973,1.880793608151251,-2.3263478740408408,2.575829303548901,0.0,0.0,0.0,0.0,True
silbert12,800,4,200,188,11,1,0,6,153,0,41,1,0,196,3,0,29,0,171,True,0.0954480171203613,-_-_all,-2.1779230690821847,-0.8037028159514422,2.1779230690821847,1.0280600770829706,-1.5242311452517945,1.7598610279335336,-1.9684210848744936,2.333768574807138,0.0,0.0,0.0,0.0,False,11.278579473495483,"GRT-{PI, DS}",52,-2.23279168189323,-0.8285767653169593,2.329932109934888,1.0736878220952175,-1.701046013045154,1.8681879492531817,-2.351055243126324,4.349000390324998,0.0,0.0,0.0,0.0,-2.40640926361084,-0.9353965520858765,2.424736261367798,1.0854743719100952,-1.6659473180770874,2.0183205604553223,-2.1189963817596436,2.6354689598083496,0.03581646457314491,0.2599383294582367,0.12357065081596375,0.08439505845308304,True,-2.5758272298131235,-0.8238937628382267,2.57583142273915,1.058127774604173,-1.5982310700208693,1.880799896010522,-2.170090465147793,5.354978357392114,0.0,0.0,0.0,0.0,True
silbert12,800,5,200,191,8,1,0,2,145,2,51,1,0,193,6,0,25,2,173,True,0.0900409221649169,-_PS(B)_all,-2.177923069082184,-0.6139994566221941,2.1779230690821847,1.1153373577337862,-1.704780904889401,1.9684210848744936,-1.704780904889401,1.9684210848744936,0.0,0.0,0.0,0.0,False,10.948131799697876,"GRT-{PI, PS(B), DS}",52,-2.1304641760922656,-0.6558352250310118,2.502770532676814,1.1810979393613414,-1.8056619874643285,2.30933630166524,-1.8056619874643285,2.30933630166524,0.0,0.0,0.0,0.0,-2.3216705322265625,-0.7079081535339355,2.4125139713287354,1.1878255605697632,-1.8190640211105347,2.150693655014038,-1.8315080404281616,2.239607572555542,-0.09811300039291382,-0.16281729936599731,-0.04146698862314224,-0.19118358194828033,True,-2.5758293035489004,-0.6280060144375695,2.5758293813190822,1.1503493803760079,-1.8119107973884727,2.1700906130261504,-1.8119107973884727,2.1700906130261504,0.0,0.0,0.0,0.0,True
silbert12,800,6,200,188,11,1,0,3,148,0,49,0,0,200,0,0,25,1,174,True,0.079869270324707,-_-_none,-2.1779230690821847,-0.6744897501960819,2.3337685748071384,1.1153373577337862,-1.5242311452517938,1.9684210848744936,-2.333768574807138,2.1779230690821847,0.4483423873703487,0.0704749552975921,-0.8795608894758591,0.2764067723003062,False,10.803189039230348,"GRT-{PI, PS(B), DS}",52,-2.445700838943841,-0.6797708075444449,3.247388480936057,1.1691823636021383,-2.160902244660268,2.420474177712799,-2.160902244660268,2.420474177712799,0.0,0.0,0.0,0.0,-2.3322198390960693,-0.794014573097229,2.4796030521392822,1.2128247022628784,-1.6379345655441284,2.262385129928589,-2.4827446937561035,2.521284580230713,-0.07704322040081024,0.1211598664522171,-0.11625276505947113,-0.12024436891078949,True,-2.5758301761912414,-0.6903382852052835,5.314498340619321,1.1504174831105445,-1.5982925131913022,2.1700597164782747,-5.314812199242674,2.5758276488302507,0.0,0.0,0.0,0.0,True
silbert12,800,7,200,183,14,3,0,3,150,0,47,1,0,198,1,0,29,0,171,True,0.1217312812805175,-_-_all,-1.9684210848744936,-0.7056719688033866,2.1779230690821847,1.0280600770829706,-1.4157020938005065,1.9684210848744936,-2.1779230690821847,2.333768574807138,0.0,0.0,0.0,0.0,True,11.059684753417969,"GRT-{PI, PS(B), DS}",0,-2.1049593233256143,-0.7104521237239874,2.400304065672901,1.056180671678463,-1.799086458512544,2.381826174990888,-1.799086458512544,2.381826174990888,0.0,0.0,0.0,0.0,-2.216621160507202,-0.7921045422554016,2.434326171875,1.0963966846466064,-1.5414563417434692,2.3008224964141846,-2.437378168106079,2.6624984741210938,-0.07577396929264069,0.15516960620880127,-0.0015370058827102184,0.00749524962157011,True,-2.170097637376372,-0.722486421515584,2.575829781030773,1.0580680132848934,-1.4758706528280734,2.170079685367939,-2.575843987770426,5.886005334542538,0.0,0.0,0.0,0.0,True
silbert12,800,8,200,191,9,0,0,6,148,2,44,1,0,194,5,0,24,1,175,True,0.1094322204589843,-_-_all,-2.333768574807138,-0.7215222839823433,2.177923069082184,1.138523478460069,-1.6079636631803351,1.6544347256902527,-1.820864537639655,2.1779230690821847,0.0,0.0,0.0,0.0,False,10.34354543685913,"GRT-{PI, PS(B), DS}",52,-2.871619951395528,-0.727902731986457,2.46693177126123,1.193489006667464,-1.8074543901918527,2.0232085012025403,-1.8074543901918527,2.0232085012025403,0.0,0.0,0.0,0.0,-2.412724256515503,-0.8317388296127319,2.4457921981811523,1.223478078842163,-1.7414454221725464,1.8249611854553223,-1.916917085647583,2.4706802368164062,-0.015290118753910065,-0.022291909903287888,0.0051431371830403805,-0.11358263343572617,True,-5.166776683651632,-0.7388618974179892,2.575829303548901,1.174986809221879,-1.6953977102721358,1.7507312640659818,-1.959956716509025,2.5758302794296353,0.0,0.0,0.0,0.0,True
silbert12,800,9,200,189,7,4,0,6,145,1,48,3,0,195,2,0,43,3,154,True,0.1024718284606933,-_PS(B)_all,-1.8895099603334304,-0.6744897501960819,1.9684210848744936,0.7702080818754756,-1.854095557368236,1.820864537639655,-1.854095557368236,1.820864537639655,0.0,0.0,0.0,0.0,False,10.883062601089478,"GRT-{PI, PS(B), DS}",52,-2.0365630398996064,-0.7128238549544614,1.991227531878308,0.7829478023978518,-2.090554932171886,1.938638119216331,-2.090554932171886,1.938638119216331,0.0,0.0,0.0,0.0,-2.1361520290374756,-0.7395063042640686,2.2342700958251953,0.8380106091499329,-1.9410650730133057,1.8907428979873657,-2.233262062072754,2.154245138168335,-0.1745205819606781,-0.034721046686172485,0.014681093394756317,-0.22659771144390106,True,-2.0537489106318225,-0.6903088239330339,2.1700903775845606,0.7891916526582226,-1.8119106729525973,1.8119106729525978,-2.3263478740408408,2.1700903775845606,0.0,0.0,0.0,0.0,True
silbert12,800,10,200,182,17,1,0,5,146,0,49,0,0,196,4,0,25,1,174,True,0.0989837646484375,-_-_all,-2.1779230690821847,-0.6744897501960819,2.333768574807139,1.1153373577337862,-1.3216806647837744,1.820864537639655,-1.8895099603334304,2.1779230690821847,0.0,0.0,0.0,0.0,False,10.642911434173584,"GRT-{1_RHO, PS(B), DS}",52,-2.4735540082803924,-0.7058368823799352,2.692382837808164,1.1341208479214733,-1.638205747347928,2.4260660488903967,-1.638205747347928,2.4260660488903967,0.1578664254313501,0.1578664254313501,0.1578664254313501,0.1578664254313501,-2.3373327255249023,-0.7998531460762024,2.4884519577026367,1.2121882438659668,-1.414279580116272,2.082559585571289,-1.989345669746399,2.503532648086548,-0.04105554521083832,0.22217373549938202,-0.00041641443385742605,-0.0806664451956749,True,-2.5758200623228555,-0.6902100579139396,4.766057211236938,1.150412095741738,-1.3721999479567009,1.9599638388065512,-2.0537489106318225,2.5758393997561893,0.0,0.0,0.0,0.0,True
silbert12,400,1,100,98,1,1,0,1,72,0,27,1,0,98,1,0,19,0,81,True,0.1150813102722168,-_PS(B)_none,-1.8980286526220016,-0.5870724377651348,1.8980286526220016,0.8295694180889911,-1.8980286526220016,1.9766878672442767,-1.8980286526220016,1.9766878672442767,0.689929966105847,-0.0668743441609779,-0.689929966105847,0.3531185748667463,False,11.243886709213257,"GRT-{PI, PS(B), DS}",52,-2.5158219245700426,-0.6057004324770825,2.192675476275931,0.8619031175004417,-2.36669344172848,2.430826210356432,-2.36669344172848,2.430826210356432,0.0,0.0,0.0,0.0,-2.1590960025787354,-0.6894049048423767,2.301145076751709,0.9135586619377136,-2.3465354442596436,2.5257225036621094,-2.342644453048706,2.618825912475586,0.008967912755906582,0.15084241330623627,0.1393580436706543,0.05995183810591698,True,-2.326348077189665,-0.6128119593984955,2.3263477498247638,0.8778973266693605,-2.3263478740408408,2.575829482155336,-2.3263478740408408,2.575829482155336,0.0,0.0,0.0,0.0,True
silbert12,400,2,100,92,8,0,0,4,71,0,25,2,0,95,3,0,10,1,89,True,0.0904653072357177,-_PS(B)_all,-2.069901830895052,-0.6445316061066134,1.7688250385187068,1.1983797023069247,-1.460215818436355,1.713946992124204,-1.460215818436355,1.713946992124204,0.0,0.0,0.0,0.0,False,9.601582050323486,"GRT-{PI, PS(B), DS}",52,-2.731373725123364,-0.7201462790940085,1.9970539314458493,1.3062591090578008,-1.5484150062156228,1.8325004820946755,-1.5484150062156228,1.8325004820946755,0.0,0.0,0.0,0.0,-2.308410406112671,-0.7988381385803223,2.1106414794921875,1.2853004932403564,-1.5013972520828247,1.8572497367858887,-1.7579363584518433,2.255760908126831,0.06736577302217484,0.26140832901000977,0.2369670867919922,-0.024374641478061676,True,-5.541283523505398,-0.6744608826810551,2.0537432887388762,1.2815481882493294,-1.405054377015283,1.7506592143692872,-1.8807928873562876,2.3263484201092046,0.0,0.0,0.0,0.0,True
silbert12,400,3,100,98,2,0,0,2,69,2,27,0,0,98,2,0,12,0,88,True,0.1168725490570068,-_PS(B)_none,-2.069901830895052,-0.5419422989548172,2.069901830895052,1.0721491566988135,-1.7688250385187063,1.7688250385187063,-1.7688250385187063,1.7688250385187063,0.7290263295299433,-0.2490294833177913,-0.7290263295299432,0.4961020296056221,False,11.421409368515016,"GRT-{1_RHO, PS(B), DS}",52,-2.6747136825923725,-0.5452133796676515,2.7139580268402703,1.158426310869992,-2.0622576386287648,2.066295537328747,-2.0622576386287648,2.066295537328747,-0.2581257502957606,-0.2581257502957606,-0.2581257502957606,-0.2581257502957606,-2.2871131896972656,-0.6428016424179077,2.488848924636841,1.2088768482208252,-2.061440944671631,1.9468140602111816,-2.097825050354004,2.4045603275299072,-0.027964554727077484,-0.1408265233039856,-0.0378897525370121,-0.046746596693992615,True,-5.9958597690014,-0.5534141654808357,5.995055018848753,1.1750006342113273,-2.0537489106318225,1.7506737283293026,-2.0537826718701795,5.994910208316141,0.0,0.0,0.0,0.0,True
silbert12,400,4,100,89,10,1,0,4,71,0,25,1,0,98,1,0,13,0,87,True,0.1089961528778076,-_-_all,-1.8980286526220016,-0.6445316061066135,1.898028652622002,1.061502629704576,-1.198379702306925,1.574444965217043,-1.8980286526220016,2.069901830895052,0.0,0.0,0.0,0.0,True,10.008318901062012,"GRT-{PI, PS(B), DS}",0,-2.4503701434661576,-0.6614932531433679,2.260784447737972,1.1496328410428016,-1.5995729523194475,2.363641414257071,-1.5995729523194475,2.363641414257071,0.0,0.0,0.0,0.0,-2.2388672828674316,-0.7336500287055969,2.2806801795959473,1.1746395826339722,-1.325777530670166,1.8913064002990723,-2.3096768856048584,2.5073063373565674,-0.04375447705388069,0.26423054933547974,0.11582952737808228,0.052275389432907104,True,-2.3263486707631635,-0.6745049184141396,2.3263198918425245,1.1263877941066212,-1.2815856955357647,1.7506602666980073,-2.3263626367466688,5.938058194873896,0.0,0.0,0.0,0.0,True
silbert12,400,5,100,92,6,2,0,1,76,0,23,2,0,98,0,0,17,0,83,True,0.1159689426422119,-_-_all,-1.7688250385187068,-0.7050658929000242,1.7688250385187072,0.905152475028504,-1.4260768722728474,1.8980286526220016,-2.0699018308950525,2.069901830895052,0.0,0.0,0.0,0.0,False,10.082311153411863,"GRT-{PI, PS(B), DS}",52,-2.03225633511157,-0.7375601047430296,2.0392841469823813,0.948298012758498,-1.91995670749508,2.470467163335339,-1.91995670749508,2.470467163335339,0.0,0.0,0.0,0.0,-2.170898675918579,-0.7713081240653992,2.09238338470459,0.9761185646057129,-1.6515936851501465,2.444732666015625,-2.497725486755371,2.6749930381774902,-0.08740352839231491,0.09513691067695618,-0.011849265545606613,0.0012283260002732277,True,-2.05371430689566,-0.7387830897949448,2.053748910631823,0.9541514007053895,-1.5547434471401294,2.3263424180598973,-5.5046003542007425,5.504322396586086,0.0,0.0,0.0,0.0,True
silbert12,400,6,100,95,4,1,0,1,80,0,19,2,0,95,3,0,12,0,88,True,0.0978274345397949,-_PS(B)_all,-1.8980286526220016,-0.8347718934067763,1.7688250385187068,1.1048357439621106,-1.6175054010454528,1.9766878672442767,-1.6175054010454528,1.9766878672442767,0.0,0.0,0.0,0.0,False,10.279298067092896,"GRT-{PI, PS(B), DS}",52,-2.3547644281404856,-0.87320681081856,2.00461168661952,1.1705570908219092,-1.8118514263786587,2.3034449868760927,-1.8118514263786587,2.3034449868760927,0.0,0.0,0.0,0.0,-2.3314952850341797,-0.920825719833374,2.1031556129455566,1.2197662591934204,-1.8089392185211182,2.544895887374878,-1.847041368484497,2.6268303394317627,0.050949398428201675,0.18047398328781128,0.15044523775577545,0.04511526599526405,True,-2.3263476344581733,-0.8778957640061316,2.053748910631823,1.1749867941501275,-1.811910666598918,2.5758295694252586,-1.811910666598918,2.5758295694252586,0.0,0.0,0.0,0.0,True
silbert12,400,7,100,94,2,4,0,3,81,0,16,0,0,98,2,0,14,0,86,True,0.103126049041748,-_PS(B)_all,-1.574444965217043,-0.9420757749957764,2.069901830895052,1.020076232786202,-1.7688250385187063,1.829613909618476,-1.7688250385187063,1.829613909618476,0.0,0.0,0.0,0.0,False,10.53526210784912,"GRT-{PI, PS(B), DS}",52,-1.7485590212005624,-0.9895203214746364,2.9741473043569187,1.061473682450064,-2.4060715964125223,2.419481287005641,-2.4060715964125223,2.419481287005641,0.0,0.0,0.0,0.0,-1.8132144212722778,-1.0291062593460083,2.472240686416626,1.1096841096878052,-2.073564052581787,2.1451330184936523,-2.126925468444824,2.4623894691467285,-0.03855894133448601,0.1937328279018402,0.005060863681137562,0.02201751619577408,True,-1.7506848143265186,-0.9943847351240263,5.466411755156464,1.0803164585739387,-2.0537472424030914,1.8806959179297014,-2.0537303912838376,5.466536609151986,0.0,0.0,0.0,0.0,True
silbert12,400,8,100,96,4,0,0,0,69,1,30,2,0,95,3,0,14,2,84,True,0.1007447242736816,-_PS(B)_all,-2.069901830895052,-0.475240750513245,1.7688250385187068,1.020076232786202,-1.617505401045453,1.829613909618476,-1.617505401045453,1.829613909618476,0.0,0.0,0.0,0.0,False,11.229243993759155,"GRT-{PI, PS(B), DS}",52,-2.67644154491368,-0.5062498068802843,1.8791797660328904,1.0755833732978264,-2.0682569694687265,2.469419673850428,-2.0682569694687265,2.469419673850428,0.0,0.0,0.0,0.0,-2.232738733291626,-0.5962936282157898,2.131237506866455,1.0919123888015747,-1.8108373880386353,2.2880735397338867,-1.8191815614700317,2.2406508922576904,-0.1137949749827385,-0.25305861234664917,-0.06057216599583626,-0.20647136867046356,True,-5.808137916830795,-0.495849126700687,2.0537480250215485,1.0803127596180495,-1.8119602469947638,2.1700897968197443,-1.8119602469947638,2.1700897968197443,0.0,0.0,0.0,0.0,True
silbert12,400,9,100,97,1,2,0,1,67,0,32,1,0,98,1,0,11,0,89,True,0.101841926574707,-_PS(B)_none,-1.7688250385187063,-0.4485130651509211,1.8980286526220016,1.1414156559448636,-1.8980286526220016,1.9766878672442767,-1.8980286526220016,1.9766878672442767,0.6232224147540941,-0.0075713854313831,-0.689929966105847,0.4861887467849386,False,11.801900386810305,"GRT-{PI, PS(B), DS}",52,-2.112359186373208,-0.4732131422524268,2.203507172095716,1.262033306828405,-2.430383310614129,2.401285124030044,-2.430383310614129,2.401285124030044,0.0,0.0,0.0,0.0,-2.1098036766052246,-0.520075798034668,2.3684780597686768,1.237716794013977,-2.3635315895080566,2.5168540477752686,-2.3563742637634277,2.5846147537231445,0.02225712686777115,0.15479837357997894,0.11480986326932907,0.0306736808270216,True,-2.0537487822114793,-0.4676949062695381,2.32634800414414,1.226528333538635,-2.3263478740408408,2.5758459679190935,-2.3263478740408408,2.5758459679190935,0.0,0.0,0.0,0.0,True
silbert12,400,10,100,97,3,0,0,1,78,1,20,0,0,98,2,0,8,1,91,True,0.0901048183441162,-_PS(B)_none,-2.0898159657528943,-0.7730005896790012,2.0458317678981257,1.2969061669409745,-1.7139469921242036,1.829613909618476,-1.7139469921242036,1.829613909618476,0.6790266298411777,-0.3479750308713762,-0.7357908193512308,0.4044839907342057,False,11.93814253807068,"GRT-{PI, PS(B), DS}",52,-2.4143610212150715,-0.8178462197138272,3.402159948450433,1.438178053076581,-1.9154707791094,2.4659501602979432,-1.9154707791094,2.4659501602979432,0.0,0.0,0.0,0.0,-2.4209985733032227,-0.878021240234375,2.5076053142547607,1.4415984153747559,-1.9528372287750244,2.133327007293701,-1.9925988912582397,2.2209174633026123,-0.07399381697177887,-0.20908837020397186,-0.11587414145469666,-0.1682538092136383,True,-5.571793271827947,-0.8063663024338,5.571680413606243,1.405072615566617,-1.9599371248921955,2.1700826400650137,-1.9599371248921955,2.1700826400650137,0.0,0.0,0.0,0.0,True
silbert12,200,1,50,46,4,0,0,2,34,0,14,0,0,50,0,0,5,0,45,True,0.1051266193389892,-_PS(B)_none,-1.85660012309818,-0.532411094481249,1.600626581477088,1.094982028520808,-1.4461035929181756,1.5932188180230509,-1.4461035929181756,1.5932188180230509,0.5384419713686674,0.0697419968506843,-0.856017493115386,0.5440757220947444,False,9.339446306228638,"GRT-{PI, PS(B), DS}",52,-3.111106802390953,-0.5727475516478049,2.901831951044394,1.284137390463722,-1.7480149935350553,2.058494385835348,-1.7480149935350553,2.058494385835348,0.0,0.0,0.0,0.0,-2.2503533363342285,-0.7070209383964539,2.415203809738159,1.2961846590042114,-1.5102148056030273,1.8616235256195068,-2.3281984329223633,2.4087042808532715,0.0601193942129612,0.2520112693309784,0.06170155480504036,0.07159052044153214,True,-5.903521624262699,-0.5828521280428473,5.903399350323492,1.2815113707200265,-1.4050715603096329,1.7507580072289919,-5.903313726688699,5.903384166956923,0.0,0.0,0.0,0.0,True
silbert12,200,2,50,44,5,1,0,0,36,0,14,0,0,49,1,0,5,0,45,True,0.1064395904541015,-_PS(B)_all,-1.5932188180230509,-0.5350828150863223,1.7861555612610776,1.1281436452787637,-1.3249576888929775,1.7861555612610776,-1.3249576888929775,1.7861555612610776,0.0,0.0,0.0,0.0,False,10.062024354934692,"GRT-{PI, PS(B), DS}",52,-2.1203225191912347,-0.5822923846950787,2.683197237561097,1.289628385252839,-1.5253414510136518,3.630866108969094,-1.5253414510136518,3.630866108969094,0.0,0.0,0.0,0.0,-2.1051175594329834,-0.6352850198745728,2.410496234893799,1.3351449966430664,-1.4125638008117676,2.618614435195923,-1.9278124570846558,2.630500555038452,-0.12490127235651016,-0.06250370293855667,-0.04520444944500923,-0.06472879648208618,True,-2.0536286755711615,-0.5828388594729099,5.6156488842535435,1.281567084489418,-1.5547642770846875,6.771606732319044,-1.5547642770846875,6.771606732319044,0.0,0.0,0.0,0.0,True
silbert12,200,3,50,45,5,0,0,1,38,1,10,1,0,49,0,0,11,0,39,True,0.1122744083404541,-_PS(B)_all,-1.786155561261077,-0.7039217888285136,1.5932188180230509,0.7039217888285136,-1.3829941271006383,1.5932188180230509,-1.3829941271006383,1.5932188180230509,0.0,0.0,0.0,0.0,True,9.043641090393066,"GRT-{PI, PS(B), DS}",0,-3.1995222781702304,-0.780491002255153,2.4500259437372454,0.7865556014723345,-1.6860246081590458,2.082084991083291,-1.6860246081590458,2.082084991083291,0.0,0.0,0.0,0.0,-2.3128676414489746,-0.7975302338600159,2.016885995864868,0.8388009667396545,-1.390761137008667,1.8679460287094116,-2.3628122806549072,2.4006412029266357,-0.06338546425104141,-0.1963927447795868,-0.10137920081615448,-0.09312177449464798,True,-5.819622497236236,-0.7722084559866845,2.0537813862600576,0.772087706625602,-1.2815895116920366,1.7507021014191544,-5.819612377865778,5.819240814549437,0.0,0.0,0.0,0.0,True
silbert12,200,4,50,47,2,1,0,0,35,0,15,0,0,50,0,0,6,1,43,True,0.1222925186157226,-_PS(B)_all,-1.5932188180230509,-0.4822482148379233,1.7861555612610776,1.0444087948725964,-1.5932188180230509,1.6818775202575995,-1.5932188180230509,1.6818775202575995,0.0,0.0,0.0,0.0,True,10.311639547348022,"GRT-{PI, PS(B), DS}",0,-1.9869763707672872,-0.5483043044364011,2.3294376296851835,1.1980708077869997,-2.1513095450327864,2.436788757252362,-2.1513095450327864,2.436788757252362,0.0,0.0,0.0,0.0,-2.026742458343506,-0.5648708939552307,2.371410608291626,1.2367116212844849,-1.9826511144638062,2.464784860610962,-2.313845634460449,2.2387993335723877,-0.18395479023456573,-0.13460245728492737,-0.13183578848838806,-0.24438171088695526,True,-2.0537489106318225,-0.5244021673879005,5.727736084945542,1.1749881856847026,-1.7506860712521692,5.727434274905712,-5.72743034376032,2.053729514978726,0.0,0.0,0.0,0.0,True
silbert12,200,5,50,47,3,0,0,0,35,0,15,0,0,49,1,0,5,0,45,True,0.0945737361907959,-_PS(B)_all,-1.7861555612610776,-0.4822482148379232,1.7861555612610778,1.1281436452787637,-1.4461035929181756,1.7861555612610776,-1.4461035929181756,1.7861555612610776,0.0,0.0,0.0,0.0,False,9.171627283096312,"GRT-{PI, PS(B), DS}",52,-3.2817156446361126,-0.5358695862326206,3.337808532436612,1.286710213675173,-1.757734925196357,5.868439963234024,-1.757734925196357,5.868439963234024,0.0,0.0,0.0,0.0,-2.1837961673736572,-0.6253567337989807,2.464998483657837,1.3128350973129272,-1.7642086744308472,2.6083731651306152,-1.8631088733673096,2.6431946754455566,0.01118750125169754,-0.019918225705623627,0.02564316801726818,-0.01521175168454647,True,-5.898279235030141,-0.5244004330830081,5.8982353804026655,1.2815580197500251,-1.7506842111078784,7.363460524203032,-1.7506842111078784,7.363460524203032,0.0,0.0,0.0,0.0,True
silbert12,200,6,50,47,3,0,0,3,37,1,9,0,0,50,0,0,7,0,43,True,0.1010282039642334,-_PS(B)_none,-1.851597811155853,-0.7804339275684264,1.6411324189222616,0.9171587741402132,-1.5155640243888735,1.4461035929181756,-1.5155640243888735,1.4461035929181756,0.5870647354249348,-0.1877224505955327,-0.8512071742089403,0.4862604312958722,True,9.521517038345335,"GRT-{PI, PS(B), DS}",0,-2.728870906361,-0.8366270207941819,3.012160229466276,1.0776414505908152,-1.8834975372017,1.7523058883461755,-1.8834975372017,1.7523058883461755,0.0,0.0,0.0,0.0,-2.3621666431427,-0.9000511765480042,2.391714096069336,1.1356453895568848,-1.7167178392410278,1.3991155624389648,-2.3871567249298096,2.4635488986968994,-0.00011657863797154278,-0.04044203460216522,-0.07441753149032593,-0.02287578023970127,True,-5.299286165873748,-0.841683024570543,5.299263051114443,1.080279318200969,-1.5547779307207723,1.4050315089957968,-5.299293298767903,5.299262102676001,0.0,0.0,0.0,0.0,True
silbert12,200,7,50,50,0,0,0,1,38,1,10,0,0,47,3,0,7,0,43,True,0.1266422271728515,-_PS(B)_none,-1.6414228952965488,-0.7207384475153363,1.8520067959486424,0.9419709534728552,-1.5155640243888735,1.5932188180230509,-1.5155640243888735,1.5932188180230509,0.8509761977964831,-0.356998127341561,-0.5864041008444644,0.468052678832442,True,8.25404977798462,"GRT-{PI, PS(B), DS}",0,-2.898977786638605,-0.7798481532979737,2.723523747840504,1.0793548616499486,-2.074596846369464,2.375968537635038,-2.074596846369464,2.375968537635038,0.0,0.0,0.0,0.0,-2.2612385749816895,-0.8184103965759277,2.3662924766540527,1.1284704208374023,-2.387774705886841,1.9580373764038086,-1.7503739595413208,2.3619980812072754,0.0583270899951458,-0.15456423163414001,-0.036532167345285416,-0.016591079533100128,True,-5.804635470163842,-0.7721944778684614,5.804769973288646,1.0803285978926407,-5.804635470163842,1.7507730153867933,-1.5547725326222925,5.804539730706142,0.0,0.0,0.0,0.0,True
silbert12,200,8,50,46,4,0,0,4,37,0,9,0,0,48,2,0,7,0,43,True,0.120051622390747,-_PS(B)_all,-1.786155561261077,-0.8284646485811346,1.7861555612610776,0.9674215661017008,-1.3249576888929775,1.4461035929181756,-1.3249576888929775,1.4461035929181756,0.0,0.0,0.0,0.0,True,9.460742712020874,"GRT-{PI, PS(B), DS}",0,-3.2841434351917185,-0.9171313167292952,2.7635816038551813,1.0995961446963838,-1.5688691873741951,1.7736699027324612,-1.5688691873741951,1.7736699027324612,0.0,0.0,0.0,0.0,-2.3499367237091064,-0.9803645610809326,2.4179117679595947,1.142020344734192,-1.4991728067398071,1.5170409679412842,-1.7248104810714722,2.4087822437286377,0.1540093868970871,0.31776368618011475,0.08675243705511093,0.12151438742876053,True,-5.968749721045264,-0.9153074539856608,5.968812605542998,1.080363112268521,-1.4050624582942763,1.4050967359805362,-1.75067571912262,5.96879819256348,0.0,0.0,0.0,0.0,True
silbert12,200,9,50,46,3,1,0,2,27,1,20,1,0,49,0,0,9,1,40,True,0.1152291297912597,-_PS(B)_all,-1.5932188180230504,-0.1867561210637373,1.5932188180230509,0.8284646485811347,-1.5155640243888735,1.4461035929181756,-1.5155640243888735,1.4461035929181756,0.0,0.0,0.0,0.0,False,10.51927375793457,"GRT-{PI, PS(B), DS}",52,-2.105246035919633,-0.1980316325470776,2.0890367828475003,0.9058051724990674,-1.877033932170288,1.7970741862236623,-1.877033932170288,1.7970741862236623,0.0,0.0,0.0,0.0,-1.977535367012024,-0.36337345838546753,2.0323102474212646,0.9697343707084656,-1.687534213066101,1.5454455614089966,-2.3243906497955322,2.0382001399993896,-0.13582365214824677,-0.058660849928855896,-0.06611420959234238,-0.17575092613697052,True,-2.0537473544577285,-0.20190166433214066,2.0537893580202566,0.9153719934740239,-1.554771812280598,1.5548726892028684,-5.791708116584682,2.0537503772847505,0.0,0.0,0.0,0.0,True
silbert12,200,10,50,48,2,0,0,1,34,0,15,2,0,48,0,0,2,0,48,True,0.0970313549041748,-_PS(B)_none,-1.8412353742504253,-0.4827578523687942,1.3893581650418043,1.417368701639668,-1.5932188180230509,1.6818775202575995,-1.5932188180230509,1.6818775202575995,0.6471857576314305,-0.0249111165151977,-0.6935314141456151,0.6799414862227701,False,10.04275131225586,"GRT-{PI, PS(B), DS}",52,-2.783432190684068,-0.481630119801899,1.735405076428184,1.7253089373333168,-2.07374719472699,2.442242789412428,-2.07374719472699,2.442242789412428,0.0,0.0,0.0,0.0,-2.213198661804199,-0.6165351867675781,1.720063328742981,1.7891427278518677,-1.9348461627960205,2.151796579360962,-2.3447420597076416,2.462961196899414,0.07906517386436462,0.212509423494339,0.06923629343509674,0.08703004568815231,True,-6.035920846791731,-0.5243992700464908,1.7506851411749023,1.7506801563787533,-1.7506804311631978,2.0537553417159287,-6.035906877621187,6.036033551487921,0.0,0.0,0.0,0.0,True
silbert12,100,1,25,24,1,0,0,0,18,0,7,1,0,24,0,0,4,0,21,True,0.1111986637115478,-_PS(B)_all,-1.4835398594012972,-0.4948731635686236,1.262145176622808,0.8172368220293998,-1.3644887481703285,1.483539859401297,-1.3644887481703285,1.483539859401297,0.0,0.0,0.0,0.0,True,9.955596446990969,"GRT-{PI, PS(B), DS}",0,-2.325190092159544,-0.5699526509712491,1.7005061321028243,1.0032475513101375,-2.084414795410857,3.29425935748389,-2.084414795410857,3.29425935748389,0.0,0.0,0.0,0.0,-2.2032034397125244,-0.6720126271247864,1.721364140510559,1.0448826551437378,-1.9964100122451782,2.499225378036499,-2.271456718444824,2.517930507659912,0.026483869180083275,0.0070985411293804646,0.0028453951235860586,-0.007331044878810644,True,-5.9380874852614545,-0.5828464600900201,1.7506931546373832,0.9944754545713275,-2.0538970080902135,6.19604496248846,-2.0538970080902135,6.19604496248846,0.0,0.0,0.0,0.0,True
silbert12,100,2,25,25,0,0,0,0,20,0,5,0,0,24,1,0,3,0,22,True,0.0982224941253662,-_PS(B)_all,-1.4835398594012972,-0.7018725954219606,1.483539859401297,0.944669591394476,-1.364488748170328,1.4835398594012972,-1.364488748170328,1.4835398594012972,0.0,0.0,0.0,0.0,False,11.615979671478271,"GRT-{PI, PS(B), DS}",52,-2.661708923037464,-0.8656772491678928,3.000824484526835,1.3031021842861374,-2.10344429139341,4.735929362604267,-2.10344429139341,4.735929362604267,0.0,0.0,0.0,0.0,-2.2161591053009033,-0.8944031596183777,2.2750632762908936,1.278669834136963,-2.1637046337127686,2.504913091659546,-1.9874260425567627,2.527323007583618,0.04715351015329361,0.05025814101099968,0.01739472895860672,0.04612426832318306,True,-5.872929377380524,-0.8416053042424124,5.872940234959646,1.1749633243440134,-2.0537448317827325,6.1217986165301115,-2.0537448317827325,6.1217986165301115,0.0,0.0,0.0,0.0,True
silbert12,100,3,25,25,0,0,0,0,15,0,10,0,0,25,0,0,5,0,20,True,0.1098792552947998,-_PS(B)_all,-1.4835398594012974,-0.2177983799273988,1.483539859401297,0.7018725954219606,-1.4835398594012972,1.483539859401297,-1.4835398594012972,1.483539859401297,0.0,0.0,0.0,0.0,True,8.179383754730225,"GRT-{PI, PS(B), DS}",0,-2.830759153478005,-0.2456510009531629,2.736692835366745,0.845960825847345,-4.351531505779813,3.912597777910391,-4.351531505779813,3.912597777910391,0.0,0.0,0.0,0.0,-2.064877510070801,-0.44386813044548035,2.2111098766326904,0.9416917562484741,-2.4488556385040283,2.459047794342041,-2.4614243507385254,2.4740774631500244,0.020569585263729095,0.0421096533536911,-0.01956421323120594,0.03580950200557709,True,-8.463453782647012,-0.253323425023258,8.463742165351997,0.8415854797552569,-7.237315179355003,7.23696105625778,-7.237315179355003,7.23696105625778,0.0,0.0,0.0,0.0,True
silbert12,100,4,25,24,1,0,0,2,18,0,5,0,0,24,1,0,7,1,17,True,0.0976970195770263,-_PS(B)_all,-1.4835398594012972,-0.7018725954219606,1.483539859401297,0.4948731635686237,-1.262145176622808,1.1715461713027622,-1.262145176622808,1.1715461713027622,0.0,0.0,0.0,0.0,False,9.21013355255127,"GRT-{PI, PS(B), DS}",52,-2.620050656249235,-0.851471117234383,2.6767290389972573,0.580199768931251,-1.736625713348313,1.5175727049876824,-1.736625713348313,1.5175727049876824,0.0,0.0,0.0,0.0,-2.2410497665405273,-0.927490234375,2.184854030609131,0.6860436797142029,-1.7392621040344238,1.6662122011184692,-1.7241629362106323,1.7050930261611938,0.01117058377712965,0.16277910768985748,0.011692442931234837,-0.11290428042411804,True,-5.677122900053208,-0.8415999720549757,5.6770405511515225,0.582896995517591,-1.7506995750146355,1.5548275703370311,-1.7506995750146355,1.5548275703370311,0.0,0.0,0.0,0.0,True
silbert12,100,5,25,23,2,0,0,1,18,0,6,0,0,25,0,0,4,0,21,True,0.0940263271331787,-_PS(B)_all,-1.4835398594012972,-0.5951785333332777,1.4835398594012972,0.8172368220293998,-1.262145176622808,1.3644887481703285,-1.262145176622808,1.3644887481703285,0.0,0.0,0.0,0.0,False,9.903210878372192,"GRT-{PI, PS(B), DS}",52,-3.024322202097979,-0.7250023202785916,3.055899368664158,1.0020193476132055,-1.7624868528138866,2.477866593876199,-1.7624868528138866,2.477866593876199,0.0,0.0,0.0,0.0,-2.2139699459075928,-0.7526000738143921,2.224566698074341,1.0971543788909912,-1.5900360345840454,1.808843970298767,-2.2152326107025146,2.322188377380371,0.05287160351872444,0.17818744480609894,0.02255675569176674,0.03381672874093056,True,-5.917876967177686,-0.7062933442394718,5.918039827122393,0.9944723968844338,-1.4050715603096329,1.750692929108481,-5.916945473428222,5.919514537138063,0.0,0.0,0.0,0.0,True
silbert12,100,6,25,25,0,0,0,0,15,0,10,1,0,24,0,0,3,0,22,True,0.1074028015136718,-_PS(B)_all,-1.4835398594012974,-0.2177983799273988,1.262145176622808,0.944669591394476,-1.4835398594012974,1.4835398594012972,-1.4835398594012974,1.4835398594012972,0.0,0.0,0.0,0.0,False,8.372097969055176,"GRT-{PI, PS(B), DS}",52,-2.3128190576094245,-0.2606496402498988,1.77072398380346,1.1706750966006982,-2.6822740372831286,3.956113548212504,-2.6822740372831286,3.956113548212504,0.0,0.0,0.0,0.0,-2.054269790649414,-0.44733941555023193,1.7012215852737427,1.220696210861206,-2.458646059036255,2.4802801609039307,-2.481884241104126,2.531344413757324,0.07840074598789215,0.05038325861096382,0.04546160250902176,0.08776605874300003,True,-6.576230337899601,-0.25334629390974794,1.7506898152848618,1.1749911837127658,-6.4212892244761814,6.421049745487437,-6.4212892244761814,6.421049745487437,0.0,0.0,0.0,0.0,True
silbert12,100,7,25,24,1,0,0,1,16,1,7,0,0,24,1,0,2,0,23,True,0.1693363189697265,-_PS(B)_all,-1.4835398594012972,-0.3993230673495512,1.483539859401297,1.0896619819461075,-1.262145176622808,1.262145176622808,-1.262145176622808,1.262145176622808,0.0,0.0,0.0,0.0,False,11.066202163696287,"GRT-{PI, PS(B), DS}",52,-3.058560402351103,-0.4551741638383793,4.067726406699608,1.4181490992382844,-1.7262803311056618,1.742255160209621,-1.7262803311056618,1.742255160209621,0.0,0.0,0.0,0.0,-2.1393446922302246,-0.5742912292480469,2.290841579437256,1.49224853515625,-1.7259541749954224,1.6479228734970093,-1.7848156690597534,2.1833608150482178,0.02828165329992771,-0.08711940795183182,-0.02660444565117359,0.003830835921689868,True,-5.79672708206736,-0.46770000971849085,5.7966799011284005,1.4050547929632051,-1.7507109628859667,1.7506640444121042,-1.7507109628859667,1.7506640444121042,0.0,0.0,0.0,0.0,True
silbert12,100,8,25,24,1,0,0,0,19,0,6,1,0,23,1,0,2,1,22,True,0.1003162860870361,-_PS(B)_all,-1.4835398594012972,-0.5951785333332777,1.2621451766228082,1.0896619819461073,-1.262145176622808,1.3644887481703285,-1.262145176622808,1.3644887481703285,0.0,0.0,0.0,0.0,False,9.46009087562561,"GRT-{PI, PS, DS}",52,-1.1717127309290074,-1.1717127309290074,1.584244657597095,1.584244657597095,-1.7155547145235823,2.1072120017125133,-1.7155547145235823,2.1072120017125133,0.0,0.0,0.0,0.0,-2.164916753768921,-0.7824521064758301,1.7468245029449463,1.4988054037094116,-1.7679518461227417,2.133420705795288,-1.7269706726074219,1.9813402891159058,0.013345427811145782,0.01843973435461521,0.06009285897016525,-0.08450573682785034,True,-5.489772562148104,-0.7063458167772866,1.7506146068385118,1.4048271973273798,-1.75088166794675,2.053830140130978,-1.75088166794675,2.053830140130978,0.0,0.0,0.0,0.0,True
silbert12,100,9,25,23,2,0,0,2,16,0,7,0,0,25,0,0,3,0,22,True,0.093738317489624,-_PS(B)_all,-1.4835398594012972,-0.4948731635686236,1.4835398594012972,0.9446695913944764,-1.262145176622808,1.262145176622808,-1.262145176622808,1.262145176622808,0.0,0.0,0.0,0.0,False,8.435539960861206,"GRT-{PI, PS(B), DS}",52,-2.6489608581242843,-0.5691931309351013,2.679993865866248,1.171801607548515,-1.8041781460873487,1.7291699760682415,-1.8041781460873487,1.7291699760682415,0.0,0.0,0.0,0.0,-2.1646015644073486,-0.6657841205596924,2.285431385040283,1.245908498764038,-1.6154142618179321,1.5458686351776123,-2.161283016204834,2.325021266937256,0.11218057572841644,0.26008522510528564,0.1052834764122963,0.12201885879039764,True,-5.669230529277007,-0.5827961951627512,5.669318344490141,1.174980074660318,-1.4050715603096329,1.4050715388563244,-5.669404071816494,5.669198834487605,0.0,0.0,0.0,0.0,True
silbert12,100,10,25,25,0,0,0,1,19,0,5,0,0,24,1,0,3,1,21,True,0.1005220413208007,-_PS(B)_all,-1.4835398594012972,-0.7018725954219601,1.483539859401297,0.9446695913944764,-1.364488748170328,1.262145176622808,-1.364488748170328,1.262145176622808,0.0,0.0,0.0,0.0,False,9.55043029785156,"GRT-{PI, PS(B), DS}",52,-1.967611072373069,-0.8664030254274422,2.32195354124095,1.177655435898477,-2.480425088390195,1.7118877048059913,-2.480425088390195,1.7118877048059913,0.0,0.0,0.0,0.0,-2.2590627670288086,-0.8890773057937622,2.275480031967163,1.3354668617248535,-2.177138328552246,1.8135792016983032,-1.9556399583816528,1.8469158411026,0.040135812014341354,0.151809424161911,0.02959931083023548,-0.07564181089401245,True,-5.147616878920521,-0.8416860797581109,5.14762798905549,1.1749814539581105,-2.0538605611532885,1.7506927210327325,-2.0538605611532885,1.7506927210327325,0.0,0.0,0.0,0.0,True
silbert12,48,1,12,12,0,0,0,0,10,1,1,0,0,12,0,0,0,0,12,True,0.0911464691162109,PS(A)_PS(B)_none,-0.91572968382508,-0.91572968382508,1.1185868679336908,1.1185868679336908,-1.0918262458100745,1.064146133722198,-1.0918262458100745,1.064146133722198,0.7094730280509024,-0.697932359731643,-0.710819150163832,0.7115499785001257,False,9.547367095947266,"GRT-{1_RHO, PS, DS}",52,-1.4736595142277142,-1.4736595142277142,3.0804994923387854,3.0804994923387854,-2.864042426091307,1.964422957118972,-2.864042426091307,1.964422957118972,-1.0,-1.0,-1.0,-1.0,-1.9979459047317505,-1.1634306907653809,2.3291101455688477,2.264273166656494,-2.2683897018432617,1.6753644943237305,-2.284776210784912,2.0090417861938477,-0.20469418168067932,-0.47221192717552185,-0.21677707135677338,-0.17989085614681244,True,-1.4754307222827194,-1.4754307222827194,5.633903581466493,5.633903581466493,-5.665659149366103,1.9145079938558962,-5.665659149366103,1.9145079938558962,-0.9999757968174715,-0.9999757968174715,-0.9999757968174715,-0.9999757968174715,True
silbert12,48,2,12,12,0,0,0,0,9,0,3,0,0,12,0,0,1,0,11,True,0.0923516750335693,PS(A)_PS(B)_all,-0.7764217611479276,-0.7764217611479276,1.0099901692495818,1.0099901692495818,-1.150349380376008,1.150349380376008,-1.150349380376008,1.150349380376008,0.0,0.0,0.0,0.0,False,9.046332120895386,"GRT-{PI, PS, DS}",52,-1.1464458557125143,-1.1464458557125143,1.7690635042855691,1.7690635042855691,-2.8852401547667985,3.537300482987312,-2.8852401547667985,3.537300482987312,0.0,0.0,0.0,0.0,-2.0191805362701416,-0.8682782649993896,2.0803749561309814,1.520653247833252,-2.2899832725524902,2.3142714500427246,-2.291879177093506,2.3073089122772217,0.013081882148981094,-0.0034432008396834135,0.016403349116444588,0.008429324254393578,True,-5.634189563917309,-0.6744982318230524,5.632381312622682,1.3830354428761507,-5.649146556971836,5.647891906052559,-5.649146556971836,5.647891906052559,0.0,0.0,0.0,0.0,True
silbert12,48,3,12,11,1,0,0,0,10,0,2,0,0,12,0,0,4,0,8,True,0.0852930545806884,PS(A)_PS(B)_all,-0.8871465590188763,-0.8871465590188763,0.6744897501960818,0.6744897501960818,-1.0099901692495823,1.150349380376008,-1.0099901692495823,1.150349380376008,0.0,0.0,0.0,0.0,False,10.527659893035889,"GRT-{PI, PS, DS}",52,-1.4092254206829238,-1.4092254206829238,0.941818774201598,0.941818774201598,-1.6089590223313532,2.6240997666418657,-1.6089590223313532,2.6240997666418657,0.0,0.0,0.0,0.0,-2.0269367694854736,-1.0926786661148071,2.0342154502868652,0.6275222897529602,-1.6455186605453491,2.3601129055023193,-1.954124093055725,2.339116096496582,-0.008045399561524391,-0.04416903480887413,-0.051572684198617935,-0.022439541295170784,True,-6.028991987083661,-0.9674239415248589,6.029759393768664,0.430732284403171,-1.7316712645950985,6.259796152301816,-1.7316712645950985,6.259796152301816,0.0,0.0,0.0,0.0,True
silbert12,48,4,12,12,0,0,0,0,9,0,3,0,0,11,1,0,0,0,12,True,0.0980401039123535,PS(A)_PS(B)_all,-0.7764217611479276,-0.7764217611479276,1.150349380376008,1.150349380376008,-1.009990169249582,1.150349380376008,-1.009990169249582,1.150349380376008,0.0,0.0,0.0,0.0,False,9.397522449493408,"GRT-{PI, PS, DS}",52,-1.1276529170932852,-1.1276529170932852,3.110652200919678,3.110652200919678,-1.7601321853365717,3.033543359421901,-1.7601321853365717,3.033543359421901,0.0,0.0,0.0,0.0,-2.0377614498138428,-0.8510655164718628,2.320896625518799,2.2362287044525146,-2.0057382583618164,2.330552577972412,-1.6474499702453613,2.3183536529541016,0.037050824612379074,0.04832424595952034,0.06183205917477608,0.046355292201042175,True,-5.886555011557092,-0.6745171206199302,5.886597938169183,5.886595200891414,-1.7316666017941018,6.974617416642777,-1.7316666017941018,6.974617416642777,0.0,0.0,0.0,0.0,True
silbert12,48,5,12,11,1,0,0,0,11,0,1,0,0,12,0,0,1,0,11,True,0.0855212211608886,PS(A)_PS(B)_all,-1.009990169249582,-1.009990169249582,1.009990169249582,1.009990169249582,-1.0099901692495823,1.150349380376008,-1.0099901692495823,1.150349380376008,0.0,0.0,0.0,0.0,False,9.849520921707152,"GRT-{PI, PS, DS}",52,-1.7142800081191965,-1.7142800081191965,1.8125827339028984,1.8125827339028984,-1.711682350819228,2.843664598448775,-1.711682350819228,2.843664598448775,0.0,0.0,0.0,0.0,-2.0745182037353516,-1.5895336866378784,2.073171615600586,1.679419755935669,-1.6361371278762817,2.34304141998291,-2.0569007396698,2.379359483718872,0.023996761068701744,-0.009102875366806984,-0.0011893303599208593,-0.012040266767144203,True,-1.7316442446481934,-1.7316442446481934,1.731715497099411,1.731715497099411,-1.7316027042398854,5.6207697096048435,-1.7316027042398854,5.6207697096048435,0.0,0.0,0.0,0.0,True
silbert12,48,6,12,10,2,0,0,2,4,0,6,0,0,12,0,0,1,0,11,True,0.1617114543914795,-_PS(B)_all,-1.150349380376008,1.4169465773160063e-16,1.1503493803760083,0.8871465590188763,-0.8871465590188763,0.8871465590188763,-0.8871465590188763,0.8871465590188763,0.0,0.0,0.0,0.0,False,8.931365966796875,"GRT-{PI, PS(B), DS}",52,-2.376843541762582,0.0114760769771673,2.8380787753311503,1.4146822799993992,-1.3805985608438869,1.3974018231650829,-1.3805985608438869,1.3974018231650829,0.0,0.0,0.0,0.0,-1.9118574857711792,-0.3883172869682312,2.0920729637145996,1.4815973043441772,-1.1887530088424683,1.090059757232666,-2.005582332611084,2.1615707874298096,0.13232678174972534,0.32274481654167175,0.12474803626537323,0.10974989086389542,True,-6.25480180364748,-3.652246020895902e-05,6.257618864037671,1.3829978396617235,-0.967370568252944,0.9673792018408439,-6.25759946044943,6.2554440264440885,0.9999998591759255,0.9999998591759255,0.9999998591759255,0.9999998591759255,True
silbert12,48,7,12,11,1,0,0,0,7,0,5,0,0,11,1,0,2,0,10,True,0.0908389091491699,-_PS(B)_all,-1.1503493803760083,-0.1573106846101712,1.1503493803760083,0.6744897501960818,-0.8871465590188762,1.150349380376008,-0.8871465590188762,1.150349380376008,0.0,0.0,0.0,0.0,True,10.181061506271362,"GRT-{PI, PS(B), DS}",0,-2.853960440943546,-0.204383741485894,3.2687528825894305,0.9703698000057694,-1.388398494854224,4.7538288542577884,-1.388398494854224,4.7538288542577884,0.0,0.0,0.0,0.0,-2.022191047668457,-0.4955984354019165,2.0677621364593506,1.1207647323608398,-1.4293551445007324,2.302286148071289,-1.4040898084640503,2.2804489135742188,0.05857330188155174,0.02978523075580597,0.005833957344293594,0.039127957075834274,True,-5.458978490159777,-0.21034065042973416,5.45869630900654,0.967431051935204,-1.3829996868026282,5.2192079579834,-1.3829996868026282,5.2192079579834,0.0,0.0,0.0,0.0,True
silbert12,48,8,12,11,1,0,0,0,9,0,3,0,0,12,0,0,3,0,9,True,0.0863492488861084,PS(A)_PS(B)_all,-0.7764217611479276,-0.7764217611479276,0.7764217611479276,0.7764217611479276,-1.0099901692495823,1.150349380376008,-1.0099901692495823,1.150349380376008,0.0,0.0,0.0,0.0,False,9.120978116989136,"GRT-{PI, PS, DS}",52,-1.1414353440107807,-1.1414353440107807,1.1539142108681593,1.1539142108681593,-1.536401595953284,2.678634476336587,-1.536401595953284,2.678634476336587,0.0,0.0,0.0,0.0,-2.0351405143737793,-0.791654109954834,2.0362977981567383,0.837391197681427,-1.6443054676055908,2.3539326190948486,-2.047562837600708,2.3436594009399414,0.048673853278160095,-0.0292573980987072,-0.04604538530111313,0.004215117543935776,True,-6.358925979070934,-0.6744633623603596,6.359169691071551,0.6745234544868451,-1.7316647461293582,6.634337917811434,-1.7316647461293582,6.634337917811434,0.0,0.0,0.0,0.0,True
silbert12,48,9,12,12,0,0,0,0,10,0,2,0,0,12,0,0,6,0,6,True,0.0837984085083007,-_PS(B)_same_rho,-1.1370268581484342,-0.6766040550111312,1.159237409662116,-0.0001870267786518,-1.1484674661978564,1.1520289312697871,-1.1484674661978564,1.1520289312697871,-0.099034711399154,-0.099034711399154,-0.099034711399154,-0.099034711399154,False,8.41711688041687,"GRT-{PI, PS(B), DS}",52,-2.706462718695182,-0.942114252309519,3.719910908497484,-0.0049620159728882,-4.691827272234284,4.080108505721573,-4.691827272234284,4.080108505721573,0.0,0.0,0.0,0.0,-2.048978328704834,-1.0899628400802612,1.9459339380264282,0.3520267903804779,-2.3032405376434326,2.287090539932251,-2.2826273441314697,2.3227193355560303,-0.04488120600581169,-0.05499115586280823,-0.07860162109136581,-0.04350309073925018,True,-6.406097095193664,-0.967421615141859,6.4114664952028,-6.839038039251602e-08,-6.302891399191986,6.292174791158255,-6.302891399191986,6.292174791158255,0.0,0.0,0.0,0.0,True
silbert12,48,10,12,11,1,0,0,1,8,0,3,0,0,12,0,0,2,0,10,True,0.0836470127105712,PS(A)_PS(B)_all,-0.7764217611479277,-0.7764217611479277,0.8871465590188763,0.8871465590188763,-1.0099901692495823,1.0099901692495823,-1.0099901692495823,1.0099901692495823,0.0,0.0,0.0,0.0,False,10.288582563400269,"GRT-{PI, PS, DS}",52,-1.148135713991173,-1.148135713991173,1.3987069085705193,1.3987069085705193,-1.715489086437897,1.7588026041090132,-1.715489086437897,1.7588026041090132,0.0,0.0,0.0,0.0,-2.113400936126709,-0.8140089511871338,2.0655629634857178,1.146378517150879,-1.578035593032837,1.4809490442276,-2.0508434772491455,2.181597948074341,0.07016809284687042,0.19257749617099762,0.06985531002283096,0.067276231944561,True,-5.85877711024721,-0.6745117450680868,5.85876097236764,0.9674139100547371,-1.7316517339588133,1.7316630856012825,-1.7316517339588133,1.7316630856012825,0.0,0.0,0.0,0.0,True
